text,likes,comments,shares,time_posted,post_url,text_length,n_words,n_exclamation,n_question,n_emoji_token,n_hashtag
100% học sinh Việt Nam thi Olympic Vật lí châu Á đoạt huy chương,24,1,0,,https://www.facebook.com/phapluattp.vn/posts/pfbid0T8JGQUqjpyBT5NzoWKPUTuyakVPecDy2X8g8tf6aLRpWUYGcRmH8LP3yL41pt1T3l,64.0,14.0,0.0,0.0,0.0,0.0
"(PLO)- TP.HCM huy động hệ thống y tế khám sức khỏe định kỳ toàn dân, tổ chức khu khám riêng, tăng cường khám cuối tuần và đồng bộ dữ liệu sức khỏe điện tử.

#plo #baophapluattp #baophapluattphcm",21,1,0,,https://www.facebook.com/phapluattp.vn/posts/pfbid02wbE6nzGcZNwTrVvhA6yS3y2YyUoWfvAdpfWFQGeGpqdE8CJx1PzCC3iNyM1qtL3Cl,194.0,37.0,0.0,0.0,0.0,3.0
"(PLO)- Ông Trump nói đàm phán với Iran cơ bản đã xong, sắp công bố thỏa thuận; Pakistan nói đàm phán với Iran đạt “tiến triển đáng khích lệ”; Iran nói đàm phán với Mỹ đang có “bước tiến tích cực”.

#plo #baophapluattp #baophapluattphcm",18,0,1,,https://www.facebook.com/phapluattp.vn/posts/pfbid029i71RpHNpD7DGSzqUKxf64QhEuUUTneAXvtVAdGDzy8nxcHUJD9xianc6jyZ2hD7l,235.0,44.0,0.0,0.0,0.0,3.0
"Khoai Lang Thang chia sẻ lại những bức hình thời sinh viên rồi đến khi mới ra trường, những chuyến đi đầu tiên của mình trong hành trình làm vlog du lịch...

""10 năm sau, hay 20 năm sau. Hay 30 năm sau nữa… 
Những chuyến đi này sẽ là ký ức, có khi lúc đó chúng ta quên mất những tháng ngày cùng nhau này? 

Nhưng biết đâu 50 năm sau đó trong một chiều nắng ngập vàng, những tấm hình cũ nằm trên đôi tay run rẩy, rồi bất chợt kỷ niệm sẽ ùa về, và ta nhớ lại cái lần đầu tiên bỡ ngỡ trước biển trời rộng lớn, nhớ lại cái nôn nao khi thấy tuyết ngập tràn, nhớ lại những chuyến đi, nhớ hết tất cả những con người và nhớ những nụ cười rất tươi của một thời tuổi trẻ!""",1314,11,10,,https://www.facebook.com/hhsb.vn/posts/pfbid0ghhmrx7uDHYeRNPWPzWwUDD1CcvwcSk7z9Yj1sQpKzoLQgwwSW4aeVPaCiV4mTUyl,662.0,146.0,1.0,1.0,0.0,0.0
"Khi ""anh Bắp"" trả lời về từ khoá ""Ngô Kiến Huy Sơn Tủng M-TP"" được nhiều người tìm kiếm trên Google trong chương trình Studio 3 On Air:",5959,63,23,,https://www.facebook.com/hhsb.vn/posts/pfbid02wRHiPnEDv2Bk6yJ8wTvDNo1myWaCWhPrzq9tNzEuBSi9jLMXqEQpC411CWF9cnYbl,135.0,28.0,0.0,0.0,0.0,0.0
"Sau khi Sơn Tùng M-TP thông báo màn hợp tác với TYGA vào tối 23/05/2026, nhiều fan đã phát hiện trước đó vào tháng 2/2020, anh đã từng ấn follow nam rapper người Mỹ gốc Việt. 

Cộng đồng mạng suy đoán, vì là người kĩ tính trong việc ""theo dõi"" một nghệ sĩ khác trên Instagram, nên có thể Sơn Tùng M-TP đã ấp ủ kế hoạch ""bắt tay"" với TYGA từ thời điểm đó và đến bây giờ đã có thể thành công cộng tác với nhau trong MV Come My Way.",2624,239,11,,https://www.facebook.com/hhsb.vn/posts/pfbid02JGgZ3M4c7PjNsAYBwcPM2T98VifPg19gSwAFnvPUoxp9tGWwWiizqHLt5Fwh9vQDl,429.0,93.0,0.0,0.0,0.0,0.0
"Halloween và cái kết đẫm máu :)
Ảnh :Pie",2496,195,11,,https://www.facebook.com/hoiyeuchomeo.tv/posts/pfbid02bg7SJc5V2qdGGyPwS5iBzq4QuBbrAk9AKjng5o19rDBcv5MqnWrZRH4ARNdgGEATl,40.0,9.0,0.0,0.0,0.0,0.0
"Vì 1 chút vật chất
Tôi đã mất tất cả
Cre: Tiktok",1120,120,75,,https://www.facebook.com/hoiyeuchomeo.tv/videos/392227132357336/,48.0,12.0,0.0,0.0,0.0,0.0
"Sáng mùng 1 của nhà các Sen thế nào :3
Cùng khoe ảnh với hội nhé! 
Ảnh: Giang Trịnh",2507,199,6,,https://www.facebook.com/hoiyeuchomeo.tv/posts/pfbid02gAo7d8zRDAyYcTPNzvU3Bez9jMFK2aMLH5etVHfwPRhP3iDQKgFNqvYEmSdiRQVvl,83.0,19.0,1.0,0.0,0.0,0.0
"(PLO)- Theo chuyên gia, bản chất ethanol có tính tẩy rửa nên có thể làm cặn bám trong bình xăng tan ra nhanh hơn, chứ không phải xăng E10 tạo ra cặn mới.

#plo #baophapluattp #baophapluattphcm",89,1,3,,https://www.facebook.com/phapluattp.vn/posts/pfbid0F76r1tFcxEcHZM78TVFnXC6AEvDNLa9uRayzK4XAHGwknBiv16TsKmrhwPf12VTsl,192.0,36.0,0.0,0.0,0.0,3.0
Những ai được tăng lương cơ sở từ 1-7?,40,1,0,,https://www.facebook.com/phapluattp.vn/posts/pfbid02A4kAn7vnH747Zw4c8s7skcP6Lqk5x65yqkamCxheqtXL4TaPRUKyDPxjN9XQvUnAl,38.0,9.0,0.0,1.0,0.0,0.0
"(PLO)- Lực lượng Mật vụ Mỹ đã bắn hạ nghi phạm nổ s.ú.n.g về hướng Nhà Trắng, người được cho là từng bị kết luận có dấu hiệu bất ổn tâm lý.

#plo #baophapluattp #baophapluattphcm",66,1,1,,https://www.facebook.com/phapluattp.vn/posts/pfbid0etCvdwQWZpCr3ozarfp5bcqmKKGrAorpmnZWJ84X9eqmihgWyDo5bREAbxYDoFfBl,178.0,35.0,0.0,0.0,0.0,3.0
"Giữa tháng 12/2025, rapper người Mỹ gốc Việt TYGA từng đăng ảnh với outfit xuất hiện trong poster feat cùng Sơn Tùng M-TP. Cư dân mạng suy đoán đây là thời điểm thực hiện sản phẩm COME MY WAY 🔥",4167,91,12,,https://www.facebook.com/hhsb.vn/posts/pfbid02LHKTso7ucSu8tUQ9adRiKqKdZef2mPgcGGBTYEfHRDNF66za1n5MGxj5D8DLB5Ldl,193.0,40.0,0.0,0.0,0.0,0.0
"Sơn Tùng M-TP và TYGA với những lần ""hữu duyên"" từ những năm 2018-2019

Dân mạng: Tất cả kịch bản đã được biên hết rồi 😎",3789,289,16,,https://www.facebook.com/hhsb.vn/posts/pfbid02JL4tUPpX44QmHz7vtnpzKr9KUPvSfyW7R48bdMhUC7neRfe5yNGPSbQ8uo5HGHsol,120.0,26.0,0.0,0.0,0.0,0.0
"Loạt ảnh đám cưới tuyệt đẹp của ""cặp đôi vàng Thái Lan"" Nadech Kugimiya và Yaya Urassaya Sperbund diễn ra tại Na Uy ❤️",6596,99,96,,https://www.facebook.com/hhsb.vn/posts/pfbid024KKu5Niqxyf93px1WuGycArFfkHp4d5Tgpixp5TixPbAzwKnDZip7DCDfPyUAxmkl,118.0,24.0,0.0,0.0,0.0,0.0
"(PLO)- Hàng chục tiếng s.ú.n.g vang lên gần Nhà Trắng ngày 23-5, khiến Mật vụ Mỹ phong tỏa khu vực, sơ tán phóng viên và triển khai lực lượng vũ trang khẩn cấp.

#plo #baophapluattp #baophapluattphcm",83,1,1,,https://www.facebook.com/phapluattp.vn/posts/pfbid0RSSqQtbg1U8chp7kA43HevbWXcN6vbEM2KJgrobA1bpXLaEDS2tJstNXBifR5FcFl,199.0,36.0,0.0,0.0,0.0,3.0
"Ấn tượng khai mạc Hội thao quân sự, võ thuật và thể thao Công an nhân dân năm 2026",44,1,2,,https://www.facebook.com/phapluattp.vn/posts/pfbid0ZvL2zwZhDxgP2nD96aoiaHseyvLsM3ddaGf5s9Em2apZpsKtoqL23UacbMqZ2dVil,82.0,19.0,0.0,0.0,0.0,0.0
"(PLO)- Tổng thống Ukraine Volodymyr Zelensky thúc đẩy quá trình gia nhập Liên minh châu Âu (EU) trong bối cảnh cả Kiev và Moscow đều tìm cách thúc đẩy lợi thế trên chiến trường.

#plo #baophapluattp #baophapluattphcm",100,1,2,,https://www.facebook.com/phapluattp.vn/posts/pfbid0qsSuJWHTbs7kRHSnDNwNWM9VPojYgEzyFbbh5GqgtRjMcgqTRU1acfJrW3hsfE6nl,216.0,37.0,0.0,0.0,0.0,3.0
"Style mẹ thiết kế cho, quí zị miễn bàn luận :)",10000,914,123,,https://www.facebook.com/hoiyeuchomeo.tv/posts/pfbid02FyfVMGA1X2EY4knkL7c5zqUZdqAS9sEUjhdygE3RBNpcP1Qf489hm2qqQZMqUbe4l,46.0,11.0,0.0,0.0,0.0,0.0
"Đúng mà, vì tau được nhặt ở bãi rác
Là đứa con ghẻ mà thôiiii 🙂",638,106,20,,https://www.facebook.com/hoiyeuchomeo.tv/videos/679730486329574/,63.0,16.0,0.0,0.0,0.0,0.0
"Ông có thể ẵm con suốt đời cũng được 
Cái cảm giác chăm sóc cho vật nuôi của mình như 1 đứa trẻ, chỉ có ai yêu chó mèo mới hiểu",878,54,35,,https://www.facebook.com/hoiyeuchomeo.tv/videos/2775243166107176/,127.0,31.0,0.0,0.0,0.0,0.0
Đường đua Vpop cuối tháng 5 tiếp tục nóng hơn khi 52Hz chính thức xác nhận ra mắt sản phẩm mới vào ngày 28/05 🔥,1030,57,3,,https://www.facebook.com/hhsb.vn/posts/pfbid02zkNZC6bmGq1VQ5rwxF5GRS4xF4UDgK1VNiUwHGiTQ7hTmLbs24Cg3mzGaM5puuT7l,111.0,25.0,0.0,0.0,0.0,0.0
"ĐANG VIRAL: LINE-UP ROX30 QUÁ HOT KHIẾN FAN ĐUA NHAU SĂN VÉ

Sự kiện kỷ niệm 30 năm thành lập ROX Group - ROX30 Concert: ""Vươn Mình Rực Rỡ"" đang khiến cộng đồng mạng chú ý khi công bố dàn nghệ sĩ biểu diễn không khác gì một concert Quốc gia: SOOBIN, (S)TRONG Trọng Hiếu, Dương Hoàng Yến, Đông Hùng.

Dù là sự kiện nội bộ, ROX vẫn cực hiểu tâm tư fan khi dành tặng một số vé tham dự thông qua minigame trên fanpage chính thức. Số lượng có hạn nên ai muốn “đu concert” phiên bản đặc biệt này thì phải nhanh tay nha!

#ROX #ROX30 #VuonMinhRucRo",1522,58,11,,https://www.facebook.com/hhsb.vn/posts/pfbid0pmT6QyedR6dk8Eheu4eUWraXRpuqBkB2wNJiBsxhyFSUL5wfA7U7eAv4Gx97L3iJl,541.0,110.0,1.0,0.0,0.0,3.0
"Trên kênh cá nhân, TikToker Đan Thy chia sẻ quá trình cạo đầu chuẩn bị điều trị. Cô vẫn giữ tinh thần lạc quan trong suốt thời gian thực hiện việc cắt tóc. 

Cách đây 5 ngày, Đan Thy khiến cộng đồng mạng bất ngờ khi thông báo bị ungthu 🩸. Đông đảo khán giả để lại bình luận động viên nhà sáng tạo nội dung này.",6536,132,19,,https://www.facebook.com/hhsb.vn/posts/pfbid02YbSgboh6P7CRVzebGaQ536FdJtADTQPkzUAA8HURmV39NpvBLz2zm8UM42tfKcpJl,310.0,67.0,0.0,0.0,0.0,0.0
"(PLO)- Khu phức hợp thương mại dịch vụ, cao ốc văn phòng Eros Palace tọa lạc tại trung tâm thành phố Đồng Nai sẽ tiếp tục được tháo dỡ phần công trình còn lại.

#plo #baophapluattp #baophapluattphcm",87,1,7,,https://www.facebook.com/phapluattp.vn/posts/pfbid0NGyQJQeJMAivnwThqd9Xs2SpwHEZXk97RfgBv34j7RAo5jK4zy6Dp2pyqsNQ2H5pl,198.0,37.0,0.0,0.0,0.0,3.0
Phó Thủ tướng Phạm Thị Thanh Trà thăm và tặng quà cho bệnh nhi ở TP.HCM,81,1,4,,https://www.facebook.com/phapluattp.vn/posts/pfbid084extfuR1cLngUoa31j1T3hviC8UZ13yd73veL97psGJBpijoSyPuqiNWVQenw8xl,71.0,16.0,0.0,0.0,0.0,0.0
"(PLO)- Giám đốc Ban Quản lý rừng phòng hộ Bắc Sông Hương cùng nhiều cán bộ, lãnh đạo doanh nghiệp bị khởi tố do lập khống hồ sơ nghiệm thu, gây thiệt hại hàng trăm triệu đồng

#plo #baophapluattp #baophapluattphcm",65,1,1,,https://www.facebook.com/phapluattp.vn/posts/pfbid0STxy3LvqyBagWN6s9w2ZgYaWCVvjwFWDvBcCTUaJLhenXX4Y8DHUEXu9s3e16Mh8l,213.0,40.0,0.0,0.0,0.0,3.0
"SƠN TÙNG M-TP XÁC NHẬN HỢP TÁC CÙNG TYGA TRONG MV 'COME MY WAY'

Trước đó, TYGA tương tác trên poster MV Come My Way của Sơn Tùng M-TP khiến nhiều khán giả hào hứng đồn đoán về màn hợp tác này. 

Tyga, tên thật là Michael Ray Nguyen-Stevenson là một rapper người Mỹ gốc Việt. Để ghi nhớ nguồn cội của mình, anh đã xăm một chữ ""Việt Nam"" rất lớn phía sau cánh tay phải. Anh nổi tiếng với các MV mang màu sắc tiệc tùng sôi động",9299,450,56,,https://www.facebook.com/hhsb.vn/posts/pfbid033LRhjKy11pergng6WqZDE3Ph8R3doS5T61utU4bKF7E8TcLPawymPJXhkcXs61aWl,425.0,90.0,0.0,0.0,0.0,0.0
Nghệ sĩ Lê Giang chia sẻ khoảnh khắc hạnh phúc đón cháu ngoại sau khi diễn viên Lê Lộc sinh con,6211,24,5,,https://www.facebook.com/hhsb.vn/posts/pfbid0o3QxL6fyC16rbzbZ1zAwVo5meyYpWavSJEMe4rW62mfaVeT7fTfNNrN5EoWnV4WQl,95.0,21.0,0.0,0.0,0.0,0.0
"Sau khi ghi dấu ấn qua nhiều dự án điện ảnh trăm tỉ, Quốc Anh tiếp tục thử sức với vai trò mới khi thực hiện show riêng.

Tập đầu tiên với sự góp mặt của dàn ""F4 điện ảnh"" và Kelbin Lei hiện đang nhận được nhiều sự chú ý từ khán giả 👀

#TranQuocAnh #TuTapNauSoi",2401,22,18,,https://www.facebook.com/hhsb.vn/posts/pfbid021pWmUdwgwz6NPb6e8Y6JTWbXQ5Ksh4DM6zFb3S1orcpfeYS8ZBzPYvEhQ853aoYEl,261.0,57.0,0.0,0.0,0.0,2.0
5 hiểu lầm về WiFi đang âm thầm làm chậm mạng Internet nhà bạn,65,1,6,,https://www.facebook.com/phapluattp.vn/posts/pfbid023t6gDKjofrn9jpA7TGo5sQ23MHtuEBmq62pSFwJT8PSBtS8ptSJc7pgg8qoGHqXLl,62.0,14.0,0.0,0.0,0.0,0.0
"(PLO)- Đi khám răng, một thanh niên ở Gia Lai có biểu hiện kích động, la hét, chửi bới, đập phá nhiều tài sản.

#plo #baophapluattp #baophapluattphcm",74,1,3,,https://www.facebook.com/phapluattp.vn/posts/pfbid0nttuuXSecqvNffF8a61kTLGA7B3dMsPTVKPCkrhnS96YgexPuYVXhQPs6jUZwSv6l,149.0,27.0,0.0,0.0,0.0,3.0
"(PLO)- Công an TP.HCM khởi tố hai bị can là vợ chồng chủ hộ kinh doanh Chí Phát Luxury để điều tra hành vi xâm phạm quyền sở hữu công nghiệp, thu giữ gần 2.000 sản phẩm giả mạo nhiều thương hiệu nổi tiếng như Gucci, Rolex.

#plo #baophapluattp #baophapluattphcm",634,1,24,,https://www.facebook.com/phapluattp.vn/posts/pfbid02pv5QkXjZVDAAZXWpVSVFgirXyYx58cJYp3MkzMRLtpgShZRJVGBZmnWX9yBJQkdNl,261.0,50.0,0.0,0.0,0.0,3.0
"Mèo nhà ông là mèo nào ???
Tôi trước nhé: MÈO NGÀNHHHHH 🙂

Xem ảnh cuối trước cho đỡ bất ngờ",1485,236,72,,https://www.facebook.com/hoiyeuchomeo.tv/posts/pfbid0TDRzqExFJLC9bytaN8KuvAKgByFdBRRRCKwb8AxjBcRBVwDHmeMYApGvYeftkLsnl,92.0,21.0,0.0,3.0,0.0,0.0
"Bầu trời hôm nay thật đẹp
Vĩnh biệt ký ức :)
Nguồn: Sưu tầm",10000,609,652,,https://www.facebook.com/hoiyeuchomeo.tv/posts/pfbid02npk8TNDx4sFCes6nAFNRvnHUrTubPCFHKKfL9YanR25mF32bZxyiXyyCPPCvB8zQl,59.0,14.0,0.0,0.0,0.0,0.0
Avatar đôi dành cho các cặp iuuu mèo nè mấy cậuuuuuuu :3,739,116,43,,https://www.facebook.com/hoiyeuchomeo.tv/posts/pfbid02AoLUdvdnW7GEayqoGwh1tYTJkX5gPjM31UGNUDjKiw9Eh9zxY9xRZxhV9cHygcyPl,56.0,12.0,0.0,0.0,0.0,0.0
"(PLO)- Cơ quan Di trú và Nhập tịch Mỹ (USCIS) cho biết những người nước ngoài muốn được cấp thẻ xanh phải trở về nước của họ để nộp đơn, không còn được nộp đơn tại Mỹ.

#plo #baophapluattp #baophapluattphcm",78,1,13,,https://www.facebook.com/phapluattp.vn/posts/pfbid0r2BdvifRsbAtLTiaW97NnezsNZzZ7CTSD16d75AttK9CJojJBktB6HqaC2jp47ACl,206.0,40.0,0.0,0.0,0.0,3.0
"(PLO)- Số người t.h.i.ệ.t m.ạ.n.g trong vụ nổ mỏ than tại tỉnkh Sơn Tây (Trung Quốc) tăng lên 90, 870 nhân viên được huy động cứu hộ.

#plo #baophapluattp #baophapluattphcm",48,1,5,,https://www.facebook.com/phapluattp.vn/posts/pfbid0Cf24zDLq9Y4RrjbHAaA67L3TTGNrcwjJESicPpBz3zEQ5UyL4cznxqwDTYiKMzU2l,172.0,30.0,0.0,0.0,0.0,3.0
Ông Nguyễn Thanh Nghị dự lễ ra quân Chiến dịch Thanh niên tình nguyện Hè năm 2026,124,1,2,,https://www.facebook.com/phapluattp.vn/posts/pfbid0tiaC6wShJHsUGhEogVLdS9kzo3Xuq4tXB6VLLprvH5zPTcMH4GpTbEC6CuUqWmS2l,81.0,17.0,0.0,0.0,0.0,0.0
"Hình ảnh chính thức trong tập đặc biệt Doraemon “check-in” nhiều địa danh nổi tiếng trong chuyến du lịch đến Việt Nam ♥️🇻🇳 

Trong tập này với tên “Món quà sinh nhật là chuyến du lịch đến Việt Nam”, Nobita đã bí mật chuẩn bị chuyến đi Việt Nam dành tặng Shizuka.",3112,133,243,,https://www.facebook.com/hhsb.vn/posts/pfbid0DCgyzzDUNbepxYdd39PQgodYvk1CHqAQP2dfx3vCjyNrRGKFS1D1nGWpru8QMTdbl,262.0,52.0,0.0,0.0,0.0,0.0
"🔥 DẬP TẮT CƠN NÓNG HÈ
❄ SĂN NGAY MERCH COOL MIỄN BÀN

BST này có GIỚI HẠN nhưng độ COOL thì VÔ HẠN. Act cool mọi look, cook
mọi pose phá đảo mùa hè.

Nhanh tay tìm Sprite săn ngay BST Cool Miễn Bàn. Chi tiết dưới comment 👇

#SpriteVN #CoolMienBan",1424,35,21,,https://www.facebook.com/hhsb.vn/posts/pfbid0263gzSPgdJ7WPUUnAZckNTvBVZhjLRVCKx3sqRsoc8KdbAYU34St7Xza3oyW17sUWl,246.0,52.0,0.0,0.0,0.0,2.0
Bài đăng đang gây chú ý của trang Phòng chống maithuy - Công an TP. Hồ Chí Minh:,8925,221,38,,https://www.facebook.com/hhsb.vn/posts/pfbid0y9esE26AgJNMXXHB7GkqVyqR3r9ADeAEENmxK3hrDvY7rHx8qAWfbYcXc8328Wp5l,80.0,18.0,0.0,0.0,0.0,0.0
Ông nào chỉ hộ tôi với ….,10000,3630,652,,https://www.facebook.com/hoiyeuchomeo.tv/posts/pfbid0uRxrBkVH9Z1f37HxkpVfNxwdqez2zg1qkK4Q9vHfiX1UNk8YEcDLvJ3731awQVPQl,25.0,7.0,0.0,0.0,0.0,0.0
Cách phân biệt mèo nghèo và mèo giàu 🤣,1606,270,132,,https://www.facebook.com/hoiyeuchomeo.tv/videos/447195643239374/,38.0,9.0,0.0,0.0,0.0,0.0
"Đây là 1 câu chuyện buồn, đừng ai thả haha 🥺
Cre: tik tok",1283,79,45,,https://www.facebook.com/hoiyeuchomeo.tv/videos/272541044702998/,57.0,14.0,0.0,0.0,0.0,0.0
"🍍 Cận cảnh nông dân xứ Thanh đội nắng thu hoạch dứa mùa rớt giá, giảm sản lượng",74,1,3,,https://www.facebook.com/phapluattp.vn/posts/pfbid034dtdFNVGWxT7zSajPuXNetwRUXK9jXNZ9pRAdSxcyuK9uJfMU4dzjAsEhFNZMJmTl,79.0,18.0,0.0,0.0,0.0,0.0
"Từ một vụ t.ử v.o.n.g, bóc gỡ đường dây vận chuyển hơn 2,4 tấn xyanua xuyên biên giới",510,1,15,,https://www.facebook.com/phapluattp.vn/posts/pfbid02jMgv9VPxnETdrZkesCigpUvXPK94vqCyMABA4aLFkcUPkwN2TMVaTpq3QEugjXDkl,85.0,18.0,0.0,0.0,0.0,0.0
Thủ tướng Lê Minh Hưng dự lễ an táng 28 hài cốt liệt sĩ tại Quảng Trị,180,1,6,,https://www.facebook.com/phapluattp.vn/posts/pfbid0XH79VN2nt8oyjX694TY5tippgzAUiEwxSMJWapi2sNWLF1qvq4hgYfbe4Jms2NwFl,69.0,17.0,0.0,0.0,0.0,0.0
Khi Khánh Huyền 2k4 thường xuyên bình luận video của Zan Nguyễn và cách chàng cầu thủ 2k6 'var' thẳng tin đồn hẹn hò của hai người:,6997,286,37,,https://www.facebook.com/hhsb.vn/posts/pfbid02GmeCwpYECZxV3HgkiZhzA3ny7hYPeNQVraAveWY5RmrrDzCoHGzFaS9frE44DcDWl,131.0,27.0,0.0,0.0,0.0,0.0
"Bright tiếp tục đăng ảnh đi sự kiện cùng Win đầy thân thiết

Fan: Sáng Thắng không thể rời nhau, dặm lại thôiii",1005,104,14,,https://www.facebook.com/hhsb.vn/posts/pfbid02trsXj7uQRXM1BFk2n4m36Qt71z44LsAiGG2sLqJqZPYyG8vdjYK3UUicKNMEp5phl,111.0,23.0,0.0,0.0,0.0,0.0
"Sau 'anh Ba Ngọc Sơn', đến lượt ca sĩ Duy Mạnh quay video test nhanh 'bảng 5 dải thử' (cho 5 chất khác nhau) đều cho ra kết quả 2 vạch (âm tính). Sau đó, nam ca sĩ cho biết sẽ đến bệnh viện để test chuyên sâu.",6511,266,21,,https://www.facebook.com/hhsb.vn/posts/pfbid02dhczmSXt7mq7NyCkKieetMJAddqpRZYp5AjfSwfxcNMQbJxpfbxmdQuG8X5mALJil,209.0,48.0,0.0,0.0,0.0,0.0
Đột kích nhiều địa điểm bắt giữ nhóm cung cấp Ketamine và ‘nước vui' tại Đà Lạt,277,1,6,,https://www.facebook.com/phapluattp.vn/posts/pfbid02fq2dLTPDBEbAUak5qdYVpjjo2G4qEafEGWji6CauR6kmEAdKkjLzPx2JS6fYLMbml,79.0,17.0,0.0,0.0,0.0,0.0
Mặt hồ Trái tim ở TP Huế xuất hiện lớp váng đặc quánh,33,1,2,,https://www.facebook.com/phapluattp.vn/posts/pfbid02ygtPEm3YmCjKCRx8FGi3Q8wgZuaKz5k8Y9BKLdiot1Bro1Zu33omV7JU8kojwGghl,53.0,13.0,0.0,0.0,0.0,0.0
"TP.HCM kiểm tra nhà ở, chung cư cũ, công trình dân dụng trong mùa mưa",25,1,3,,https://www.facebook.com/phapluattp.vn/posts/pfbid02AZ92saX5p8YeN3auxw6XSjavJAntKEas7oqN1n9b7w7vBGjp5m8TY4qdGR2YN4Qbl,69.0,15.0,0.0,0.0,0.0,0.0
"Chó said “ ủa gì vậy, bố t là tổng thống 🙂”",8940,403,240,,https://www.facebook.com/hoiyeuchomeo.tv/videos/830660220820127/,43.0,12.0,0.0,0.0,0.0,0.0
Thương em,10000,537,431,,https://www.facebook.com/hoiyeuchomeo.tv/videos/399120941593680/,9.0,2.0,0.0,0.0,0.0,0.0
"Hai bàn tay của iem, đây iem múa cho mịe xiemmmm phiên bản măng cụt 

#GenZnuoichomeo
Cre : Tik Tok",779,60,68,,https://www.facebook.com/hoiyeuchomeo.tv/videos/1038498253633393/,99.0,20.0,0.0,0.0,0.0,1.0
"Chưa đầy 3 tháng, giá vàng nội ‘bốc hơi’ 30 triệu/lượng",44,1,2,,https://www.facebook.com/phapluattp.vn/posts/pfbid02qdMktNfUFQpzmzjz9wFyuzkSzaFKefzKn8ZaoSLaGLA8f9vNYLTjGhRcxrd3NXUPl,55.0,11.0,0.0,0.0,0.0,0.0
"(PLO)- Dự án cải tạo môi trường rạch Văn Thánh, phường Thạnh Mỹ Tây đang bước vào giai đoạn xác định giá đất cụ thể để lập phương án bồi thường cho 1.077 hộ bị ảnh hưởng.

#plo #baophapluattp #baophapluattphcm",57,1,3,,https://www.facebook.com/phapluattp.vn/posts/pfbid0WxyfwikCmnNNDQ19cevTvDJRe6aCu2Vqq2cro5qtgURh5TfnFxReB4TEkkVJVFNjl,209.0,40.0,0.0,0.0,0.0,3.0
Hội đồng Thẩm phán TAND Tối cao thông qua 8 án lệ mới,54,1,7,,https://www.facebook.com/phapluattp.vn/posts/pfbid0349pmJXAHmRd7SPsMgnqSoL5iJ6YL4FWVfq9pT3gfr5VHPr5GRLtQhdB7zTi3Qnbel,53.0,13.0,0.0,0.0,0.0,0.0
Diễn viên Lê Lộc (con gái của nghệ sĩ Lê Giang và nghệ sĩ Duy Phương) vừa hạ sinh con đầu lòng trong niềm hạnh phúc của chồng - Tuấn Dũng cùng gia đình. Nghệ sĩ Duy Phương cũng có mặt đón cháu ngoại chào đời.,9601,56,17,,https://www.facebook.com/hhsb.vn/posts/pfbid02pFk8pdTmU88tTt7xbwgMbeN82zQiwTpx9sSmiFUX4CnRbJLBzjnhtX6PefiJtU7Ll,208.0,46.0,0.0,0.0,0.0,0.0
"Vũ Thảo My trở thành nữ nghệ sĩ Việt đầu tiên xuất hiện trên Billboard Philippines, tiếp tục nối làn sóng nghệ sĩ Việt mang âm nhạc vươn ra khu vực trong năm 2026 👀

Sau nhiều năm theo đuổi màu sắc âm nhạc riêng, Vũ Thảo My đang dần ghi dấu ấn với khán giả Đông Nam Á thông qua các dự án và màn kết hợp quốc tế. Không còn chỉ là câu chuyện “đem nhạc Việt đi xa”, mà còn là cách nghệ sĩ Việt từng bước tạo kết nối với thị trường khu vực bằng bản sắc riêng của mình.",5834,43,42,,https://www.facebook.com/hhsb.vn/posts/pfbid02mCiRJ736akW2mE2Fs2Pkx1Ad2P71xfeAbEPBj9NB2fMJPCZyigRKKc8MFbx6taNNl,464.0,104.0,0.0,0.0,0.0,0.0
"LEXXY khẳng định mình là ""kèo trên"" của các red flag, cổ không ngán một ai trong MV mới",936,17,2,,https://www.facebook.com/reel/26997114693281780/,87.0,19.0,0.0,0.0,0.0,0.0
"(PLO)- Xảy ra vụ nổ khí gas tại mỏ than ở huyện Tần Nguyên, tỉnh Sơn Tây (miền bắc Trung Quốc), làm 8 người t.h.i.ệ.t m.ạ.n.g và 38 người vẫn còn mắc kẹt dưới lòng đất.

#plo #baophapluattp #baophapluattphcm",19,1,3,,https://www.facebook.com/phapluattp.vn/posts/pfbid02XjrzF2gWjyAfHPcZjGnSFhXPfnSN38hB5BtoQUG3NHJsETGgyyUBmPDRXzUydGSYl,207.0,39.0,0.0,0.0,0.0,3.0
"‼ Thu hồi toàn quốc 2 lô kem chống nắng, mặt nạ vi phạm",187,1,12,,https://www.facebook.com/phapluattp.vn/posts/pfbid0rpi114BRMcrC3WgTL6URzoVhaSjmbzqkxCt6KbmaW12BwKQBefihGcW71WEN8Q8Ml,55.0,14.0,0.0,0.0,0.0,0.0
Cận cảnh nơi nhóm livestream 'đổ thạch' chiếm đoạt tiền tỉ tại Lào Cai,87,1,6,,https://www.facebook.com/phapluattp.vn/posts/pfbid02KaanexxsVHtkEn8kSC1xTt3uDVtshUFwxC8nu2Gfzm854ordS2KP7xs5hKo4kahTl,70.0,14.0,0.0,0.0,0.0,0.0
Rớt nước miếngggggggggg,557,162,57,,https://www.facebook.com/hoiyeuchomeo.tv/videos/1175805846247155/,23.0,3.0,0.0,0.0,0.0,0.0
"Lâu ngày không được đi spa, ở nhà tự cạo luôn cho mát :)) 
Cre: ST",1229,231,29,,https://www.facebook.com/hoiyeuchomeo.tv/posts/pfbid02zkvE77Ndv8hRkpWQ2a8LjHqn9haV2Hib1711BkJdbcjGkGGL2nkfDqA5v73sBA57l,66.0,16.0,0.0,0.0,0.0,0.0
"Câu chuyện đằng sau bộ lông dầy bẩn của chú chó 
#GenZnuôichómèo",4790,111,144,,https://www.facebook.com/hoiyeuchomeo.tv/videos/522158435554018/,64.0,12.0,0.0,0.0,0.0,1.0
Cảnh sát triệt phá đường dây buôn lậu xe điện từ Trung Quốc về Việt Nam,300,1,13,,https://www.facebook.com/phapluattp.vn/posts/pfbid024LCYhm7wZ7HJrekPn1UYqiGMjk4PaEw8o5P4LdAroC3D64xuYmQz3kLe5dPKkuyDl,71.0,16.0,0.0,0.0,0.0,0.0
"(PLO)- 6/7 công dân Việt Nam vừa được phía Campuchia trao trả qua cửa khẩu vì xuất cảnh trái phép, dù có hộ chiếu hợp lệ.

#plo #baophapluattp #baophapluattphcm",52,1,3,,https://www.facebook.com/phapluattp.vn/posts/pfbid02qvcXwAGm6TNCWuPvh8K57VGif5qu7VFEhWRNiR2cdUB69goRV4LBkPSdBqcExtbAl,160.0,29.0,0.0,0.0,0.0,3.0
Flycam hiện trạng khu vực xây dựng Cảng tổng hợp và container Cái Mép Hạ,39,1,2,,https://www.facebook.com/phapluattp.vn/posts/pfbid02yntmHuZ9pc2SkQrKTAH8FKawX1u7Sam2zTC2XwhGMHQAmXgcawTY45vt4ceCxz6Gl,72.0,15.0,0.0,0.0,0.0,0.0
"Binz xúc động, nghẹn ngào với bức tranh Châu Bùi vẽ tặng sau khi nghe Album đầu tay, gửi lời cảm ơn Châu đã luôn hi sinh để anh có thể làm tốt trong âm nhạc.",10734,91,184,,https://www.facebook.com/reel/954783610883712/,157.0,36.0,0.0,0.0,0.0,0.0
"Noo Phước Thịnh chính thức nhấc máy trở lại với main poster comeback EP “Nhấc Máy”. Visual nam thần lần này theo mood điện ảnh. 

Những điểm đáng lưu ý: ft 52Hz thật, lần đầu hát nhạc Catchellers và Music Prod là đội tạo nên mấy bản hit cùng nam ca sĩ mấy năm nay DTAP. 3 bài hơi ít nhỉ 🤔",1469,44,15,,https://www.facebook.com/hhsb.vn/posts/pfbid0ukJzVoHR7gD5L91rmG3YEZRsdaaN2ueQTFNkXdHP2J2NMnQPT2zYCtn5KXjViGbrl,288.0,62.0,0.0,0.0,0.0,0.0
"🔥 K-PULSE HANOI 2026 chính thức gọi tên Mỹ Đình cho mùa hè này!

Đại nhạc hội K-pop kết hợp các hoạt động “té” nước sẽ diễn ra trong 2 đêm 06-07/06 tại SVĐ Quốc gia Mỹ Đình với line-up cực “khủng”: PSY, Jay Park, Sandara Park, BamBam, Wendy, Kwon Eunbi, fromis_9, Baby DONT Cry và LNGSHOT 💦

Không chỉ có sân khấu quy mô lớn, chương trình còn mang đậm concept lễ hội mùa hè, hứa hẹn sẽ là nơi cho fan K-pop lẫn khán giả mê festival “quẩy banh” đúng nghĩa.

PSY mang “Gangnam Style” đến Hà Nội, Jay Park mang theo “đàn con” tân binh LNGSHOT cùng các màn trình diễn khuấy đảo, BamBam tiếp tục hẹn gặp fan Việt, mùa hè này có vẻ nóng thật rồi 👀",460,20,1,,https://www.facebook.com/hhsb.vn/posts/pfbid02xLoSXrQgydJQFd9jY2fEsvRR7k8D95tbP28Kh6DXieA3rNRCShk7szUUc1n2GzTKl,641.0,132.0,1.0,0.0,0.0,0.0
2 anh em ruột cùng 3 người khác bị bắt trong đường dây bán k.h.í c.ư.ờ.i 20 tỉ đồng,182,1,5,,https://www.facebook.com/phapluattp.vn/posts/pfbid0TUwRknV9Hbyg5jDQPeVfcgBe71YXvYeJvNhTyDgqtMca5YQLhjyNzuF1Thmd8VEvl,83.0,19.0,0.0,0.0,0.0,0.0
"(PLO)- 350 dự án, đất đai tại Đà Nẵng được áp dụng cơ chế chính sách đặc thù tại Nghị quyết 170/2024 và Nghị quyết 29/2026 của Quốc hội để tháo gỡ vướng mắc.

#plo #baophapluattp #baophapluattphcm",18,1,2,,https://www.facebook.com/phapluattp.vn/posts/pfbid0Efsd9qGafSwSY1L3z9Ep4bk6DWi6cGZcD2tC42kd9t9z9r9MdRU36EMW3LgxZEF5l,196.0,37.0,0.0,0.0,0.0,3.0
"(PLO)- Đến 31-5 vẫn chưa hoàn thành bàn giao mặt bằng cho dự án Quốc lộ 14E, bí thư và chủ tịch xã Thăng Bình chịu trách nhiệm trước lãnh đạo TP Đà Nẵng.

#plo #baophapluattp #baophapluattphcm",38,1,3,,https://www.facebook.com/phapluattp.vn/posts/pfbid05CYfeQxCxuR4fBTQuM7zpUSuMbvRsrxDPuMpta7HHB6miFDksqHu5X2kCCHCtp4Gl,192.0,37.0,0.0,0.0,0.0,3.0
"Cái lùm mía 😩
#GenZnuôichómèo",316,144,43,,https://www.facebook.com/hoiyeuchomeo.tv/videos/980192385891479/,29.0,5.0,0.0,0.0,0.0,1.0
"Awwwwww
Cuteeeee xỉu :3",840,96,113,,https://www.facebook.com/hoiyeuchomeo.tv/videos/530289868206050/,23.0,4.0,0.0,0.0,0.0,0.0
"Đám 🔥 tại Sapa - Lào Cai trưa nay...

-> Clip về đám cháy cho ai chưa xem dưới cmt

Các anh cảnh sát PCCC đang phải là nhiệm vụ rất vất vả, còn ông kễnh kia vẫn rất đỉnh đương hóng hớt rồi mang về xóm kể chuyện. Đến chịu ông 🤧🤧🤧

Rất may đám🔥 chỉ gây thiệt hại về tài sản còn mọi người đều được an toàn. Dịch đã khó khăn mà còn thế này khổ quá ạ 😞

Cre: Trương Dũng, Bùi Quyết",1218,232,25,,https://www.facebook.com/hoiyeuchomeo.tv/posts/pfbid032MJvXLEsUdJbxmqJ9mjj7Ru3cfrjdJtwMnXYTNqURnsR7XPPGw6r8L9wKgC5mDR6l,376.0,87.0,0.0,0.0,0.0,0.0
"Trong hơn 3 giờ đồng hồ vừa qua, ca sĩ Ngọc Sơn liên tục livestream trên trang cá nhân giữa lúc tên anh bị réo gọi trên các nền tảng MXH với nhiều tin đồn. 

Sau khi phục vụ văn nghệ giao lưu trên live, anh cùng người thân đến trình báo tại Công An Phường và được hướng dẫn đi test maithuy ở bệnh viện. 

Ngay sau khi nhận được kết quả âm tính với 5 loại chất độc hại, Ngọc Sơn lái xe trở về cơ quan Công An Phường để tiếp tục trình báo, làm rõ những tin đồn thất thiệt trên MXH về mình.",2977,179,19,,https://www.facebook.com/hhsb.vn/posts/pfbid0MRW3KqPVdoCfFyhWaQ7ypNqXZjreyvkVdYst1q9bTFodqzSqg1jdxue2vcyLNdoGl,487.0,108.0,0.0,0.0,0.0,0.0
"""Anh Ba Ngọc Sơn"" livestream toàn bộ quá trình đến bệnh viện để test maithuy, công bố kết quả âm tính toàn bộ.

Trước đó, vào buổi sáng 22:5, nam ca sĩ bị réo tên trên nhiều nền tảng mạng xã hội. Chính vì vậy vào buổi trưa, anh đã hát trực tiếp livestream và trò chuyện giao lưu với khán giả. Sau đó Ngọc Sơn tự lái xe đến bệnh viện để làm test, trong suốt quá trình đó anh đều livestream mọi diễn biến.",14845,1008,106,,https://www.facebook.com/hhsb.vn/posts/pfbid02NUL6eGEhU3QTG4YKuH8cSeTHoWYphbguFTBg7qULnR7ddsLmv6YU1DPQRZNNppvol,403.0,86.0,0.0,0.0,0.0,0.0
"Cơ quan quản lý lập ""blacklist"" (danh sách đen) người nổi tiếng vi phạm pháp luật, quy tắc ứng xử để nhãn hàng cân nhắc hạn chế hợp tác, dự kiến triển khai tháng 6.

Nội dung được ông Lê Quang Tự Do - Cục trưởng Phát thanh, Truyền hình và Thông tin điện tử - đề cập tại hội nghị sáng 22/5 tại TP HCM. Cục trưởng cho biết dư luận đặt thắc mắc về những trường hợp từng vi phạm, sau đó vẫn hoạt động bình thường vì không chịu chế tài xử lý hình sự, chỉ phạt hành chính.

Theo ông Tự Do, cơ chế ""danh sách đen"" (blacklist) giúp các đơn vị, thương hiệu cân nhắc chuyện hợp tác với các nghệ sĩ, KOL, KOC vi phạm quy tắc ứng xử văn hóa trên môi trường số. Đơn vị sẽ cùng Cục Nghệ thuật Biểu diễn thảo luận, từ đó thống nhất về các trường hợp nêu trên.

Theo: VnExpress",3401,102,16,,https://www.facebook.com/hhsb.vn/posts/pfbid021PHYcaxeestrq1GfHLbLzt18toWGLNA1mwZGC8phFQM1mNDSv79gSjFsQqCVfzFdl,761.0,164.0,0.0,0.0,0.0,0.0
Cười xấu thế hả zời -.-,508,186,95,,https://www.facebook.com/hoiyeuchomeo.tv/videos/234022408595844/,23.0,6.0,0.0,0.0,0.0,0.0
"Boss: Giờ sao có dẫn tao ra đường k sen ??
Sen: Tao sợ mỗi đứa lên phường mất 2 củ
Boss: Ok. Tao tự ra đường 1 mình được, còn tự kiếm tiền mua chúc chích, hạt, xương … ok ok
Vừa đi vừa nghĩ:
🙂 Khi bạn có một người chủ chẳng muốn làm gì ngoài ăn với ngủ.

#GenZnuôichómèo",430,75,39,,https://www.facebook.com/hoiyeuchomeo.tv/posts/pfbid02refCKBqzWpPKjXawkZcg7xo7BN8m7nJFhYkJyuG7wHGrwrf8B6yhaRAdEsZUcDuGl,270.0,62.0,0.0,2.0,0.0,1.0
"Bà con ghé qua mua ủng hộ Hoàng Thượng mớ rau 
#hoiyeuchomeo
#genznuoichomeo",376,74,22,,https://www.facebook.com/hoiyeuchomeo.tv/posts/pfbid0bYuR5DXRMPa8mkLaqaNUUGqHKQ4GatFM6Ergng4V9k2UQtYZ7BboAKiaeJjyPayCl,76.0,13.0,0.0,0.0,0.0,2.0
"😍 TƯỢNG ĐÀI TUỔI THƠ DORAEMON ĐÃ QUAY LẠI RẠP, MANG THEO CÂU CHUYỆN ĐẦY CẢM ĐỘNG VỀ TÌNH BẠN

Có lẽ hồi bé đa phần ai cũng thích những món bảo bối hay các chuyến phiêu lưu, chứ chưa từng thật sự để ý rằng điều đẹp nhất trong Doraemon lại là tình bạn ❤️

Doraemon lúc nào cũng cho Nobita mượn bảo bối dù cậu bạn này “báo” không biết bao nhiêu lần. Còn Nobita dù hay bị Chaien với Xuneo trêu chọc, nhưng mỗi khi có chuyện vui hay gặp nguy hiểm, cả nhóm vẫn luôn nghĩ đến nhau đầu tiên. Chí chóe là vậy nhưng cuối cùng vẫn luôn đồng hành qua mọi chuyến phiêu lưu.

Đặc biệt ở Movie 45 này còn có thêm Buggy - một người bạn AI siêu cưng. Từ chỗ chỉ suy nghĩ bằng logic và không hiểu cảm xúc con người, Buggy dần học được cách quan tâm và yêu thương sau hành trình cùng Doraemon và hội bạn. Càng xem càng thấy thương em.

Quốc tế Thiếu nhi đang cận kề, hè thì sắp đến, Doraemon Movie 45 chắc chắn là một lựa chọn hoàn hảo cho tất cả mọi người để chào đón một kỳ nghỉ hè thật nhiều niềm vui và tiếng cười.

#PhimDoraemon2026VN",1915,17,9,,https://www.facebook.com/hhsb.vn/posts/pfbid0VGaa37jGK7NFLSFwhBNapEG2SCPdBkRuwXVhg8qDjN4swp9PTbvoRN55DdP6mjPal,1020.0,217.0,0.0,0.0,0.0,1.0
Hình ảnh Cha Eun Woo xuất hiện trong Dàn nhạc giao hưởng quân đội mới đây:,3115,105,20,,https://www.facebook.com/hhsb.vn/posts/pfbid06xz8iWtomjX1t5nSQ8LjVRhPBNmSCPikgEkoiVxCAbcvHFaW3cQfnXRya3nptsnjl,74.0,16.0,0.0,0.0,0.0,0.0
"Bị réo tên, nêu profile trên mạng xã hội vào sáng 22/05, nhiều nghệ sĩ đăng story khoảnh khắc sinh hoạt đời thường:",13604,337,44,,https://www.facebook.com/hhsb.vn/posts/pfbid0DMKMomCZsd16iKHy7yCYgPS2Su6WVDssAUgB54B8ipvQY7YgGYadd4f1rNGzzmkgl,115.0,23.0,0.0,0.0,0.0,0.0
Lươn Văn Chó :>,956,103,68,,https://www.facebook.com/hoiyeuchomeo.tv/videos/562165121623932/,15.0,4.0,0.0,0.0,0.0,0.0
"“Dịch bệnh kéo dài kéo theo bao hệ luỵ. Bé tội lắm, cứ ngồi ngoài đợi chủ về. Mưa gió cũng không dám đi đâu vì sợ chủ về tìm không thấy 🥺”
#covid19 #dog
Nguồn: Tiktok",10000,1188,673,,https://www.facebook.com/hoiyeuchomeo.tv/videos/183645457077347/,166.0,37.0,0.0,0.0,0.0,2.0
"Bạn nghĩ sao về trường hợp này 
#hoiyeuchomeo",1593,763,193,,https://www.facebook.com/hoiyeuchomeo.tv/videos/193663562700320/,45.0,8.0,0.0,0.0,0.0,1.0
SOOBIN khoe visual nét căng trong story vừa đăng trên trang cá nhân Sơn Hoàng Nguyễn:,2262,183,14,,https://www.facebook.com/hhsb.vn/posts/pfbid02prFiMSKSzdPTuxy2z864Br72KTdzvNuT7ieCFLuc8npx6q8gKXByRvtRni6N8WBwl,85.0,16.0,0.0,0.0,0.0,0.0
"Gong Yoo, Kim Go Eun, Lee Dong Wook, và Yoo In Na tái hợp cho chương trình đặc biệt kỷ niệm 10 năm ""Goblin"" 😍 Tập phát sóng dự kiến vào ngày 4 tháng 7 ❤",2857,81,28,,https://www.facebook.com/hhsb.vn/posts/pfbid033Ee1spc3ef54qh9GFUXdbTpaoTtSbpFwY4em1AJ3vJfd26Y1vgd7U9E6SmNgW8TYl,152.0,36.0,0.0,0.0,0.0,0.0
"Bùng nổ tìm kiếm trên mạng xã hội, Quân A.P đăng story tập gym kèm bài hát 'hoá ra' 🥰",10581,418,60,,https://www.facebook.com/hhsb.vn/posts/pfbid021aKJH4BtRPZ9mREdM5SxiiHRm2mY4Dv1fgvMcTHx72AWQ5m3LRuzmkKhfQyXfZiJl,85.0,20.0,0.0,0.0,0.0,0.0
"📰 Mời quý bạn đọc xem báo in số 107, phát hành ngày hôm nay (23-05-2026), dưới bình luận 👇

#plo #phapluattp #baophapluattp #epaper",6,1,2,,https://www.facebook.com/phapluattp.vn/posts/pfbid0S7eqGtBs8evZKh4o8hE7JNPZpP3bt9YwpAYgxuCryWBJXSLP72CPuQWtQc9vLY3dl,131.0,24.0,0.0,0.0,0.0,4.0
"(PLO)- Sở Giáo dục và Đào tạo tỉnh Đắk Lắk đã hỏi ý kiến Bộ GD&ĐT liên quan việc y tế học đường không có tên trong danh sách tiếp nhận viên chức.

#plo #baophapluattp #baophapluattphcm",55,1,4,,https://www.facebook.com/phapluattp.vn/posts/pfbid02vyxBam8WY2WQqg2qSEW2ZdNKPZrKhe2Q6MxxfT8omQrqS95ZhH1ZqpYEZKnivYeDl,184.0,36.0,0.0,0.0,0.0,3.0
"(PLO)- Sáng 23-5, kỳ thi vào lớp 10 Trường Phổ Thông Năng khiếu, TP.HCM, diễn ra với 4.707 thí sinh tham dự trong khi chỉ tiêu chỉ 595.

#plo #baophapluattp #baophapluattphcm",115,1,7,,https://www.facebook.com/phapluattp.vn/posts/pfbid02F8r7EfnkYCiyEhuDUas3szrVGbATxr9Ayd6s6718G1m3h6bFWFEgRemrXjm4URxCl,174.0,31.0,0.0,0.0,0.0,3.0
Ngày đầu phân luồng giao thông tại vòng xoay Điện Biên Phủ - Nguyễn Bỉnh Khiêm,193,1,10,,https://www.facebook.com/phapluattp.vn/posts/pfbid0WbuB4c5hba7hC6pmQSARudJVu47jn8FfH5h6gZNYQep3wCHP1Xtk72iKruF4NUxjl,78.0,16.0,0.0,0.0,0.0,0.0
"(PLO)- Hungary đảo ngược kế hoạch rút khỏi Tòa Hình sự Quốc tế (ICC) và tái áp đặt lệnh cấm nhập khẩu nông sản từ Ukraine.

#plo #baophapluattp #baophapluattphcm",64,1,2,,https://www.facebook.com/phapluattp.vn/posts/pfbid0qGcJBrXMTK4fh6kSjNvXY8pxJWtobGrPBFajrcJcdcwg4MAVbbWcSW2gNyPxcBdzl,161.0,29.0,0.0,0.0,0.0,3.0
"(PLO)- Các nhà điều tra Pháp đã khám xét Điện Elysee liên quan cáo buộc ưu ái, tham nhũng khi một công ty sự kiện liên tục được lựa chọn trong nhiều năm để tổ chức các lễ tưởng niệm tại Điện Pantheon.

#plo #baophapluattp #baophapluattphcm",35,1,3,,https://www.facebook.com/phapluattp.vn/posts/pfbid07SBNUDTnmvtBkMvp2iLE5RvYzAq1ukQ6JGhic9iEQCujnqAGFvbdQhT3Rz2H8bS5l,239.0,46.0,0.0,0.0,0.0,3.0
Có ai giống tui k 😑,965,120,33,,https://www.facebook.com/hoiyeuchomeo.tv/posts/pfbid02GP9LeqRZ7oUTrXu35FVcwA5pVtLQyLzTq7HFuaL1nyGZ1cBMgTnVBou8JhDNWt8yl,19.0,6.0,0.0,0.0,0.0,0.0
"Người phụ nữ bán nhà, dành hơn 10 triệu/1 tháng để làm “mẹ” chăm lo “vương quốc chó mèo” bị bỏ rơi ở Đà Nẵng.
 Bạn nghĩ sao về chị ấy ạ ❤️",1059,94,53,,https://www.facebook.com/hoiyeuchomeo.tv/videos/139656031610839/,138.0,33.0,0.0,0.0,0.0,0.0
"Do rất nhiều member nhờ ad tìm kiếm chỗ chữa bệnh, cắt tỉa, mua bán, thanh lý phụ kiện thú cưng nên ad tạo ra sân chơi để mọi người  tìm kiếm những thứ mình cần về thú cưng tại đây nhá. Link tham ra nhóm đây nè: 

https://www.facebook.com/groups/216842433503924/",64,26,0,,https://www.facebook.com/hoiyeuchomeo.tv/posts/pfbid0UMipm2SLytWNcaD6X2oZ77b7MWfrHfY1CAxdhp9mQL6bMig9RPRXXieCzdiV46jzl,262.0,49.0,0.0,0.0,0.0,0.0
"(PLO)- Ban Thường vụ Thành ủy TP.HCM thống nhất chủ trương xây dựng Nghị quyết của HĐND TP hỗ trợ thêm với người hoạt động không chuyên trách cấp xã sau khi kết thúc hoạt động mà không được tiếp nhận vào làm công chức, viên chức.

#plo #baophapluattp #baophapluattphcm",69,1,11,,https://www.facebook.com/phapluattp.vn/posts/pfbid02cFrg9zek4R2ST1ZaBMuqCsNaeanKyChsazXkMNxNgfTHVqFJcJQ1mF2S8YY99E9il,268.0,50.0,0.0,0.0,0.0,3.0
"(PLO)- Nga yêu cầu Hội đồng Bảo an Liên Hợp Quốc họp khẩn sau vụ UAV t.ấ.n c.ô.n.g vào ký túc xá ở Starobelsk thuộc tỉnh Lugansk mà Moscow cáo buộc Ukraine thực hiện.

#plo #baophapluattp #baophapluattphcm",120,1,4,,https://www.facebook.com/phapluattp.vn/posts/pfbid0EbqHRZz29mHrEqxkT9xnwxC7Wf7V857Nbzep6NP1aYV4nSy6g7qqdSJu267DxP9ul,205.0,37.0,0.0,0.0,0.0,3.0
Nguy cơ tái diễn 'xóm vạn đò' ở Huế,30,1,2,,https://www.facebook.com/phapluattp.vn/posts/pfbid0mfafVwxiYywAQZYRWVr4ic9yhLtHw3n3kU7mDFnLVV9RGF7QpeoqSmC1dNZwKiwXl,35.0,9.0,0.0,0.0,0.0,0.0
Hình như hôm nay có điểm thi cấp 3…,283,34,2,,https://www.facebook.com/hoiyeuchomeo.tv/posts/pfbid07XriwX4yDN2tkp91pnRxjygbsXzG69DPgHmdiKKsd9NAFKhf8voPG2bYyRxn5jTcl,35.0,9.0,0.0,0.0,0.0,0.0
"Dụng cụ che bứm, cho những cô mồn lèo hay đạo dụ :))",626,206,21,,https://www.facebook.com/hoiyeuchomeo.tv/posts/pfbid0MkPrYtxWF28Tgz2PptxXbUQQvQ8GdM1pRRPpxE5SZsV9ufE3pAbvLSWUU6UDNvZVl,52.0,13.0,0.0,0.0,0.0,0.0
"Cả nhà bận đi bầu cử
Còn đây là tôi “ Đang bận phơi nắng “",1176,56,4,,https://www.facebook.com/hoiyeuchomeo.tv/posts/pfbid02sbhdFLEQR3JpckP4ArcBzTgWkhwTXQ5xtVpzT8erfx9g5mxW36AjDy6Ycdg7qFerl,58.0,16.0,0.0,0.0,0.0,0.0
"(PLO)- Ông Kevin Warsh tuyên thệ nhậm chức Chủ tịch Cục Dự trữ Liên bang Mỹ (Fed) vào thời điểm bất ổn ngày càng gia tăng do lạm phát, xung đột địa chính trị và thị trường tài chính biến động, cùng với áp lực chính trị ngày càng lớn đối với tính độc lập của ngân hàng trung ương.

#plo #baophapluattp #baophapluattphcm",40,1,2,,https://www.facebook.com/phapluattp.vn/posts/pfbid034HaU3g7Bqm5d3SpN5P2N35drX9TkxWBi7XDL3uzqLdh6eZjchtHFKfbjRrVDLGhAl,318.0,63.0,0.0,0.0,0.0,3.0
"(PLO)- Tổng thống Nga Vladimir Putin cho biết vụ t.ấ.n c.ô.n.g bằng bằng máy bay không người lái (UAV) vào một trường cao đẳng và khu ký túc xá sinh viên tại TP Starobelsk (thuộc Lugansk) đã khiến 6 người t.h.i.ệ.t m.ạ.n.g và ít nhất 39 người bị thương.

#plo #baophapluattp #baophapluattphcm",104,1,2,,https://www.facebook.com/phapluattp.vn/posts/pfbid0gyKYAhQa8HnsoEZUnof5Kz25q4gtwSPWiPpwDVUEKEn3r4Js9MzrTt5kx6AUMoyRl,292.0,52.0,0.0,0.0,0.0,3.0
"(PLO)- Các quản trị viên mong đợi những công cụ, tiêu chí pháp lý minh bạch và cơ chế phối hợp cụ thể với cơ quan chức năng để quản lý hội nhóm hiệu quả, văn minh hơn.

#plo #baophapluattp #baophapluattphcm",7,1,2,,https://www.facebook.com/phapluattp.vn/posts/pfbid036G2hE54zmdTyUqLRqrkMs6UtZ2bcN47wsdqEg2X9uAAzB8dAg1Cx5ia9nNFB88pXl,206.0,41.0,0.0,0.0,0.0,3.0
WANNA ONE 'kéo nhau' lên ảnh bìa đặc biệt “ELLE D Edition” của <ELLE KOREA> với 10 bìa tạp chí trong số tháng 6.,760,11,12,,https://www.facebook.com/hhsb.vn/posts/pfbid0ejgtDNBBzX4EbUCRHMvDXvFepNwZB2gKbJXgKm6F7XdG95hu2HxsQVjNKpyB5ztul,112.0,24.0,0.0,0.0,0.0,0.0
"Mới đây, rapper TYGA và nữ ca sĩ La Toya Yvonne Jackson - chị gái của huyền thoại âm nhạc Michael Jackson đã tương tác bình luận trong bài đăng poster MV 'Come My Way' của Sơn Tùng M-TP khiến fan âm nhạc ""rần rần"".",8204,359,66,,https://www.facebook.com/hhsb.vn/posts/pfbid0NufgvWEaH6G37AoZY7WjFvqLfu59ENnGF6Ye791zKooHYsWEnqMRCX4NRVLGVgyVl,214.0,45.0,0.0,0.0,0.0,0.0
"LISA khoe dáng siêu 🔥 trong MV GOALS - bài hát của World Cup 2026 cùng Anitta, Rema",3068,100,21,,https://www.facebook.com/hhsb.vn/posts/pfbid02WqstbKngzkN1qAKo2dNmq5sEtuSHTPuB9YeD2G221a6a12y2KJsk9mq82JFWAd27l,83.0,18.0,0.0,0.0,0.0,0.0
"(PLO)- Giám đốc Tình báo Quốc gia Mỹ Tulsi Gabbard thông báo bà sẽ từ chức vào cuối tháng 6, với lý do chồng bà được chẩn đoán mắc bệnh ung thư.

#plo #baophapluattp #baophapluattphcm",37,1,3,,https://www.facebook.com/phapluattp.vn/posts/pfbid0255tDpq1nuH4PuDvFT1xSvDeiETL8GDGwxiihj412k43i9Vo2qms623eFteLGFYYkl,183.0,35.0,0.0,0.0,0.0,3.0
"(PLO)- Cơ quan Năng lượng Quốc tế (IEA) cảnh báo rằng thị trường dầu mỏ có nguy cơ bị đẩy vào “vùng đỏ” do dự trữ cạn dần, trong khi bất ổn tại Hormuz tiếp tục gây áp lực lên nguồn cung toàn cầu.

#plo #baophapluattp #baophapluattphcm",47,1,3,,https://www.facebook.com/phapluattp.vn/posts/pfbid02VXKdFFigD5ArarT36pWwEyncfN7yMJjXRMhieTK4DDvi1WUzocBH3Qwnhn99ox1Dl,234.0,47.0,0.0,0.0,0.0,3.0
"(PLO)- Các sở, ban, ngành TP và Chủ tịch UBND cấp xã quyết định tiếp nhận vào làm công chức đối với người hoạt động không chuyên trách ở cấp xã vào các vị trí việc làm thuộc thẩm quyền quản lý, sử dụng.

#plo #baophapluattp #baophapluattphcm",346,1,44,,https://www.facebook.com/phapluattp.vn/posts/pfbid03hPzAgg48DceohPimLFuBt2U8gMrGeyvqBpHtw11UXS6B7KKGEVDafLNtLT2T7Afl,241.0,47.0,0.0,0.0,0.0,3.0
WHO nâng cảnh báo với Ebola,73,1,2,,https://www.facebook.com/phapluattp.vn/posts/pfbid02oRujidFP1BcTGATEWn1UK1mR3uVXPbL5kWYZS4qm7ZhBQZugs3goZLKNDFXd7fxDl,27.0,6.0,0.0,0.0,0.0,0.0
"(PLO)- Các đồng minh NATO bày tỏ sự hoang mang trước quyết định của Tổng thống Mỹ Donald Trump về việc điều 5.000 binh sĩ Mỹ đến Ba Lan chỉ vài tuần sau khi ông ra lệnh rút 5.000 binh sĩ khỏi châu Âu.

#plo #baophapluattp #baophapluattphcm",62,1,1,,https://www.facebook.com/phapluattp.vn/posts/pfbid02AGDEYAY1vE1ShK13Zd5bGjYqCaPX37K15FMs9ixNPfYxCgz63okounffFzZ19Zfzl,239.0,47.0,0.0,0.0,0.0,3.0
Xem chi tiết dưới phần bình luận 👇🏻,22,1,2,,https://www.facebook.com/phapluattp.vn/posts/pfbid0h4zv5EerQS7KE7w9fFne1SRB4o3TGKds94SaDpVkBgtTpZdNab5TGf8rnbu61GRLl,35.0,8.0,0.0,0.0,0.0,0.0
"Hoá ra ""Gặp Lại"" là một Album tự sự, Binz đánh dấu sự trưởng thành trong Album đầu tay vào ngày sinh với 11 track kể về cảm xúc, những câu chuyện cá nhân về gia đình, tình yêu và quá khứ một thời của Bigcityboi.",1262,2,23,,https://www.facebook.com/reel/1691358052300302/,211.0,46.0,0.0,0.0,0.0,0.0
"KFC ZESTIVAL 2026 CÓ DẤU HIỆU BAY VÉ SÁT SÂN KHẤU CỰC NHANH CHỈ SAU 2 NGÀY MỞ BÁN⁉🎉

Thiệt quá đã anh em ơi, KFC Zestival mùa 2 đã nổ thông báo một cái đùng 🔥 Chính thức lộ diện Tam tộc ngự trị Đảo Gà với hứa hẹn sẽ khuấy tung cái nóng ngày hè ở cả Hà Nội và TP.HCM!

✨Isaac & Quang Hùng MasterD: Bộ Đôi Tộc Gà âm vang cả một vùng trời với năng lượng cực cháy thiêu đốt mọi sân khấu.
✨52Hz; buitruonglinh & CONGB - 콩비: Tam Ca Tộc Chanh với sự kết hợp năng lượng trẻ trung, tươi mới và đầy sảng khoái.
✨Chi Xê; Codynamvo Uni5 & CoolKid: Tổ Đội Tộc Tiêu mà cất giọng là ai cũng phiêu.

Bán gà nước mình vất vả, lineup xịn cỡ này mà free vé khi tích điểm combo? Mau tay lẹ chân vì số lượng vé đổi có hạn đó cả nhà ơiiii 🙌🎇 

#KFC #KFCZestival #KhuayDaoGaMuaHa",1726,103,178,,https://www.facebook.com/hhsb.vn/posts/pfbid02xYpCe9Ru6geSv871eZL2UejNissD6EDkfTg22HEoK3Yo1F5swBQfjPZZbqzF17npl,757.0,165.0,1.0,1.0,0.0,3.0
"Thiệt hả bà ther! Lần đầu tiên, RHYDER và Ánh Sáng AZA kết hợp đã tạo nên một ""cú nổ"" visual và âm nhạc đầy thú vị trong MV Sống là phải Max từ Max Card.

🔥 X2 visual phát sáng
🔥 Melody bắt tai, hiện đại
🔥 Năng lượng bùng nổ, mang đậm hơi thở lifestyle của thế hệ GenZ chủ động dẫn đầu.

Dự là sắp thấy MV này xuất hiện kha khá trên TikTok rồi đó 👀

#Rhyder #AnhSangAZA #VIB #MAXCard #SongLaPhaiMAX",778,13,3,,https://www.facebook.com/reel/1879697039331293/,398.0,85.0,1.0,0.0,0.0,5.0
"(PLO)- Hai chiếc xe sang BMW và Lexus của bà Trương Mỹ Lan đã không được đấu giá thành công.

#plo #baophapluattp #baophapluattphcm",67,1,1,,https://www.facebook.com/phapluattp.vn/posts/pfbid0QEzKPEE7QLDARysCM51CcfbdDbwciKPbB7ggWHgNdAGFqEBxmqGcbNPxLeXq11EJl,131.0,23.0,0.0,0.0,0.0,3.0
"Khởi tố hai nữ sinh túm tóc, đ.á.n.h hội đồng bạn học trong nhà vệ sinh",510,1,16,,https://www.facebook.com/phapluattp.vn/posts/pfbid0cgDHReVkMcV1LJujgHYCqyDuXnNftNRi6p3pX58wW7fiLP1tsJFiHPQyEwZKb45Hl,71.0,16.0,0.0,0.0,0.0,0.0
"(PLO)- Năm trường THPT công lập mới trực thuộc Sở GD&ĐT TP.HCM sẽ tuyển sinh lớp 10 ngay từ năm học 2026-2027.

#plo #baophapluattp #baophapluattphcm",544,1,16,,https://www.facebook.com/phapluattp.vn/posts/pfbid0NGD64DzygpdraEj1PAx4XYahSNcreWqovSYgnAoQW774QXeK58yFtNhzq9urX8nrl,149.0,25.0,0.0,0.0,0.0,3.0
Dự kiến dừng thu phí cầu Rạch Miễu vào tháng 9,33,1,1,,https://www.facebook.com/phapluattp.vn/posts/pfbid0pvWokZepdguhhvVxs4iNNJrNm81nAeL7SjqQqp3PTvERzTL47gcubQiqkZYJM5UYl,46.0,11.0,0.0,0.0,0.0,0.0
"(PLO)- Báo Pháp Luật TP.HCM có năm tác phẩm được xét chọn là tác phẩm báo chí hay, xuất sắc viết về TP.HCM quý I năm 2026.

#plo #baophapluat #baophapluattphcm",50,9,1,,https://www.facebook.com/phapluattp.vn/posts/pfbid0385RBdePWeduJi46L2aSD8wkqvriwfuiXSgtt4fF8sQJSSjyKoy6ebVfrYjM5Dz9rl,159.0,30.0,0.0,0.0,0.0,3.0
"(PLO)- Qua 56 lượt trả giá, đã có người trúng đấu giá chiếc Maybach biển số tứ quý 9 của bà Trương Mỹ Lan với giá 16,652 tỉ đồng.

#plo #baophapluattp #baophapluattphcm",182,1,5,,https://www.facebook.com/phapluattp.vn/posts/pfbid02RDZLmke72boqY1KGQr37bSMCTFfxLrFuD6Qn9qb2qdGJzB3sgaQRHjNQWJzfAGrsl,168.0,32.0,0.0,0.0,0.0,3.0
"Hôm nay spotlight gọi tên Pháo với thông tin tham gia thi hoa hậu. 

Và rất đúng lúc, Thỏ Ơi cũng đã lên Coming Soon trên Galaxy Play. 

#tranthanh #thooi #galaxyplay #Phao #DieuHuyen",1655,22,10,,https://www.facebook.com/hhsb.vn/posts/pfbid027G2CxujVAgNh9LqJu7FMtLwPidKk6vafgNxBEHkSk6pcfbpEGYemcE7WaEKru792l,183.0,33.0,0.0,0.0,0.0,5.0
"MA XÓ MỞ SUẤT CHIẾU SỚM VỚI POSE CỰC DỊ CỦA TÍN NGUYỄN 😨 

Ma Xó vừa thông báo mở Suất Chiếu Sớm nè… Ủa mà khoan sao cái Poster này nhìn nó nặng đô, nó tà đạo dữ thần vậy trời, nhìn Tín Nguyễn “vặn vẹo” kiểu muốn gãy sống lưng tới nơi mà tui đau lưng giùm luôn á.

Mấy người mà gu kinh dị nhìn Poster này là ghiền liền, ai cùng gu thì cáp kèo với tui ra rạp coi Ma Xó sớm với Suất Chiếu Đặc Biệt 04.06.2026 nha!

👉 Đặt Vé Ngay nè!

#phimmaxo #maxo",559,84,9,,https://www.facebook.com/hhsb.vn/posts/pfbid02Ag27Rahz9EgucJdv6K8nCLDj7H6cYb1tobrkBXnUfu1XnszWhaUVecsMH3Et6Jiol,447.0,101.0,2.0,0.0,0.0,2.0
"Thông tin rapper Pháo (Diệu Huyền) đăng ký thi Hoa hậu Hoà Bình Việt Nam (Miss Grand Vietnam 2026) trở thành tâm điểm chú ý. 

Từ đây, nhiều cư dân mạng truy tìm thông tin chiều cao của nữ rapper này, từng được tiết lộ trong 1 tập phát sóng của Sao Nhập Ngũ 2024. Thời điểm đó, cô cao 1m62 - theo như lời chia sẻ ở chương trình. 

Pháo thể hiện nhiều nỗ lực thay đổi bản thân khi thử sức với nhiều cuộc thi, chương trình truyền hình thực tế cho đến đóng phim điện ảnh và giờ đây là thi Hoa hậu.",4170,120,26,,https://www.facebook.com/hhsb.vn/posts/pfbid0tFVLbuugu9axDjm2XLMxj4AQcbVPJpNQjMiAxzXk6KLxLmPtgnfxBMgxfCiWJZjxl,494.0,106.0,0.0,0.0,0.0,0.0
"Tấm à !
Về rồi hả con ...",427,45,3,,https://www.facebook.com/hoiyeuchomeo.tv/posts/pfbid0KdKChFjQ8dWfKgs66ruSuM3M3AGVa8Y6uUMZMGHdqD6e53Vxg5MkgtQ9Qhh7MdDol,25.0,8.0,1.0,0.0,0.0,0.0
"Balo cho các tín đồ mê mèo =)))
Xịn vchhh ❤️",233,70,6,,https://www.facebook.com/hoiyeuchomeo.tv/posts/pfbid0aKbDY7Kgy6jYmexQyfQ7WxFNofadXT6QKZVFP4GfrPYz3CduYP9EYsRT51k1eZZjl,44.0,11.0,0.0,0.0,0.0,0.0
"Vào khoảng 13 giờ 30 phút ngày 22-5, vụ hỏa hoạn xảy ra tại công ty TNHH B&T phường Phước Tân (thành phố Đồng Nai) chuyên sản xuất mút xốp, đồ nhựa.

Xem chi tiết dưới phần bình luận 👇

#plo #baophapluat #baophapluattphcm",211,1,6,,https://www.facebook.com/reel/1389321539667586/,221.0,43.0,0.0,0.0,0.0,3.0
"(PLO)- Phó Thủ tướng Hồ Quốc Dũng nhấn mạnh, việc điều chỉnh Quy hoạch sử dụng đất quốc gia thời kỳ 2021-2030, tầm nhìn đến năm 2050 phải có tầm nhìn dài hạn, không chỉ phục vụ yêu cầu trước mắt mà còn tạo nền tảng cho các giai đoạn phát triển tiếp theo của đất nước.

#plo #baophapluat #baophapluattphcm",27,1,2,,https://www.facebook.com/phapluattp.vn/posts/pfbid02ztEckgwY7jM5b62bmwsk1UZTJ4ec7Bs3EWkZuxA6YDWGN3rdo3xURMh3DpTqmWYBl,304.0,60.0,0.0,0.0,0.0,3.0
Nguyên Phó Chủ tịch nước Nguyễn Thị Bình nhận Huân chương cao quý của Palestine,470,1,9,,https://www.facebook.com/phapluattp.vn/posts/pfbid02hvgunEA9P15cvh5eL7eHQLh5YAfQWcJmbjiLEcoqjRFrxnXX2shqGYPsp5GZPBWbl,79.0,15.0,0.0,0.0,0.0,0.0
Phản ứng của Trấn Thành khi đọc thông tin rapper Pháo (Diệu Huyền) thi Hoa hậu Miss Grand Vietnam 2026:,6383,40,21,,https://www.facebook.com/hhsb.vn/posts/pfbid0gcF4ipPAo1Xo9P3E4iY8EvzvEMkNNozC3XGYVAJb3Vnk2DM52KcX8bNpp7Fxx11Pl,103.0,20.0,0.0,0.0,0.0,0.0
"Hình ảnh Thuý Diễm với bụng bầu 4 tháng hạnh phúc bên Lương Thế Thành.

Fan: Mai - Trang tranh giành đấu đá, người có được ảnh lại là Diễm 🥹😎",2250,25,7,,https://www.facebook.com/hhsb.vn/posts/pfbid02qRTJj3kwDm16LkbsSHm2pU5GwG1PiWT5GnrfDWunkeQKu1cqKwUs1yPXrnMCEaUhl,141.0,31.0,0.0,0.0,0.0,0.0
"Rapper/diễn viên Pháo (Nguyễn Diệu Huyền) ghi danh Miss Grand Vietnam 2026 ♥️

“Tôi quyết định tham gia Miss Grand Vietnam 2026 để không cảm thấy hối hận khi về già, hay phải tự hỏi bản thân tại sao mình không làm điều này sớm hơn. 

Tôi là một người may mắn khi được vào nghề từ sớm và nhận được rất nhiều sự quan tâm từ khán giả. Nhưng song song với điều đó, tôi cũng từng có những khoảng thời gian tự ti về ngoại hình và cả những giới hạn của bản thân. Thay vì để những điều đó cản bước, tôi chọn cách không ngừng thay đổi, học hỏi và phát triển chính mình để chứng minh khả năng bằng công việc và kết quả thực tế.

Vì vậy, đừng ngại những lời đánh giá hay hoài nghi. Hãy biến tất cả thành động lực để hoàn thiện bản thân mỗi ngày, bởi khi đủ nỗ lực và đủ bản lĩnh, bạn hoàn toàn xứng đáng tận hưởng những cơ hội và đãi ngộ tốt nhất dành cho mình”",26928,578,154,,https://www.facebook.com/hhsb.vn/posts/pfbid0jYW4Wn1p82SsHJGsonTs4fwymVjwREwwJgDJMEzYrDUus9UK6QE2FLA1uLqckkrtl,858.0,183.0,0.0,0.0,0.0,0.0
Người bán ma túy cho ca sĩ Long Nhật và Sơn Ngọc Minh là ai?,637,1,2,,https://www.facebook.com/phapluattp.vn/posts/pfbid0xVea1VSbcEkEevLxNXWyerTVVbBmphJzUdSzDvhrCEawwxTrvkKHMGwg7eZykobjl,60.0,15.0,0.0,1.0,0.0,0.0
"(PLO)- Công an ở Đắk Lắk đã tạm giữ hai nghi phạm mạo danh là nhân viên của trung tâm đấu giá, l.ừ.a đ.ả.o hơn 300 tỉ đồng của người dân.

#plo #baophapluattp #baophapluattphcm",280,1,11,,https://www.facebook.com/phapluattp.vn/posts/pfbid02u9ufSjeFFPHoHjg9aLhiHE9kFRevddK4F2s4wjbTBZoDfKtGm9ykThJGy8y1hW7Ul,176.0,34.0,0.0,0.0,0.0,3.0
"(PLO)- Bộ Tài chính đề xuất chi trả thu nhập từ 5 triệu đồng/lần trở lên mới phải khấu trừ thuế 10%. Cùng với đó, đề xuất nâng ngưỡng thu nhập vãng lai được miễn quyết toán thuế từ 10 triệu lên 15 triệu đồng/tháng.

#plo #baophapluat #baophapluattphcm",37,1,2,,https://www.facebook.com/phapluattp.vn/posts/pfbid0xgZzHkv4ScsWAN75NWuvvseC72k8f5FnLgtGCweuSMGXyUw6kB48fhYCfLMg5j7jl,251.0,48.0,0.0,0.0,0.0,3.0
"(PLO)- Thủ tướng Chính phủ quyết định tiếp nhận, bổ nhiệm ông Nguyễn Huy Dũng giữ chức Thứ trưởng Bộ VH-TT&DL.

#plo #baophapluat #baophapluattphcm",119,1,5,,https://www.facebook.com/phapluattp.vn/posts/pfbid0LdXKjH1Gx4A4NkEFJVRFNn639gZTeHF7sh3grQewLdtFZ4DrYkDsaQdByBgaLpajl,147.0,24.0,0.0,0.0,0.0,3.0
"Bộ Y tế cảnh báo 4 dấu hiệu bất thường của dịch Ebola, chủ động ngăn chặn xâm nhập",35,1,4,,https://www.facebook.com/phapluattp.vn/posts/pfbid0fiUdqWztuV9jtmq9UuXqt2he11DbXrAGfTgQUf7CZXi2Txydva5cYoe4xrpRDT3bl,82.0,19.0,0.0,0.0,0.0,0.0
"(PLO)- Từ việc phát hiện một người nghiện, Công an TP.HCM lần theo dòng chảy m.a t.ú.y quy mô lớn liên tỉnh, khởi tố 105 người và thu giữ hơn 9 kg ma túy tổng hợp.

#plo #baophapluat #baophapluattphcm",379,1,18,,https://www.facebook.com/phapluattp.vn/posts/pfbid02ifHF5GWFSe4abLWK4zAQ9xqNWhYQiU5njnCiWdq4Mp5r9S4DQfS75NuqhNEkAhYxl,200.0,39.0,0.0,0.0,0.0,3.0
"CHÍNH THỨC: CẢNH SÁT KẾT LUẬN ""GIỌNG NÓI CỦA KIM SAE-RON LÀ DO AI NGỤY TẠO... CHUYỆN KIM SOO-HYUN HẸN HÒ KHI CÔ CÒN VỊ THÀNH NIÊN LÀ SAI SỰ THẬT""

Trong bối cảnh Viện kiểm sát vừa xin lệnh bắt giữ đối với Kim Se-ui, đại diện của Viện nghiên cứu Garo Sero, vì cáo buộc bôi nhọ danh dự của nam diễn viên Kim Soo-hyun, cảnh sát qua quá trình điều tra đã kết luận rằng cáo buộc nam diễn viên này hẹn hò với cố diễn viên Kim Sae-ron khi cô còn ở tuổi vị thành niên là sai sự thật.

Theo đơn xin lệnh bắt giữ của Sở cảnh sát Gangnam (Seoul) đối với ông Kim do tờ JoongAng Ilbo xác nhận vào ngày 21/5, người này bị phát hiện đã phát tán thông tin sai sự thật về nam diễn viên Kim vì động cơ kinh tế, bao gồm việc thu lợi nhuận từ YouTube. 

Cảnh sát ghi rõ: ""(Nghi phạm) mặc dù biết rất rõ việc diễn viên Kim Soo-hyun không hề hẹn hò với người quá cố từ khi cô còn là trẻ vị thành niên, nhưng vẫn phát tán thông tin sai sự thật nhằm mục đích vu khống anh.""

Nội dung tin nhắn KakaoTalk mà ông Kim Se Ui công bố vào tháng 3 năm ngoái như một bằng chứng cho việc hẹn hò đã được xác định là ngụy tạo. Theo cảnh sát, vào năm ngoái, sau khi nhận được 11 bức ảnh chụp màn hình cuộc trò chuyện giữa người quá cố và tài khoản mang tên ""(Không rõ danh tính)"" vào năm 2016 từ phía tang quyến, ông Kim đã chỉnh sửa và ngụy tạo tổng cộng 7 chi tiết, trong đó có việc đổi tên người trò chuyện thành ""Kim Soo-hyun"". 

Cảnh sát nhận định: ""(Nghi phạm) biết rõ rằng người trò chuyện chưa được xác minh, nhưng vẫn đăng tải các tài liệu bị chỉnh sửa để khiến chúng trông như một cuộc trò chuyện thực sự giữa hai người."" Tệp ghi âm của người quá cố do phía ông Kim công bố vào tháng 5 năm ngoái cũng được kết luận là đã bị làm giả bằng trí tuệ nhân tạo (AI). 

Được biết, cùng với đại diện Kim, luật sư đại diện pháp lý của phía tang quyến cũng đã bị cơ quan điều tra khởi tố. Cảnh sát cho biết: ""Nghi phạm (luật sư phía tang quyến) không chỉ cung cấp tài liệu phạm tội cho ông Kim Se-ui và phát tán thông tin sai sự thật, mà còn phóng đại và tái tạo thông tin này, thực hiện hành vi phạm tội một cách có tổ chức và có kế hoạch.""

Về vấn đề này, luật sư Go Sang-rok, đại diện pháp lý của diễn viên Kim Soo-hyun, đã chia sẻ trên mạng xã hội (SNS) cá nhân vào ngày 20: ""Phía Kim Soo-hyun không khởi kiện luật sư của phía tang quyến. Có vẻ như cơ quan điều tra đã xác định được nghi ngờ đồng phạm nên đã chuyển đổi tư cách người này thành nghi phạm. Việc luật sư của người có liên quan bị coi là đồng phạm và chuyển thành nghi phạm là một trường hợp cực kỳ hiếm gặp.""

Cảnh sát nhấn mạnh: ""Sự việc này đã gây ra hậu quả là làm sụp đổ nền tảng xã hội, toàn bộ hoạt động kinh tế, cũng như phá hủy nền tảng sinh tồn nghề nghiệp của nam diễn viên Kim Soo-hyun. Trong tình trạng hiện tại khi anh ấy vẫn đang phải tiếp nhận điều trị tâm lý, nếu nghi phạm tiếp tục phát tán thông tin sai lệch, điều này có thể dẫn đến những tổn hại nghiêm trọng khó có thể phục hồi.""

Mặt khác, đối với việc Viện kiểm sát xin lệnh bắt giữ, đại diện Kim Se-ui lập luận rằng đây là một chiêu trò nhằm cản trở hoạt động báo chí của ông. 

Vào ngày 20/05 vừa qua, Viện Kiểm sát Quận Trung tâm Seoul đã xin lệnh bắt giữ đối với ông Kim Se-uivì vi phạm Đạo luật Xử phạt BLTD (quay phim và phát tán hình ảnh bằng máy ảnh, v.v.). 

Phiên tòa thẩm vấn để xem xét tính hợp lệ của lệnh bắt giữ sẽ được diễn ra vào ngày 26 tháng này tại Tòa án Quận Trung tâm Seoul, dưới sự xét xử của Chánh án Boo Dong-sik.",26380,6260,1482,,https://www.facebook.com/hhsb.vn/posts/pfbid0363oHncBLdiyobMorSayxBny6JN2pxEkz4pHuKwnwEtGErQAn1r3bkVxAnLpwvVXgl,3442.0,751.0,0.0,0.0,0.0,0.0
"Bài đăng poster MV 'Come My Way' trên IG của Sơn Tùng M-TP đã chạm mốc 1 triệu lượt thích, và cũng là kỷ lục của V-Pop hiện tại đối với 1 tấm poster cho comeback. 

Điều này phản ánh sự chờ đợi của khán giả và fan đối với sự trở lại lần này của nam nghệ sĩ. MV chính thức sẽ ra mắt vào 20h ngày 28/05 tới đây.",3755,273,23,,https://www.facebook.com/hhsb.vn/posts/pfbid0UgcfRKeTRjJEGUXkb1caC9twdsKR3qA9TNVQYQBMbUZ2ppZEwJvk8cdZ1QnoDNFyl,309.0,71.0,0.0,0.0,0.0,0.0
LISA trong siêu phẩm nhạc World Cup 2026 - GOALS sắp ra mắt,1914,22,13,,https://www.facebook.com/hhsb.vn/posts/pfbid0KwmhpjvQs4LTJQmZ5vyurAPdbtZSxBFqwL6qCKNS6afq11vudiZCeZzz58oT26kRl,59.0,13.0,0.0,0.0,0.0,0.0
Người gốc Việt Nam muốn về nước mua nhà cần chuẩn bị giấy tờ gì?,51,1,3,,https://www.facebook.com/phapluattp.vn/posts/pfbid02cTymeVRj7CZdXhjBha42hY3acfRf22CfoLmdkzjaahHuUrRDCMiUrCitRtWRgxdgl,64.0,15.0,0.0,1.0,0.0,0.0
"(PLO)- Ông Nguyễn Huy Vũ, Giám đốc Công ty cổ phần Vận tải và Dịch vụ Sơn Hà bị khởi tố để điều tra vụ xâm phạm quyền sở hữu công nghiệp.

Xem chi tiết dưới phần bình luận 👇

#plo #baophapluat #baophapluattphcm",190,1,10,,https://www.facebook.com/phapluattp.vn/posts/pfbid0zVJUQ7hvkSFkC2aVn3WkFMBkDxVeuDYS8jchk1E1V5GGGuEc8Xehd7x8BbzH4i8el,210.0,43.0,0.0,0.0,0.0,3.0
"(PLO)- Nói lời sau cùng, cựu Bộ trưởng Bộ Y tế Nguyễn Thị Kim Tiến cảm ơn sự điều hành công minh, đầy trí tuệ của HĐXX...

#plo #baophapluattp #baophapluattphcm",57,1,1,,https://www.facebook.com/phapluattp.vn/posts/pfbid02Sst7qjxRgxnJhZGSZRjxejdYv4FGScxDMmkFsnLmYcx9EkhxqvzEppgxhNPKsrQBl,160.0,30.0,0.0,0.0,0.0,3.0
"(PLO)- Lực lượng chức năng đã tiến hành cưỡng chế, thu hồi hơn 54.400 m2 đất bị lấn chiếm trái phép tại Phú Quốc.

#plo #baophapluattp #baophapluattphcm",150,1,0,,https://www.facebook.com/phapluattp.vn/posts/pfbid02ZjBs3p3RFw6N4XT3bRG21rfELLGCLAGs6geJNvoLo5fPwU1TGuAEpqQkMctNpaiAl,152.0,27.0,0.0,0.0,0.0,3.0
"(PLO)- Thị trưởng Victor Hugo Febre Calle bị bắn t.h.i.ệ.t m.ạ.n.g khi đang trên đường đến cơ quan làm việc, sau bữa trưa tại nhà mẹ ruột.

#plo #baophapluattp #baophapluattphcm",119,1,2,,https://www.facebook.com/phapluattp.vn/posts/pfbid0235FyAdw9HEg7cSRi9iNiW1WDuo65Uh3BS6ptoj32eQYg78uizuw1gxrThoPBbvql,177.0,30.0,0.0,0.0,0.0,3.0
"(PLO)- Cô gái 23 tuổi ở Đồng Tháp đến nhà trọ bạn thân chơi, lợi dụng bạn không chú ý đã lấy t.r.ộ.m vàng trị giá khoảng 280 triệu đồng để trả nợ.

#plo #baophapluattp #baophapluattphcm",109,1,6,,https://www.facebook.com/phapluattp.vn/posts/pfbid0P6NSSNCVFyeasL81EyTJnJyPMB17nk3j7rxLUFWnSKgtKkz6hFc1kjdoFmfUUwLUl,185.0,36.0,0.0,0.0,0.0,3.0
Khoảnh khắc Hứa Quang Hán ngồi ăn đang viral trên MXH,10495,590,177,,https://www.facebook.com/hhsb.vn/posts/pfbid0fExRNSogxVjvEgXfGtVfosp7CWMmNHb1iQHXJ2xezzMwe7KEPQ83LX4VmSB36JtAl,53.0,11.0,0.0,0.0,0.0,0.0
"Rain đã kêu oan về những đồn đoán cho rằng vợ anh, Kim Tae Hee, phải một mình gánh vác toàn bộ việc chăm sóc con cái.

Trong preview You Quiz on the Block, Yoo Jae Seok hỏi Rain có xem tập phát sóng trước đó mà vợ anh là Kim Tae Hee tham gia hay không. Rain đáp: ""Em có xem. Em cần phải nói về chuyện này. Lúc đó em đang ôm cô ấy nằm trên giường để cùng nhau xem. Tự nhiên đến phần kết, khi cô ấy kể về những áp lực khi chăm con, lấy tay che miệng và nước mắt rơm rớm, thì cảnh quay lại cắt ngay lúc đó"", chia sẻ này lập tức thu hút sự chú ý.

Anh tiết lộ: ""Em đã nhận được rất nhiều cuộc gọi từ mọi người"", và nói thêm: ""Họ hỏi: 'Cậu không phụ giúp việc chăm con ở nhà sao?'. Nhưng sự thật không phải vậy... 

Dạo này, trong những đoạn clip ngắn chiếu cảnh cô ấy rơi nước mắt, mọi người cứ hỏi: 'Sao cậu không giúp đỡ?'. Em là người đảm nhận việc đưa đón con đi học mà - em cũng có vai trò của mình chứ"", Rain đính chính.",2152,43,31,,https://www.facebook.com/hhsb.vn/posts/pfbid02pWADv9SvB43erQcguS3D4RDCd5VAF4UtsRtroUJBSUs4RJp56qTZPvzGg3FERSRWl,922.0,208.0,0.0,2.0,0.0,0.0
Tui thấy 2 cái post này có liên quan đến nhau nhưng mà không chứng mình được 👀,3268,87,54,,https://www.facebook.com/hhsb.vn/posts/pfbid02ehW7erYS9uQqLKBH1SQCTAkSa9zriVfvkTo9T7uJZPhgEMSXina6hWuRkP19c6PVl,78.0,18.0,0.0,0.0,0.0,0.0
"WEAN VÀ NAOMI ĐANG “ĐỐI THOẠI” QUA ÂM NHẠC SAU CHIA TAY?

Sau chia tay, WEAN không chỉ công khai ủng hộ sản phẩm mới của Naomi bằng cách share lên trang cá nhân, mà còn trực tiếp khởi xướng open verse “nowme” cho “cuộc gọi làm phiền”.

Điều khiến netizen chú ý hơn cả là phần lyric giữa hai ca khúc lại xuất hiện nhiều chi tiết làm dấy lên nghi vấn cả hai đã có mối quan hệ mới ngay sau chia tay. Nhưng trái với những đồn đoán đó, “nowme” lại mang màu sắc của một WEAN đầy tiếc nuối và hoài niệm.

Với vibe Y2K buồn, cả hai ca khúc khiến nhiều người nhớ lại giai đoạn WEAN và Naomi từng công khai chuyện tan vỡ và gây chú ý trên mạng xã hội một thời.

Vậy liệu đây chỉ là sự đồng điệu trong âm nhạc, hay là cách cả hai kể lại câu chuyện cũ theo góc nhìn khác? 👀",2550,47,21,,https://www.facebook.com/hhsb.vn/posts/pfbid02hUNPxcuZV37naDtaqfbkeyzDpAFdXFHGG4hoQjQzCL19jji8eeQfc1JeDeEsejtKl,761.0,166.0,0.0,2.0,0.0,0.0
"LỊCH ĐÃ NHƯ VẬY RỒI THÌ LÊN LUÔN 🔥 ĐÚNG NGÀY 13/06, ĐOÀN MÌNH CỨ  “BTS WORLD TOUR ‘ARIRANG’: LIVE VIEWING“ CHẶNG BUSAN MÀ THẲNG TIẾN TỚI RẠP THUI 💜 

Tháng 6 Cực Trộm Vía vì sau 2 tháng cách xa, chúng ta sẽ GẶP LẠI 7 ANH CHỒNG TRONG NGÀY ĐẶC BIỆT - KỶ NIỆM 13 NĂM NGÀY DEBUT CÙNG ARMY TRÊN TOÀN THẾ GIỚI tại concert được phát sóng trực tiếp từ Busan Asiad Main Stadium tới tất cả các rạp.

Các vợ nhớ chuẩn bị cổ họng thật khỏe và một tinh thần thật cháy dần từ bây giờ để quẩy hết mình trong 2 SUẤT CHIẾU HOT NHẤT THÁNG 6:

🗓️ THỨ BẢY, NGÀY 13 THÁNG 6 
🎟️ PHÁT SÓNG TRỰC TIẾP - SUẤT 16:45 

🗓️ CHỦ NHẬT, NGÀY 14 THÁNG 6
🎟️ PHÁT LẠI - SUẤT 16:45

*Thông tin chính thức về vé xem LIVE VIEWING “BTS WORLD TOUR ARIRANG” CHẶNG BUSAN sẽ được cập nhật cụ thể đến ARMY vào ngày 28/05/2026*.
HẸN CÁC VỢ TẠI LIVE VIEWING MÌNH GẶP NHAU NHÉ! 

#BTS #BTSWORLDTOURARIRANG #ARIRANG #방탄소년단 #GalaxyStudio",4056,154,59,,https://www.facebook.com/hhsb.vn/posts/pfbid0BJc6hToYjcDgRYNCScaQPfjabRue2ATr6SjM7LChh17bMpZLeD8ZprnLSYBU69E6l,888.0,183.0,1.0,0.0,0.0,5.0
"SAU 3 NGÀY LIÊN TỤC XÉ HINT ĐẠI SỨ SỨC KHOẺ VÀ CHÍNH THỨC CĐM ĐÃ ĐƯỢC NGỦ TRƯA! ✌️😎

Không để dân tình phải làm thám tử đoán mò nữa, phía nhà Long Châu đã chính thức gọi tên HIEUTHUHAI trở thành Đại sứ Sức khỏe cho chiến dịch lớn nhất năm 2026!

Giờ chỉ hóng xem sắp tới có photocard hay quà gì không để còn có động lực đi chích_ngừaaaaa vừa đu idol 👀

Tin hóng thêm nữa là nghe phong phanh CĐM bàn tán là ngày 30 và 31/5 tới đây bên page họ lại tính tung thêm bất ngờ. Long Châu lại tinh nghịch nữa rồi!!!

#TiemchungLongChau #ĐạiSứSứcKhoẻ #HIEUTHUHAIxTiemChungLongChau",1117,43,9,,https://www.facebook.com/hhsb.vn/posts/pfbid0YNELBjudKWy19DC8ytc11aek42uTTYnXnFdYJEBg4D7GyG4bPsPDEUAjx2AgsGa3l,570.0,114.0,5.0,0.0,0.0,3.0
"📰 Mời quý bạn đọc xem báo in số 106, phát hành ngày hôm nay (22-05-2026), dưới bình luận 👇

#plo #phapluattp #baophapluattp #epaper",11,1,0,,https://www.facebook.com/phapluattp.vn/posts/pfbid02xqQzpx9eD3ujWorFyFQMamGqYD8VrW5UoVz1uYSu2722PLuknk1SYyMXJR9Hbmm7l,131.0,24.0,0.0,0.0,0.0,4.0
"(PLO)- Dự thảo Luật Đô thị đặc biệt đang được TP.HCM khẩn trương hoàn thiện, trong đó đề xuất phân quyền triệt để với gần 300 thẩm quyền được giao trực tiếp cho HĐND, UBND và Chủ tịch UBND TP.

Xem chi tiết dưới phần bình luận 👇

#plo #baophapluat #baophapluattphcm",23,1,1,,https://www.facebook.com/phapluattp.vn/posts/pfbid0md4yhHbuCcBSEeGzG1rfJXC9andy1Z9Ukwxtu3BzphrS3A1DpHEwQ71TL1Wd2uawl,265.0,51.0,0.0,0.0,0.0,3.0
Hơn 170.000 thí sinh thi đánh giá năng lực đợt 2 cần lưu ý những gì?,23,1,2,,https://www.facebook.com/phapluattp.vn/posts/pfbid031PipgB5awCobxFD4WmUEp5Bfd34hNwRBP5YVHdtL2nch2NeJPvS4wge2KruEVf8pl,68.0,16.0,0.0,1.0,0.0,0.0
"Khoảnh khắc đang viral của JIMIN và JUNGKOOK ở concert BTS mới đây

Chỉ sau vài giờ, các video quay ở nhiều góc khác nhau nhận về tổng 100 nghìn lượt thích, gần 40 nghìn lượt đăng lại và hàng nghìn bình luận.",2569,111,46,,https://www.facebook.com/reel/1283100740207053/,208.0,43.0,0.0,0.0,0.0,0.0
Hai khoảnh khắc của Long Nhật - Sơn Ngọc Minh và Ngân 98 - Lương Bằng Quang ở cơ quan chức năng:,6006,209,33,,https://www.facebook.com/hhsb.vn/posts/pfbid02kXckpKCgPHSJBFHFwsM3rFtu32VaQqTVYHE2gCXvDLh6oGLtszZ8Zw6tDa4Wniqvl,96.0,22.0,0.0,0.0,0.0,0.0
"Giữa lúc nhiều người nổi tiếng bị bắt vì liên quan đến maithuy, nữ diễn viên Hạnh Thuý đã có những chia sẻ quan điểm:

""Dạo gần đây rộ lên sự việc nhiều người nổi tiếng bị bắt vì sử dụng chất c-ấm. Đương nhiên, mình không bao giờ ủng hộ sử dụng chất c-ấm. Không bao giờ ủng hộ việc làm vi phạm pháp luật.
Trong bài viết này là một góc nhìn “mềm mại” hơn, “gần” hơn.

Việc nhiều người sử dụng chất c-ấm không phải lạ. Bởi chất cấ-m nhiều khi ẩn nấp trong 🎈 cười - vốn bán khá công khai ở các vũ trường, bar, hay “cỏ”, shis/ha, 🚬 (nicotine) cũng không phải là thứ khó thấy trong thói quen sử dụng của nhiều người. Họ không coi là chất gây hại, bởi họ nghĩ dùng là sành điệu.

Mình đã chứng kiến một người quen trong 1 buổi tối hít hơn 10 trái “🎈 cười”, 50k/trái, theo bạn là “rẻ” hơn nhiều chỗ, không gây ngh/iện, chỉ làm vui, không có tác hại. Mình cũng chứng kiến vài anh chị lúc nào cũng có vài viên xanh, hoặc hồng, để dành đi chơi với bạn. Và coi đó là “đẳng cấp sành điệu”. Mỗi tối vài viên…

Tất nhiên những việc mình chứng kiến đã hơn 10 năm, thậm chí 30 năm hơn rồi.
Nhưng một điểm chung của những người đó (nếu không tự ý thức và dừng lại được) là tan nát.
Tự cuộc đời tan nát, vì đến lúc không ai dám hợp tác, không ai dám mời. Và sự nghiệp tan tành.
Chính các anh chị cũng nói: “tại tao hư, biết mình hư, mà không ngừng lại được”.

Lúc đầu chỉ cho vui, sau thì cứ vịn vào đấy mà vui, rồi thì từ vui chuyển thành hết vui.
Có một điều đáng sợ là: đa số người ta không bước vào những thứ đó với suy nghĩ “tôi sẽ ngh/iện” mà bước vào bằng tâm lý: “thử cho biết”, “một lần không sao” rồi “ít ít không sao”, “Tui sẽ ngừng lại được”, “tui không có nghiện, tui chỉ chơi vui thôi”, “mình kiểm soát được”.

Cho tới một ngày, cái thứ từng giúp mình “bay lên” lại bắt đầu kéo mình xuống.
Những thứ bạn cho là “thú vui” không chỉ lấy tiền. Nó lấy luôn khả năng cảm thấy hạnh phúc, khả năng làm người bình thường.

Đáng sợ nhất không phải lúc người ta chơi mà đáng sợ nhất là lúc người ta biết mình đang hư hao dần… nhưng không dừng lại được nữa.

Mình nghĩ xã hội cần nghiêm khắc với hành vi sai phạm. Nhưng bên cạnh đó, cũng cần nhìn những người lún vào đó như một lời cảnh báo cho tất cả chúng ta: Không có cái “sành điệu” nào đáng để đổi bằng thần kinh, tương lai, gia đình và lòng tự trọng của mình.

Nên nếu bạn còn đang đứng ngoài những thứ đó, xin đừng bao giờ thử để biết. Bởi có những thứ biết rồi… rất khó để không biết nữa.

Còn nếu ai đó đang lỡ mắc kẹt trong nó, mình mong họ đủ can đảm để tìm người giúp đỡ, trước khi mọi thứ đi quá xa. Vì đôi khi, điều mạnh mẽ nhất không phải là chứng minh mình “chơi được”.
Mà là dám dừng lại.""",9599,235,171,,https://www.facebook.com/hhsb.vn/posts/pfbid02arpi7cdyD1pm1MvZAFpMN8fPxjmdLbBBQzkJpHwL2etm3sy8oCH1fKJzKhHiNuohl,2641.0,573.0,0.0,0.0,0.0,0.0
"Trời đánh tránh miếng ăn, đồ mất nết 🙂",146,4,1,,https://www.facebook.com/hoiyeuchomeo.tv/posts/pfbid0211E3HeWB8Bm8CsuNfEGkAKarYw1tKa8JKWesPNG3onC26wu1bMr8jzc87fDhMow6l,38.0,9.0,0.0,0.0,0.0,0.0
Đuỹ moẹ...,406,21,5,,https://www.facebook.com/hoiyeuchomeo.tv/posts/pfbid0qf793bzvhT4EvCK2eYzX9pp5ej5zTSSYayCkCvEAp1MSvvb9nPRWnZGwDJUdzh2pl,10.0,2.0,0.0,0.0,0.0,0.0
Nhà tôi 3 đời .... 🙂,1067,146,70,,https://www.facebook.com/hoiyeuchomeo.tv/posts/pfbid032BbCtXi2gyPKr2GMokzejhnSgpBPNtm4Zy91guLJDC2M1FDqzKpDddVgYZeCUa2Yl,20.0,6.0,0.0,0.0,0.0,0.0
"(PLO)- Việc có một hành lang pháp lý rõ ràng cùng cơ chế phối hợp chặt chẽ sẽ giúp môi trường mạng trở nên lành mạnh, đồng thời giảm tải áp lực cho người vận hành các hội nhóm mạng xã hội.

Xem chi tiết dưới phần bình luận 👇

#plo #baophapluat #baophapluattphcm",5,1,0,,https://www.facebook.com/phapluattp.vn/posts/pfbid022y8bZ2h7Qp3tqSocu8VeFBgEJx1Kw3FJMHEhBmWQaPULQya5F8gFAJwvBrupbFRRl,261.0,53.0,0.0,0.0,0.0,3.0
"(PLO)- Bộ Quốc phòng Anh công bố video ghi lại cảnh được cho là tiêm kích Nga áp sát máy bay trinh sát RAF trên Biển Đen, có thời điểm chỉ cách mũi máy bay khoảng 6 m.

#plo #baophapluat #baophapluattphcm",127,1,1,,https://www.facebook.com/phapluattp.vn/posts/pfbid029x5kzXFRoi2pG58r7esimwFxC3qB8PrJfKtuavfCv6f2fCgcQHfpYwUxfBTuVm42l,204.0,41.0,0.0,0.0,0.0,3.0
"(PLO)- Tổng Bí thư, Chủ tịch nước Tô Lâm và Phu nhân cùng đoàn đại biểu cấp cao Việt Nam sẽ thăm chính thức Thái Lan từ ngày 27 đến 29-5.

#plo #baophapluattp #baophapluattphcm",155,1,4,,https://www.facebook.com/phapluattp.vn/posts/pfbid02SudTxz2pYP1nTN2gzfnNRTqKiN4CdTLrTv5PaCo3LvsWxYanUhkt2VRDbFWcfvzNl,176.0,34.0,0.0,0.0,0.0,3.0
"Ngày mai, TP.HCM thí điểm điều chỉnh giao thông tại vòng xoay Điện Biên Phủ - Nguyễn Bỉnh Khiêm",65,1,3,,https://www.facebook.com/phapluattp.vn/posts/pfbid0teCpnqFiAMG81htFspxPGwfxSR1uajbySFueQciUF14N5HX83u3AauW8Q77GjbZcl,95.0,19.0,0.0,0.0,0.0,0.0
"(PLO)- Người đứng đầu Cơ quan Năng lượng Quốc tế (IEA) cảnh báo rằng việc thiếu hụt xuất khẩu dầu mới từ Trung Đông và lượng dự trữ cạn kiệt có thể đẩy thị trường dầu mỏ vào ""vùng đỏ"".

#plo #baophapluattp #baophapluattphcm",22,1,0,,https://www.facebook.com/phapluattp.vn/posts/pfbid02Z46E1Fr6uPnWXnJMwDTbMBXEyHq7884KgXnfwYXmFAateWdH4GGD1g44ru6eZ9H9l,223.0,43.0,0.0,0.0,0.0,3.0
U-17 Việt Nam ở bảng G có bốn châu lục hội tụ,176,1,1,,https://www.facebook.com/phapluattp.vn/posts/pfbid02K38YQbbn7obcAng1hEadZiKzqpKaULzy7jAhQgb1AmBrAiyfyCAJVYxiA9PuUNp1l,45.0,12.0,0.0,0.0,0.0,0.0
"Vừa đi chợ về thấy bị mất chồng bởi con tuesday thấm dai 🥲
ST",454,33,6,,https://www.facebook.com/hoiyeuchomeo.tv/posts/pfbid029bDxK3jaL5G6AXgofk3vfjFY8WtuwBbjYbHfBNbuFpoebH4W4VC7JkyHsejJhW1hl,61.0,15.0,0.0,0.0,0.0,0.0
"Tàn dư Halloween hôm qua 🎃😥

Via: Candy the Corgi Official",518,34,18,,https://www.facebook.com/hoiyeuchomeo.tv/posts/pfbid0TnrEY2GBYNMgND787NCkTxoaZjUptVgkatic3gmVqsSVukWZZ5PsjHwq99Z2TnrCl,58.0,11.0,0.0,0.0,0.0,0.0
"Không có vé thì mời ra nha bạn mồn lèo!!

#hoiyeuchomeo",375,25,9,,https://www.facebook.com/hoiyeuchomeo.tv/videos/3177334145709146/,55.0,11.0,2.0,0.0,0.0,1.0
"(PLO)- Tổng thống Ukraine Volodymyr Zelensky đã chỉ đạo thực hiện các biện pháp an ninh tăng cường tại các khu vực phía bắc giáp biên giới với Belarus.

#plo #baophapluattp #baophapluattphcm",78,1,0,,https://www.facebook.com/phapluattp.vn/posts/pfbid02sYCxS5iiYdSa2rgDvb1dHzgg3MiPZqVoLrDjVfoz1a69oUfa2ZGayrzjMvuB5gaMl,190.0,32.0,0.0,0.0,0.0,3.0
"(PLO)- Trước diễn biến phức tạp của dịch bệnh Ebola tại một số quốc gia châu Phi, ngành y tế đã họp khẩn triển khai các biện pháp giám sát, phòng chống nguy cơ dịch xâm nhập vào Việt Nam.

#plo #baophapluattp #baophapluattphcm",45,1,5,,https://www.facebook.com/phapluattp.vn/posts/pfbid0b6ND3y8BkvgxXzwWd37mdWF1BMG5Nnqf9dQPksJAMoUe8hQCTxDzhdrARmymewSQl,226.0,43.0,0.0,0.0,0.0,3.0
"(PLO)- Từ việc kiểm tra hành chính một quán beer ở phường Vũng Tàu, công an phát hiện đường dây l.ừ.a đ.ả.o xuyên quốc gia hoạt động trong các căn hộ cao cấp, có liên quan m.a t.ú.y và tội phạm công nghệ cao.

#plo #baophapluattp #baophapluattphcm",182,1,12,,https://www.facebook.com/phapluattp.vn/posts/pfbid0pUXGeL2TgYNghmnFeoapHkVPP2oP1ranKBrWqLo7UW8BEcMnonpEKvYBQuZwUFwKl,247.0,47.0,0.0,0.0,0.0,3.0
‼️ Khởi tố Chủ tịch hội đồng quản trị và kế toán Công ty Cổ phần Xây dựng Điện 2,158,1,2,,https://www.facebook.com/phapluattp.vn/posts/pfbid02QM6wv7xE7tgd82fbszorqyFmvvE1hJNVouUEGPsWQ6hja84JqS9jf75KBwkQvnMrl,80.0,20.0,0.0,0.0,0.0,0.0
"(PLO)- Israel bắt đầu trục xuất hàng trăm nhà hoạt động bị quân đội nước này bắt giữ sau khi đột kích đoàn tàu viện trợ Gaza mang tên Global Sumud.

#plo #baophapluattp #baophapluattphcm",135,1,1,,https://www.facebook.com/phapluattp.vn/posts/pfbid036keFXAox1J6HQsy13j2dDqxiK1eMxS5FboYv8qvgmomo7FpX7dECkkLpwsoo29H1l,186.0,34.0,0.0,0.0,0.0,3.0
"(PLO)- Có tin Iran đang xem xét đề xuất mới nhất của Mỹ; Nga nói chỉ Iran mới có quyền quyết định số phận kho dự trữ uranium của mình.

#plo #baophapluattp #baophapluattphcm",60,1,0,,https://www.facebook.com/phapluattp.vn/posts/pfbid03jufyM2sUhkp4UrSgXbkHZyTbNUHh3foYi8SftJFk7ma6GqxCAqgzJkNmT7Xumgfl,173.0,33.0,0.0,0.0,0.0,3.0
"Trời mưa gió não nề, cần một vòng tay ấm áp ấp ủ lúc này 🌧

#hoiyeuchomeo",411,34,34,,https://www.facebook.com/hoiyeuchomeo.tv/posts/pfbid08Rd9ppTF6inpkB6jig3zJudF854ajTCcLAwZjA7rVRnuHcroNdYu4j6r9nYozCssl,73.0,17.0,0.0,0.0,0.0,1.0
"Em chân ngắn đáng iuuu ☺️☺️

#hoiyeuchomeo

Cre: Măng Cụt",444,21,12,,https://www.facebook.com/hoiyeuchomeo.tv/posts/pfbid02maZERQLvR9xi5ffh59B5wyTGBf8bNAjQUGTRnzxABZDxkUCz1wzTDN1HuSutCXwhl,57.0,10.0,0.0,0.0,0.0,1.0
"Giống chó quảng giao quá, nhạc nào cũng nhảy, bạn nào cũng chơi ❤️

#hoiyeuchomeo

Cre: Woof woof",829,20,64,,https://www.facebook.com/hoiyeuchomeo.tv/videos/373144494042609/,97.0,18.0,0.0,0.0,0.0,1.0
Ca sĩ Long Nhật trình bày với lực lượng chức năng về hành vi liên quan đến maithuy của mình:,7978,506,64,,https://www.facebook.com/hhsb.vn/posts/pfbid0psnTBVnTRbtafv11C7W4gjFG8VXr4MLLqEpWndL7amdVME7mHcVtoWoo87cgpcwrl,92.0,20.0,0.0,0.0,0.0,0.0
"Khi bị lực lượng chức năng bắt tại nhà, ca sĩ Long Nhật khai mình đã sử dụng maithuy đá cùng với quản lý của mình - Nguyễn Minh Nhựt và một người bạn đến chơi. Long Nhật khai mình đã chuyển khoản 1 triệu đồng, trong đó 500 nghìn tiền maithuy và 500 nghìn tiền xe. 

Ngoài ra, nam ca sĩ cũng cho biết bộ dụng cụ sử dụng, cũng như người nấu là quản lý của mình. Anh cũng sử dụng trong phòng của quản lý (trong nhà mình). 

Về phía Sơn Ngọc Minh, nam ca sĩ cũng khai nhận sử dụng maithuy đá từ trước Tết đến khi bị bắt. 

Công an TPHCM thông báo đã bắt giữ, xử lý 74 đối tượng; trong đó đã khởi tố, bắt tạm giam 71 bị can về các hành vi “Mua bán trái phép chất maithuy”, “Tàng trữ trái phép” và “Tổ chức sử dụng trái phép""; đồng thời phối hợp Công an phường xử lý hành chính 03 đối tượng theo quy định pháp luật.

Đáng chú ý, trong số các đối tượng bị xử lý hình sự có một số trường hợp là người hoạt động trong lĩnh vực nghệ thuật, có ảnh hưởng nhất định trên mạng xã hội và đời sống văn hóa, gồm: 

- Đinh Long Nhật (sinh năm 1967; HKTT: phường Phú Xuân, tỉnh Thừa Thiên Huế; chỗ ở: phường Tân Tạo, TP. Hồ Chí Minh; nghề nghiệp: ca sĩ, nghệ danh Long Nhật)

- Sơn Ngọc Minh (sinh năm 1990; HKTT: phường Ninh Kiều, TP. Cần Thơ; nghề nghiệp: ca sĩ, nghệ danh Sơn Ngọc Minh). Cả 2 đối tượng đều bị khởi tố, bắt tạm giam về tội “Tổ chức sử dụng trái phép chất maithuy”.

Theo: Báo Công An TP.HCM",3496,242,42,,https://www.facebook.com/hhsb.vn/posts/pfbid0G8QHShS9DkRrw5fnSqTtVTV95r2f7pps6pAxtg2No7WpYCBDBi9g2qx5aK5qK1Mgl,1390.0,300.0,0.0,0.0,0.0,0.0
Hình ảnh ca sĩ Long Nhật và Sơn Ngọc Minh khi bị bắt vì liên quan đến maithuy do Phòng Cảnh sát điều tra tội phạm về maithuy - Công An TP. Hồ Chí Minh chụp và đăng tải.,12167,937,143,,https://www.facebook.com/hhsb.vn/posts/pfbid02wtNbL3QL9mXjMLVYdUP8LofKtKr4WWnS2kKLMkTgR3eJjZx2so1GszGoQuZxdEaxl,168.0,39.0,0.0,0.0,0.0,0.0
"(PLO)-Khi tranh luận trong vụ án cựu bộ trưởng Nguyễn Thị Kim Tiến, đại diện VKS cho rằng ""các bị cáo không thể ngụy biện vốn đầu tư đưa vào vẫn ở đấy”.

#plo #baophapluattp #baophapluattphcm",96,1,3,,https://www.facebook.com/phapluattp.vn/posts/pfbid0BcBvmKxN3Tj5cGu4d7tsHYELQZoDxruUGSpsaYopaM55KypNgwTu8zt3LqLEZa1Vl,191.0,36.0,0.0,0.0,0.0,3.0
"(PLO)- Bộ Tài chính chính thức đề xuất bổ sung quy định người nộp thuế được giảm trừ tối đa 47 triệu đồng/năm khoản chi cho y tế, giáo dục - đào tạo vào thu nhập chịu thuế trước khi tính thuế thu nhập cá nhân.

#plo #baophapluattp #baophapluattphcm",51,1,1,,https://www.facebook.com/phapluattp.vn/posts/pfbid0333HEdWUPG6vdyi7nTpjsnLDc8stPcnZ1YkN1zMDTZKPnfktdL4J753HsKmgMfR2Cl,248.0,49.0,0.0,0.0,0.0,3.0
"(PLO)- Tổng Bí thư, Chủ tịch nước Tô Lâm đề nghị, ưu tiên trước hết cho vấn đề an ninh và chủ quyền số quốc gia, bảo đảm chủ động từ sớm, từ xa, không để bị động, bất ngờ.

#plo #baophapluattp #baophapluattphcm",95,1,5,,https://www.facebook.com/phapluattp.vn/posts/pfbid0VrmArYxitgSSto57ExqnhgbSyd7jePcideNQbPMnGXGAEE92oGJ4fYfKux9zdyqcl,210.0,43.0,0.0,0.0,0.0,3.0
"(PLO)- Thủ tướng Đức Friedrich Merz đã kêu gọi các nhà lãnh đạo EU thảo luận về một quy chế thành viên đặc thù cho Ukraine như một bước giúp tạo điều kiện thuận lợi cho các cuộc đàm phán hòa bình đang diễn ra với Nga.

#plo #baophapluattp #baophapluattphcm",44,1,2,,https://www.facebook.com/phapluattp.vn/posts/pfbid0wF2LSiYUEvDU8nXxcodove6dx8yt3gQXpwD82zWtF5kkRMGcWyBjhBGCe9sadTCul,256.0,50.0,0.0,0.0,0.0,3.0
"(PLO)- Công an test nhanh m.a t.ú.y với hơn 625 người tại beer club trên đường Hoàng Sa, phường Tân Sơn Nhất, TP.HCM thì phát hiện 3 người dương tính với m.a t.ú.y.

#plo #baophapluattp #baophapluattphcm",2107,1,67,,https://www.facebook.com/phapluattp.vn/posts/pfbid02gkYNumCn5Tcv6p5kB9acPvVmsNYR66UkVQJBiRdtLe2FzndTs5Fh5bRvowPWvZj3l,203.0,36.0,0.0,0.0,0.0,3.0
Cận cảnh cung đường xuống cấp 'bẫy' công nhân ở Thanh Hóa,42,1,4,,https://www.facebook.com/phapluattp.vn/posts/pfbid0325hnxcHkRhk9FveAS8Cz2bZAjRiKfxbnpQ9Wavzb3nNMTXUqk11DT6yv3Cfkhgpl,57.0,12.0,0.0,0.0,0.0,0.0
"Chúng ta cùng cười nào các bạn 😃

#hoiyeuchomeo",603,12,14,,https://www.facebook.com/hoiyeuchomeo.tv/posts/pfbid02qLKbjXHXatmKgJpHi9WnukWpZUjFr4uBDiwKEEEQVadh2DF3HG6v9EThF2ZF6WgPl,47.0,9.0,0.0,0.0,0.0,1.0
"“Hôm nay tao đi đường và gặp quả Chó này 😂😂
Nhìn nó cua thấy nhây nhây thế nào ấy tụi m ạ :)) Nhất là quả chân mày rất hot trend nhé 🤣

Chụp nó mà nó còn lè lưỡi lêu lêu tao cơ đấy, biết dừng đèn xanh đèn đỏ là nhảy xuống cho đở mỏi chân, bố vặn ga là trèo lên cổ đi tiếp. Không đùa được đâu 😆😆”

Via: Hoài Su

#hoiyeuchomeo",624,28,3,,https://www.facebook.com/hoiyeuchomeo.tv/posts/pfbid02uPZTjJdB8cVLXzqUZj4PAoTRvCDni3dWVGrYmGAcyFbKe3BT1f2ydMjSg7CKjHw7l,324.0,77.0,0.0,0.0,0.0,1.0
"Đồ hai mặt 🙂

#hoiyeuchomeo
Cre: Động mèo",533,15,8,,https://www.facebook.com/hoiyeuchomeo.tv/posts/pfbid0KNMSgiyNnLiG2VmdnLj6T5LY48HP8V7GodmfrAxMKQaxnMtSL24iYbEzSnPcp2Mzl,41.0,8.0,0.0,0.0,0.0,1.0
"(PLO)- Cơ quan CSĐT Công an TP.HCM phát hiện Nguyễn Thế Cường nuôi nhốt 3 con chim công lục và nhiều động vật quý hiếm nên khởi tố, bắt giam về tội vi phạm quy định về bảo vệ động vật nguy cấp, quý, hiếm.

#plo #baophapluattp #baophapluattphcm",152,1,12,,https://www.facebook.com/phapluattp.vn/posts/pfbid02ffRDecy3Uk3Gni8MK3wMSzWGCPVwAEzp91P1CsWgLbhRLs1PXU5HYkMdE5eDYW89l,243.0,48.0,0.0,0.0,0.0,3.0
Đã có người trúng đấu giá hai chiếc túi Hermès bạch tạng của bà Trương Mỹ Lan,162,1,3,,https://www.facebook.com/phapluattp.vn/posts/pfbid02yKUueGkpe3QDSodSnjmqpxZAa5tozyyEyYSwWDMGRnAUDNjSVfB6rjRkvgF9EkJfl,77.0,17.0,0.0,0.0,0.0,0.0
"(PLO)- Cơ quan điều tra VKSND Tối cao mời mẹ nữ sinh t.ử v.o.n.g trong vụ t.a.i n.ạ.n giao thông ở Vĩnh Long lên làm việc liên quan đến nội dung đơn tố cáo.

#plo #baophapluattp #baophapluattphcm",267,1,4,,https://www.facebook.com/phapluattp.vn/posts/pfbid08PSUAmMkXwCG4n3cxkwytPCUExTn75qErKvnxVLpQkM1zc21jJxvfiDK8zeQqxJyl,195.0,37.0,0.0,0.0,0.0,3.0
"Phòng Cảnh sát điều tra tội phạm về maithuy - Công An TP. Hồ Chí Minh công bố hình ảnh ca sĩ Long Nhật, ca sĩ Sơn Ngọc Minh và hơn 70 đối tượng trong đường dây maithuy quy mô lớn bị bắt tạm giam, khởi tố.",2231,274,38,,https://www.facebook.com/hhsb.vn/posts/pfbid0mVXvHJXT9ELfaZLq3tzWrXyBMWPUEQsgncpvdpADNkCdwZnAKAZK78p3CKC3F8qNl,204.0,47.0,0.0,0.0,0.0,0.0
"Thông tin từ Cơ quan Cảnh sát điều tra Công an TP. Hồ Chí Minh, ca sĩ Đinh Long Nhật, Sơn Ngọc Minh vừa bị khởi tố, bắt tạm giam về hành vi ""Tổ chức sử dụng trái phép chất maithuy"". 

Cả hai ca sĩ bị phát hiện khi đang sử dụng maithuy tại nhà riêng. Từ đây, Đội 2, Phòng Cảnh sát điều tra Công an TP. Hồ Chí Minh đã tiến hành đấu tranh khai thác, truy vết đến cùng để làm rõ các mắt xích cung cấp, tổ chức sử dụng và tiêu thụ. Bước đầu đã khởi tố, tạm giam 71 bị can có liên quan về các hành vi ""Mua bán trái phép chất maithuy"", ""Tàng trữ trái phép chất maithuy"" và ""Tổ chức sử dụng trái phép chất maithuy

Đây là kết quả bước đầu của việc kiên trì phương châm ""lần theo dòng chảy của maithuy"" để xử lý triệt để cả người sử dụng maithuy gắn với chiến dịch 45 ngày đêm phát hiện, đấu tranh, làm sạch địa bàn ở các điểm, tụ điểm, đường dây mua bán, vận chuyển, tàng trữ, sử dụng trái phép maithuy theo chỉ đạo của Giám đốc Công an TP. Hồ Chí Minh.

Theo: Công an TP. Hồ Chí Minh.",9334,800,92,,https://www.facebook.com/hhsb.vn/posts/pfbid02EQ9TzfKyPFQRHKfKELhoh8RaLF8rTddinGV7YifMstvx3tJF58S4Tj16CMu4DPRZl,977.0,215.0,0.0,0.0,0.0,0.0
"HẬU BÊ BỐI GIA ĐÌNH CHẤN ĐỘNG DƯ LUẬN THÁI LAN: TẬP ĐOÀN CÁCH CHỨC PI SCOTT, MR NAWAT TRẢI THẢM ĐỎ MỜI PSI SCOTT LÀM GIÁM KHẢO MGI ALL STAR

Thời gian gần đây, những góc khuất trong cuộc xung đột nội bộ gia đình giữa hai anh em Pi Siranut Scott và Psi Sunith Scott đã trở thành tâm điểm chú ý lớn nhất của truyền thông và dư luận Thái Lan. 

Đứng trước làn sóng phẫn nộ và những tác động tiêu cực, Tổng Giám đốc Điều hành Singha Corporation tuyên bố Pi Sunith Scott (người anh trai) đã chính thức bị bãi nhiệm khỏi mọi chức vụ tại công ty và các đơn vị trực thuộc. Tập đoàn cam kết sẽ hợp tác toàn diện với cơ quan chức năng để điều tra làm rõ sự thật, đảm bảo tính công bằng mà không có bất kỳ sự bao che nào.

Cùng thời điểm, bức thư từ chức của Pi Sunith cũng được công bố rộng rãi. Trong thư, anh thừa nhận sự việc đã gây ra sự xáo trộn lớn và gửi lời xin lỗi đến Tập đoàn cũng như gia đình

Trái ngược với sự sụp đổ sự nghiệp của người anh, Psi Scott (người em trai) lại nhận được sự ủng hộ mạnh mẽ từ cộng đồng và đặc biệt là từ ""ông trùm"" giới sắc đẹp - Nawat Itsaragrisil (Mr Nawat). Giữa tâm bão drama, Mr Nawat đã bất ngờ công bố bổ nhiệm Sand Scott vào vị trí giám khảo của đấu trường MGI All Star.

Giải thích về quyết định này, Mr Nawat cho biết ông đã để mắt đến Psi từ lâu, đặc biệt là sau khi chứng kiến cách anh thể hiện tư duy và sự mạnh mẽ trên chương trình Hone Krasae.

- Sức mạnh truyền cảm hứng (EmPower): Nawat đánh giá cao Psi như một hình mẫu lý tưởng, có nhận thức sâu sắc và khả năng biến nỗi đau thành sức mạnh để đòi lại công bằng.
- Sự chuyên nghiệp: Dù đang chịu áp lực lớn, Psi vẫn cam kết tham gia chấm thi đầy đủ các ngày với lịch trình vô cùng khắc nghiệt, chứng minh bản lĩnh và tinh thần trách nhiệm cao.

Sự việc của gia đình Scott không đơn thuần là câu chuyện ""vạch áo cho người xem lưng"". Dưới góc nhìn của Mr Nawat và nhiều nhà quan sát, đây là một bài học đắt giá về đạo đức và trách nhiệm gia đình.

Ông Nawat thẳng thắn chỉ trích sự đạo đức giả của những gia đình hào môn: “Họ sở hữu một thương hiệu lớn, luôn gắn liền với hình ảnh tài trợ từ thiện, ủng hộ thể thao và đề cao đạo đức xã hội. Thế nhưng, họ lại quên mang lại sự công bằng cho chính những người trong gia đình mình.”

Việc Psi Scott dũng cảm đứng lên tố cáo hành vi sai trái ngay trong chính mái ấm của mình đã tạo ra một làn sóng dũng khí mới. Nó đại diện cho hàng trăm nghìn gia đình khác tại Thái Lan đang phải âm thầm chịu đựng những bi kịch tương tự. Sự lên tiếng này là minh chứng cho việc mạng xã hội và truyền thông có thể trở thành một ""không gian an toàn"", giúp những nạn nhân yếu thế đòi lại ánh sáng công lý.",4498,68,54,,https://www.facebook.com/hhsb.vn/posts/pfbid02t5mY4eqaqsjca48QEKV9qfQAY78dXgYuZXPmX7HSQQYd4DCtCSUxQYGEkEAcoQNRl,2630.0,576.0,0.0,0.0,0.0,0.0
"(PLO)- Thời điểm kiểm tra, lực lượng làm nhiệm vụ tỉnh An Giang đã phát hiện và tạm giữ 12 loại hàng hóa có dấu hiệu nhập lậu, tổng giá trị ước tính hơn 475 triệu đồng.

#plo #baophapluattp #baophapluattphcm",105,1,5,,https://www.facebook.com/phapluattp.vn/posts/pfbid0T7CvaTHzYRWEjGfMEiCeTN12Nprb3PRF3snaenQc1rSr5WXkGCo1qPuKxQgyRXyBl,207.0,40.0,0.0,0.0,0.0,3.0
"Vụ cháy dữ dội xảy ra tại kho điện máy ở xã Xuân Thới Sơn, TP.HCM khiến nhiều tài sản bị thiêu rụi, nhà xưởng đổ sập sau nỗ lực dập lửa của cảnh sát.

#plo #baophapluattp #baophapluattphcm",80,1,7,,https://www.facebook.com/phapluattp.vn/posts/pfbid0XVLaN4ZYrn21yqAC3V1pdcCU6Z3GHH3mM3PKN3JYamUTbq1QMGfbJ8k6KheMgbpLl,188.0,38.0,0.0,0.0,0.0,3.0
Công an TP.HCM khuyến cáo người dân không dùng 'bạo lực' khi va chạm giao thông,80,1,7,,https://www.facebook.com/phapluattp.vn/posts/pfbid021tzUAwtT1eXxbSwT9nMMkfBtd2Fagj1X2xsxgBakdCofSgptkjF71eaXBKinpjQul,79.0,16.0,0.0,0.0,0.0,0.0
"""M nhìn cái gì mà mặt phởn thế? Trai hả? Xê ra cho t ngắm với!!""

#hoiyeuchomeo",392,7,11,,https://www.facebook.com/hoiyeuchomeo.tv/videos/702535223805772/,79.0,17.0,2.0,2.0,0.0,1.0
"Gãi gãi..phê quá!!!

#hoiyeuchomeo
Cre: Jali",238,7,5,,https://www.facebook.com/hoiyeuchomeo.tv/videos/322513312375321/,44.0,6.0,3.0,0.0,0.0,1.0
"Sắp đến giờ đi ngủ rồi nha 😴

#hoiyeuchomeo

Ảnh: Sưu tầm",450,44,31,,https://www.facebook.com/hoiyeuchomeo.tv/posts/pfbid0a9Kn7pjmroutnEZA9FgfUrQRcsCwjW1WQ3YpqkDZyzKApgogjGKvdFCi4XURGZAvl,57.0,12.0,0.0,0.0,0.0,1.0
"Thông tin Arsenal giành chức vô địch Ngoại Hạng Anh lần thứ 4 trong lịch sử và lần đầu tiên sau 22 năm đã trở thành đề tài nổi bật nhất MXH trong hơn 6 tiếng vừa qua. 

Thủ tướng đương nhiệm của Anh, Keir Starmer đã có chia sẻ nhanh để chúc mừng: ""22 năm chờ đợi thật là dài nhưng cuối cùng chúng ta vẫn đi đến đích. Chúng ta là nhà vô địch, Arsenal"".

Trên trang X chính thức của CLB, bài đăng poster vô địch của Arsenal đã thu về gần 500 nghìn lượt thích, hơn 15,6 triệu view, 24 nghìn bình luận và 200 nghìn lượt đăng lại.",4495,202,35,,https://www.facebook.com/hhsb.vn/posts/pfbid07RXLjmJ3NJgxdieTugkek5TYfajKYyB15taSeTndrZ6wRgZ5jxJAq817nHxeTxNPl,525.0,113.0,0.0,0.0,0.0,0.0
"LISA, Anitta, Rema cùng thể hiện ca khúc Goals của FIFA World Cup 2026™ 🔥",3356,34,21,,https://www.facebook.com/hhsb.vn/posts/pfbid0X98kYZwF7QetfBtu6qHuySb4MnFwv9j7k8Zs1vaQ3PD8Gy4NbPTE791Dh8VqhNbPl,73.0,15.0,0.0,0.0,0.0,0.0
Đại diện Việt Nam - Hoa hậu Hương Giang trong đêm mở màn và trao sash của Miss Grand International All Star:,9264,164,28,,https://www.facebook.com/hhsb.vn/posts/pfbid02rKDiB7W7GMK1SvHtQGjnnwKs4BJq63xtfV36CDNUF6gvm8VyKd4pLg4UTMAj1ee1l,108.0,22.0,0.0,0.0,0.0,0.0
Nhan sắc đời thường gần đây của Lọ Lem (Mai Thảo Linh) nhà MC Quyền Linh:,2778,83,14,,https://www.facebook.com/hhsb.vn/posts/pfbid0ujezCakmYbPpWGE7Jgr3ABLR9APbaNgEVBYv4q83UmqNuqJKAUmWkMHp1E7fijZil,73.0,16.0,0.0,0.0,0.0,0.0
"Intro mới của Sơn Tùng M-TP có một chi tiết thay đổi so với trước đây: Mở đầu bằng số 1, sau đó lật sang thành chữ T trong logo MTP Entertainment. Ngoài ra, chữ M trong ""ment"" cũng đã được thay đổi.",5570,195,21,,https://www.facebook.com/hhsb.vn/posts/pfbid0MT92de51iqKTqhZqX7ebjeunXD8u3FphqekpRAXTfKbWm8StBrSGoebVXnaJGqi7l,198.0,43.0,0.0,0.0,0.0,0.0
"Come My Way của Sơn Tùng M-TP hé lộ teaser đầu tiên:

Fan: Teaser 29 giây nhưng intro 9 giây và outro 6 giây 🥹",4125,203,16,,https://www.facebook.com/reel/1485324783087419/,110.0,25.0,0.0,0.0,0.0,0.0
"Đã nói là không phải béo híp mắt mà 🥵
Cre: Jali",273,1,0,,https://www.facebook.com/hoiyeuchomeo.tv/posts/pfbid02hp2XRs7tkPQu4sDp8eVZuAoVmYcXCtEHQRmHrqeZCp79MkTiczbTKJzmSEhtBGobl,47.0,12.0,0.0,0.0,0.0,0.0
"Đừng chạm vào chồng tao con Sen kiaaaa!! =.=

#hoiyeuchomeo",547,27,30,,https://www.facebook.com/hoiyeuchomeo.tv/videos/756221258565361/,59.0,10.0,2.0,0.0,0.0,1.0
"Bé rái cá phải ôm bạn mều mới ngủ được!!! Có ai ở đây đi ngủ nhất quyết phải ôm một cái gì đó không??

#hoiyeuchomeo

Cre: ma ko",809,56,38,,https://www.facebook.com/hoiyeuchomeo.tv/videos/3446954388705777/,128.0,29.0,3.0,2.0,0.0,1.0
Hình ảnh đầu tiên trong MV Come My Way của Sơn Tùng M-TP đặt lịch ra mắt vào 20h ngảy 28/05/2026.,4505,156,24,,https://www.facebook.com/hhsb.vn/posts/pfbid03DL6nbhyXvBNKtCVmn286bVGJ2sFDJB8L4HHaczXcwtf8KLtet5r5gRQeHmtqNmql,97.0,21.0,0.0,0.0,0.0,0.0
Jeon Jungkook bảnh bao điển trai theo phong cách bụi bặm trong loạt ảnh thời trang mới nhất:,2456,66,41,,https://www.facebook.com/hhsb.vn/posts/pfbid02MfNQ37hcGQrr8ZRpeigN5LsgbSjj8EkWZVNidHRuPQP4w6VxkoRSaW4wzX8dh6kDl,92.0,18.0,0.0,0.0,0.0,0.0
"Đang viral khoảnh khắc tình cảm 'cẩu lương' của vợ chồng Hari Won - Trấn Thành khi vô tình lọt vào khung hình vlog của gia đình Anh Đức

Fan trêu: Hợp đồng kiểu này thì tôi xin ký vội 😎",3747,162,50,,https://www.facebook.com/reel/1337983804893542/,185.0,41.0,0.0,0.0,0.0,0.0
"""Nàng thơ quốc dân xứ Hàn"" Kim Ji Won trên rạp chí Marie Claire Korea:",6521,74,85,,https://www.facebook.com/hhsb.vn/posts/pfbid0ma1cycUDCr7V74xRAtnqf3KWoa3c1kpShC7hsn2QENMoj9zgB5h9EYN2hwxbApjrl,70.0,15.0,0.0,0.0,0.0,0.0
"Mới đây, Neymar được xướng tên trong danh sách 26 cầu thủ của đội tuyển Brazil tham dự World Cup 2026. 

Như vậy, kỳ World Cup sắp tới có thể đánh dấu lần tham gia cuối cùng của 3 siêu sao Neymar Júnior, Lionel Messi và Cristiano Ronaldo. 

Trên khắp các nền tảng MXH, cụm từ ""the last dance"" đã được người hâm mộ dành tặng cho sự xuất hiện của cả 3 cầu thủ trong mùa World Cup năm nay, trở thành chủ đề top 1 mảng thể thao được thảo luận trên X, Threads trong nhiều giờ qua trên toàn thế giới.",2858,89,65,,https://www.facebook.com/hhsb.vn/posts/pfbid0SxuXV3w7zEvXzMBGrUDtqZhHCTwKCEyjbhhYG7wvzCM9DyFnW1NGP2UMppvsSwKJl,494.0,104.0,0.0,0.0,0.0,0.0
"Sau chuỗi ngày làm việc xuyên trưa, miệt mài tung hint rồi lại đi xé standee, 5 chiến thần Marketing của Long Châu hiện đang trong trạng thái ""đứng ngồi không yên"" đúng nghĩa! =)))))

Nước đi teasing này công nhận kịch tính thật, làm dân tình cứ gọi là đoán già đoán non, ""quay xe"" liên tục vì idol.

Nhưng nghe đồn, ""trùm cuối"" thường lộ diện ở nơi ít ai ngờ tới nhất. Các thám tử mạng thử ghé qua fanpage Tiêm Chủng Long Châu soi thử coi? Biết đâu lại lụm được chiếc manh mối xịn sò nào đó rồi quay lại đây check-var cùng ad nha! 😉

#LongChau #AilaDaiSu ?",1852,6,2,,https://www.facebook.com/hhsb.vn/posts/pfbid02Huw2sc2Kt7cSZ6p6fBYzFPCbGume1oFqw24p6PcHjWpZnx1KamKaerJ6UQoBgAKBl,557.0,114.0,2.0,2.0,0.0,2.0
"(PLO)- Nhiều bạn đọc bày tỏ sự tiếc nuối, thất vọng và cho rằng đó là hồi chuông cảnh báo về lối sống buông thả phía sau ánh hào quang showbiz.

#plo #baophapluattp #baophapluattphcm",74,1,3,,https://www.facebook.com/phapluattp.vn/posts/pfbid03865DN6ZG4L4LnJzgza5cPJ2Fq7tfadm4Y75X3hkbdX6TabL6v5K9pZbHZapFgxhal,182.0,34.0,0.0,0.0,0.0,3.0
"(PLO)- Bộ Y tế đề xuất nâng mức trợ cấp xã hội từ 500.000 đồng lên 540.000 đồng/tháng từ ngày 1-7-2026, hỗ trợ khoảng 4,5 triệu người.

#plo #baophapluattp #baophapluattphcm",23,1,3,,https://www.facebook.com/phapluattp.vn/posts/pfbid0rXnCfeCMTdGFWAApGPTUHv5fjSTJcWArkVx6SC3YWsbJN1XZYT61JaiyPcQiERHel,173.0,30.0,0.0,0.0,0.0,3.0
"(PLO)- Mâu thuẫn tình cảm, người đàn ông ở Quảng Ninh đã dùng d.a.o s.á.t h.ạ.i người phụ nữ chung sống như vợ chồng với mình rồi t.ự t.ử.

#plo #baophapluattp #baophapluattphcm",52,1,4,,https://www.facebook.com/phapluattp.vn/posts/pfbid02YJBt7nShhPNHzaBoZbBePSP7bKTVT13m6noXp5L3dDLodVEQHdkBy1U1iuw8vqm9l,177.0,32.0,0.0,0.0,0.0,3.0
"ĐI PHÁ ÁN KHÔNG ĐỂ DJ MIE VỚI ANH TÚ ATUS XIN CHO?

Từ một vụ nghi ngờ tình ái, cả 2 vô tình bị bế vào một vụ án xém hoàn hảo, buộc phải chứng minh mình liêm. Nhiệm vụ hệ thống lần này coi bộ khó, 2 anh chị hết thời gian lên mạng làm phiền rồi. Thế mà lại hay =)))

Rốt cuộc ai mới là trùm cuối của vụ án… hay người cần được điều tra nhất là hai ông bà bất ổn kia? 🫠 Ra rạp để được bật mí nha mấy bà!

🎬 ÁN MẠNG XÉM HOÀN HẢO | Dự kiến tại rạp: 02.10.2026

#AnMangXemHoanHao  #Atus #DJMie",736,68,1,,https://www.facebook.com/hhsb.vn/posts/pfbid0RiVxggYYUgnYTCXmvTkLff1h8t6TG2V9MhmjW6ifedBXgjYRYkV51UCWKzTiVxnxl,487.0,113.0,1.0,2.0,0.0,3.0
Khi Bình An nhắc cho Phương Nga nhớ đã có chồng mấy năm rồi:,7186,70,39,,https://www.facebook.com/reel/1527904128935901/,60.0,14.0,0.0,0.0,0.0,0.0
"Mới đây trên trang cá nhân, nữ diễn viên Thuý Diễm thông báo mang thai bé thứ hai, vào đúng dịp kỷ niệm 10 năm ngày cưới với Lương Thế Thành.

""Chúc mừng gia đình chúng mình đã có thêm thành viên mới 🥰

Còn hạnh phúc nào hơn khi đúng dịp tròn 10 năm ngày cưới, ba Thành và mẹ Diễm lại nhận được món quà thiêng liêng và vô giá này. Ngày cầm tờ giấy báo trên tay, ba mẹ đã xúc động đến rơi nước mắt khi biết rằng một em bé khỏe mạnh đang hiện diện và lớn dần từng ngày trong bụng mẹ. 🩷

Ba Thành một lần nữa được lên chức ba, mẹ Diễm lại được ấp ủ một thiên thần bé nhỏ trong lòng, lại được thực hiện thiên chức làm mẹ trong niềm hạnh phúc ngập tràn. Còn anh Bảo Bảo giờ đây cũng chính thức được lên chức anh hai rồi ông bà cô chú ơi! Con vui tít cả mắt khi nghe ba mẹ thông báo sắp có em 🥰

Thiên thần bé nhỏ ơi,
Con chính là sợi dây gắn kết tuyệt vời nhất của gia đình mình. Nhờ có con mà ba mẹ thêm thấu hiểu, thêm yêu thương và mạnh mẽ trưởng thành hơn mỗi ngày. Con mang đến cho gia đình mình một niềm hạnh phúc thật lớn lao và trọn vẹn.

Ba mẹ chỉ mong con sẽ thật mạnh khỏe, bình an và đủ ngày đủ tháng để ba mẹ sớm được ôm con vào lòng nhé, con yêu 🥰

Mong ông bà cô chú gần xa gửi thật nhiều lời chúc tốt đẹp đến cho em bé và gia đình mình ạ. Gia đình con xin được chia sẻ niềm vui đặc biệt này cùng tất cả mọi người ❤️

Ba mẹ, anh hai Bảo Bảo và cả gia đình mình yêu con thật nhiều, thiên thần nhỏ của ba mẹ!""",10841,52,19,,https://www.facebook.com/hhsb.vn/posts/pfbid02VuboLbghbfbqxcBJqyhzo79AGgWi9v5LEtiHqkxwQ6yTQuDtPdYdHvKM4MXp9x4El,1417.0,327.0,2.0,0.0,0.0,0.0
"Từ 1-7, thời gian cấp giấy phép xây dựng nhà ở riêng lẻ chỉ còn 7 ngày",108,1,6,,https://www.facebook.com/phapluattp.vn/posts/pfbid0PBHW6ioSsjyFQs6spVH3MWbM8xmGqbzZ3UN5cBqz1EFuCANkPnH41ZovFWicTLA6l,70.0,17.0,0.0,0.0,0.0,0.0
"(PLO)- Ngoài tham gia đường dây r.ử.a t.i.ề.n, nhóm này còn bàn bạc góp tiền mua m.a t.ú.y để sử dụng tại phòng trọ ở Hà Nội.

#plo #baophapluattp #baophapluattphcm",163,1,7,,https://www.facebook.com/phapluattp.vn/posts/pfbid0YWrhzWtipbRxabsZcrMRdYgz3nJ7HeWyxRWvpyXAGr57GLjz6dSnBi5fWFiF9ktyl,164.0,30.0,0.0,0.0,0.0,3.0
"(PLO)- Lãnh đạo TP.HCM yêu cầu các sở, ban, ngành và địa phương đẩy mạnh số hóa hồ sơ, tăng tỉ lệ giải quyết thủ tục hành chính trực tuyến toàn trình.

#plo #baophapluattp #baophapluattphcm",54,1,2,,https://www.facebook.com/phapluattp.vn/posts/pfbid0hrycEZPyFFka3bXvaxefd7CVRJS6qmT2Mxisx4vJHs6vNnJa5AZVtLc4TEdqCA89l,189.0,35.0,0.0,0.0,0.0,3.0
"Chỉ muốn nhéo nhéo cái má thuiii 🥰🥰

#hoiyeuchomeo",276,8,3,,https://www.facebook.com/hoiyeuchomeo.tv/posts/pfbid0uAM5t1CcEYC5FjLTDo66iKMx7RcKFEfH91mAi8UA7TFBF6eesG8E9tRZ3hRMUcozl,50.0,9.0,0.0,0.0,0.0,1.0
"Bập bẹ những tiếng ""hú"" đầu đời. Cưng xỉu luônnnn 🥰🥰

#hoiyeuchomeo",1260,118,78,,https://www.facebook.com/hoiyeuchomeo.tv/videos/1260801807608041/,67.0,12.0,0.0,0.0,0.0,1.0
"Về nhà bắt tại trận chúng nó 🐦🐭 nhau, hết “sugar baby” giờ còn thể loại “sugar doggy” ahh 😭 

Cre: Phụng Nguyễn",379,31,9,,https://www.facebook.com/hoiyeuchomeo.tv/posts/pfbid025CSJEDwNScPTWLAFEYE4rJFA4bJYL8UtRaeRoeDsx6VE2nVjVGxPudX2bKg2Gfk6l,111.0,23.0,0.0,0.0,0.0,0.0
"Cựu Bộ trưởng Nguyễn Thị Kim Tiến đã nộp tổng cộng 24,5 tỉ đồng tiền khắc phục hậu quả",59,1,1,,https://www.facebook.com/phapluattp.vn/posts/pfbid02RHvi5rq6ANi7BKWEu9geWqrMa4wGQkpLYXCASJ9R893H3tjnpVzmjruzcVfrLVrYl,86.0,19.0,0.0,0.0,0.0,0.0
"(PLO)- Suốt tám năm từ mặt, người mẹ không ngờ ngày nhận tin về con lại là kẻ s.á.t h.ạ.i ba người trong gia đình người tình.

#plo #baophapluattp #baophapluattphcm",201,1,4,,https://www.facebook.com/phapluattp.vn/posts/pfbid0373a3rao1uBbG3EarK9Szc8EfDmMSfuKaA8vDd5L3ESc9q3JCT75K6Dxh7g6pNagvl,164.0,30.0,0.0,0.0,0.0,3.0
"(PLO)- Sầu riêng đang được bán tại các tuyến đường, chợ dân sinh tại TP.HCM với giá chỉ bằng một nửa so với cùng kỳ năm ngoái.

#plo #baophapluattp #baophapluattphcm",86,1,3,,https://www.facebook.com/phapluattp.vn/posts/pfbid0uB14jz69xtykPu6k9TjkBAqb3snVF8CD6MtaxxiKNHDTnrubQMU45N3DJorGTgfvl,165.0,30.0,0.0,0.0,0.0,3.0
"Daily Mail công bố hình ảnh gia đình của Angelina Jolie đến dự lễ tốt nghiệp cô con gái Zahara Marley Jolie (21 tuổi) vào cuối tuần. Qua đó, công chúng nhìn thấy Pax Thiên đi cùng các anh em trong nhà, dập tắt tin đồn cậu con trai nuôi gốc Việt của Angelina Jolie mất vì bệnh.",5215,60,11,,https://www.facebook.com/hhsb.vn/posts/pfbid0a6iR7DbqNx11V6BeAGqpdzY9oygGtRDCPWccC29bMwTK3sWQGiU1m8SEBbK4oZil,276.0,58.0,0.0,0.0,0.0,0.0
"JENNIE: Cứ lên bìa tạp chí là lại có hình tượng mới độc đáo, không khác gì model chuyên nghiệp",2509,46,19,,https://www.facebook.com/hhsb.vn/posts/pfbid02UuHLvNf3r9ALu4mSHsiW7h7raDdAu4NCeNYWYGmCZRmyygHZ7FSG3BH7rw3zJ8c9l,94.0,20.0,0.0,0.0,0.0,0.0
Khoảnh khắc tình cảm của Johnny Trí Nguyễn và bạn gái Kalli Nguyễn trong video mới đây:,3101,84,27,,https://www.facebook.com/hhsb.vn/posts/pfbid0awjooxVzRAsqcKeXrarbgAANhbPTDPkVD6QHr4P9eF8TLcPt9o86gY62W3nGRN6sl,87.0,17.0,0.0,0.0,0.0,0.0
"(PLO)-Cơ quan chức năng sẽ luân phiên đóng đường cao tốc Bùng - Vạn Ninh - Cam Lộ từ ngày 22 đến ngày 25-5 để đảm bảo thi công an toàn.

#plo #baophapluattp #baophapluattphcm",23,1,1,,https://www.facebook.com/phapluattp.vn/posts/pfbid0R1eyWtGqGQvvjQ24RyNiSvZaN16cxS3wkmhc75JRZU8Q5cpQXPMKskvJ9pr9oN9ml,174.0,34.0,0.0,0.0,0.0,3.0
"(PLO)- Từ 15 giờ ngày 21-5, giá mới của xăng E5 là 24.340 đồng/lít, giá xăng A95 là 25.549 đồng/lít, giá dầu diesel 28.761 đồng/lít.

#plo #baophapluattp #baophapluattphcm",77,1,6,,https://www.facebook.com/phapluattp.vn/posts/pfbid02akGgagzbM2pJvZaRYqKEtu7J19yDsMSs1fAXF1Dg56XC84QuiwJHP1x45c4AzP4tl,171.0,28.0,0.0,0.0,0.0,3.0
"(PLO)-Công an tỉnh Tây Ninh vừa khởi tố, bắt tạm giam 3 đối tượng trong đường dây sản xuất phân bón giả quy mô lớn, thu giữ hơn 70 tấn hàng.

#plo #baophapluattp #baophapluattphcm",285,1,18,,https://www.facebook.com/phapluattp.vn/posts/pfbid02Yo8Tzj65ZExbXS9iYNTszYt2vUGFZVbwk7LTdsimDAhMhKzpwRC7JeJ7sbbUq6NWl,179.0,34.0,0.0,0.0,0.0,3.0
"Nhà có cô người iu hơi quạu 🤣

Cre: Tik tok
#hoiyeuchomeo",505,56,36,,https://www.facebook.com/hoiyeuchomeo.tv/videos/707288039858237/,57.0,12.0,0.0,0.0,0.0,1.0
"Những chú ""heo"" lông dàiiiii

Cre: Cute Cats

#hoiyeuchomeo",698,28,50,,https://www.facebook.com/hoiyeuchomeo.tv/videos/324935715232279/,59.0,9.0,0.0,0.0,0.0,1.0
"Những chú heo lông dàiii

Cre: Cute Cats
#hoiyeuchomeo",0,0,0,,https://www.facebook.com/hoiyeuchomeo.tv/posts/pfbid05u4efbxbPUZ9qhTYYUp6fBLD6TfpARK6rkUw7UD9q1DYHGz1wERdVZ9DxGFkKgVil,54.0,9.0,0.0,0.0,0.0,1.0
NGAY LÚC NÀY: G-DRAGON VÀ DAESUNG ĐANG LIVE REACTION MÀN COMEBACK CỦA TAEYANG 🔥,3344,50,66,,https://www.facebook.com/hhsb.vn/posts/pfbid02Mm3oNtazP7J9aqSKF4QLuNTebtxpEnkxNTC89AKeqX24uJKNMCZbVorpWZYiJzCTl,79.0,14.0,0.0,0.0,0.0,0.0
Ngày ấy bé Juhoon (CORTIS) như cái kẹo trong lòng chú HAHA. Còn bây giờ thì cao lớn cá thể gen vượt trội hơn hẳn 😎,3246,31,12,,https://www.facebook.com/hhsb.vn/posts/pfbid02A12nKzdLseUzYod7fe1dFt7xoN2LyxiukBUFzkSQgPr4FMGdbUGLXJWkkPUie7Npl,114.0,26.0,0.0,0.0,0.0,0.0
"Tối 18/5, nữ TikToker sở hữu 11,2 triệu follow - Đan Thy đã đăng một video thông báo mình mắc ungt-hu 🩸. 

Bằng một thái độ lạc quan tích cực dù gặp vấn đề nghiêm trọng về sức khoẻ, Đan Thy vẫn vui vẻ chia sẻ với khán giả, mong lưu giữ hình ảnh đầy năng lượng cũng như xinh đẹp này của mình, ""vì có thể thời gian tới mình không còn nhiều tóc như bây giờ nữa"". 

Đan Thy cho biết, mặc dù không dùng chất kichthich nhưng cô có nhiều thói quen không tốt, như thức khuya đến 6-7 giờ sáng mới ngủ, không uống nước lọc mà chỉ uống trà sữa, matcha latte, các loại trà... trong suốt 3 năm vừa qua. Cô cũng mong mọi người sẽ không giữ những thói quen ấy. 

Chỉ sau 2 giờ đăng tải, video thu về hơn 1 triệu view, hàng chục ngàn bình luận quan tâm động viên cô sớm chữa trị và vượt qua.",18399,1366,320,,https://www.facebook.com/hhsb.vn/posts/pfbid02quXC78j1ork6ZNSa7FDGVCw5t5rzZjPgv2cgvfTZLdBwPAgBURHeeyfEeCrkFGefl,775.0,167.0,0.0,0.0,0.0,0.0
"Riết rồi không biết đang nuôi mèo hay lợn nữa =.=

Cre: Cute Cats
#hoiyeuchomeo",1,0,0,,https://www.facebook.com/hoiyeuchomeo.tv/posts/pfbid02PHHoFQmnfY58vdDAtNqh9XiNngD6AWDsxH2sqM6Az3XR6TXeuHzkmKYV9KA9PqVhl,79.0,15.0,0.0,0.0,0.0,1.0
"Giống hổ cổ xưa à? @@

#hoiyeuchomeo",295,2,6,,https://www.facebook.com/hoiyeuchomeo.tv/posts/pfbid02KLiNUTkbRkrkCaT9nBtERqxWVEyjjWro5rmeXqcWtgyBQZpASGKbxyqZ3RwUCseol,36.0,7.0,0.0,1.0,0.0,1.0
"Riết rồi không biết là đang nuôi mèo hay lợn nữa?

Cre: Cute cats",0,0,0,,https://www.facebook.com/hoiyeuchomeo.tv/posts/pfbid0rxa4ZeXCCUwj2iZCgMnU6sN7mNZQXoYkP7Sc5f5vocC4uR5WPg4oiC1DczNJFohbl,65.0,14.0,0.0,1.0,0.0,0.0
"(PLO)- Sau bữa ăn bán trú, lần lượt 56 học sinh tiểu học cùng 6 người lớn ở Đồng Tháp phải đi bệnh viện, nghi do ngộ độc thực phẩm

#plo #baophapluattp #baophapluattphcm",60,1,4,,https://www.facebook.com/phapluattp.vn/posts/pfbid036FNgvrYMCZy4XqL2m2iGMEu2BXrcXEiMu3S65PsFHYZzMjKTQEjrQQCrvjkWDCzql,169.0,33.0,0.0,0.0,0.0,3.0
"Nga công bố video tập trận hạt nhân quy mô lớn với Belarus

Nguồn: RT

#plo #baophapluattp #baophapluattphcm",183,1,3,,https://www.facebook.com/reel/975495131515589/,108.0,18.0,0.0,0.0,0.0,3.0
"(PLO)- Chỉ vì nghi ngờ người tình có quan hệ với người đàn ông khác, Vũ Trọng Tuấn đã ra tay s.á.t h.ạ.i người tình trong phòng trọ.

#plo #baophapluattp #baophapluattphcm",123,1,2,,https://www.facebook.com/phapluattp.vn/posts/pfbid0cK2Rj6SNQvuQBvY5prrR7Bou3ZgccqNa7cR8tMm3yPJdHyhhASWhnNug2vMrMn2Bl,171.0,31.0,0.0,0.0,0.0,3.0
Cô dâu Bomi (Apink) và chú rể Rado trong loạt ảnh hôn lễ vừa diễn ra ❤️,1377,10,3,,https://www.facebook.com/hhsb.vn/posts/pfbid02j4S6EEWUFwjonApJdBdGzoyuwbyDM9wMYnycLaapCMURVPiJLNeLHzbH9a1zos7al,71.0,17.0,0.0,0.0,0.0,0.0
"Ngày 18-5, một trang Facebook có hơn 41.000 lượt theo dõi về Angelina Jolie bất ngờ đăng tải thông tin Pax Thiên Jolie-Pitt - con trai nuôi của nữ diễn viên, đột ngột qu-a đời sau thời gian chống chọi u-ng th-ư. 

Trang này còn cho biết Angelina Jolie vô cùng suy sụp, thậm chí còn dẫn lại một chia sẻ được cho là của nữ diễn viên: ""Con trai xinh đẹp của mẹ, ánh mặt trời của mẹ. Con đã dạy mẹ hiểu thế nào là tình yêu. Mẹ sẽ giữ con trong trái tim mình"".

Ngay sau khi bài đăng xuất hiện, nhiều người bày tỏ sự hoang mang trước thông tin này. Tuy nhiên một số người dùng khác đã lập tức lên tiếng phản bác, cho rằng đây chỉ là tin đồn vô căn cứ, thiếu kiểm chứng.

Thực tế, trang Facebook này dù tự giới thiệu là trang fan hâm mộ yêu thích Angelina Jolie, nhưng lại thường xuyên đăng tải những thông tin chưa được kiểm chứng, thậm chí là tin sai sự thật liên quan đến nữ diễn viên và gia đình cô.

Trước đó, trang này cũng từng nhiều lần gây tranh cãi khi đăng các nội dung mang tính giật gân, sử dụng hình ảnh cắt ghép hoặc AI để hút tương tác như việc Angelina Jolie nhập viện với nhiều vết thương, gây hiểu lầm cho người xem nếu không kiểm chứng nguồn tin.

Theo: Tuổi Trẻ",5239,48,29,,https://www.facebook.com/hhsb.vn/posts/pfbid09r5SQbdzBErqBv5fy4qPJG22jVCt63sV1tceykGkcU8gzFkTfbhqceyKLbdfUtHHl,1176.0,247.0,0.0,0.0,0.0,0.0
"Trong phiên live tối 18/05, MC Mong tiết lộ rằng người chú út của Chaga Won đã cố gắng lôi kéo Baekhyun vào thế giới cờ bạc.

""Chú Chaga Won đã cố dụ dỗ Baekhyun đi đánh bạc... bảo chúng ta hãy đến Las Vegas"".

Tuy nhiên, Baekhyun rất tỉnh táo nên dù bị lôi kéo nhưng không thành công. Ngoài ra, MC Mong còn gọi tên nam diễn viên Kim Min Jong (Phẩm chất quý ông) đã đ-ánh bạc trái phép.",2589,164,51,,https://www.facebook.com/hhsb.vn/posts/pfbid0241rQPiKoazirfrQCyoSeFZFp6h83uTM7xz1ezG6QJCHhdYPUGdUpdTshJoaFUVKHl,386.0,82.0,0.0,0.0,0.0,0.0
"(PLO)- Chỉ chưa đầy 3 giờ đồng hồ sau khi dùng h.u.n.g k.h.í đ.á.n.h người đàn ông cùng ngồi trên xe tải tại khu vực đường Phan Đăng Lưu (phường Đức Nhuận, TP.HCM), Bùi Văn Toản đã bị lực lượng công an truy xét, vận động ra đầu thú.

#plo #baophapluattp #baophapluattphcm",196,1,2,,https://www.facebook.com/phapluattp.vn/posts/pfbid02c7tHDCZCHgKAVMSyUd99b9k9n14bChk8ZitZDbhdJ4JC9umUZ1kp2cunK84HNTowl,271.0,52.0,0.0,0.0,0.0,3.0
"(PLO)- Lợi dụng đêm tối, một cơ sở tại phường Tân Đông Hiệp, TP.HCM đã tự ý tập kết, g.i.ế.t mổ lén lút hàng trăm con gà có nguồn gốc từ Tây Ninh.

#plo #baophapluattp #baophapluattphcm",95,1,6,,https://www.facebook.com/phapluattp.vn/posts/pfbid03648GVyoZaTSapXhtpTB2J6U4fzxJtW8g28Xta3fLhSTtQKxnkuUAt7GZvzMyFaYPl,185.0,36.0,0.0,0.0,0.0,3.0
"(PLO)- Đặc phái viên Mỹ Jeff Landry tuyên bố Mỹ cần tái thiết sự hiện diện tại Greenland, nhấn mạnh rằng hòn đảo tự trị của Đan Mạch cần Washington.

#plo #baophapluattp #baophapluattphcm",37,1,1,,https://www.facebook.com/phapluattp.vn/posts/pfbid02DFCauC32TL6jJpUqotvrRAUVJAHkLJL5Z4RkA7zuoZhZomGLjNDSfFRDbdBGJnNol,187.0,33.0,0.0,0.0,0.0,3.0
"(PLO)- Đại diện VKS đề nghị HĐXX phúc thẩm giảm án cho 2 cựu cục trưởng Cục An toàn thực phẩm (Bộ Y tế)...

#plo #baophapluattp #baophapluattphcm",146,1,2,,https://www.facebook.com/phapluattp.vn/posts/pfbid02oi5Dorb8F3oFLEakMQi2ugcbe7LibUZq7bsprwqnG8d1Zo76VSoc6xEfAXdnaewBl,145.0,27.0,0.0,0.0,0.0,3.0
"Một số mức đóng, hưởng BHXH, BHYT tăng từ 1-7 theo lương cơ sở 👇",26,1,2,,https://www.facebook.com/phapluattp.vn/posts/pfbid0Kn3wKU7NQEyBiCeNSRsVVsDj2ZKwE4xn528ugRqcY8428wsjFL71A4gK8P5VRq2vl,64.0,15.0,0.0,0.0,0.0,0.0
"(PLO)- Đến nay, THADS TP.HCM đã chi tiền đợt 9 vụ án Vạn Thịnh Phát với số tiền hơn 1.732 tỉ đồng cho 42.574 trái chủ.

#plo #baophapluattp #baophapluattphcm",82,1,7,,https://www.facebook.com/phapluattp.vn/posts/pfbid0BVCWq81gng2WdVadu7BfmexHvaMfACYtQpG1wZftAP5udgWsivvuRbL98GmC4teXl,157.0,29.0,0.0,0.0,0.0,3.0
"Trân trọng fan như Soobin: Gọi fan là công chúa, hoàng tử, đi diễn xong là lên tâm sự, dặn dò và gửi lời yêu thương 💕",3099,89,35,,https://www.facebook.com/reel/2972429119612481/,117.0,27.0,0.0,0.0,0.0,0.0
"Giữa nghi vấn có tình yêu mới, Khánh Huyền 2K4 thoải mái tương tác với chàng cầu thủ 2K6 Zan Nguyễn trong những video hừng hực tập gym của anh chàng. 

Bên cạnh đó, đông đảo cư dân mạng cũng bình luận trong video của 2 người, mong đợi cô sớm công khai chuyện tình cảm để chúc phúc sau đổ vỡ hôn nhân.",4922,245,42,,https://www.facebook.com/hhsb.vn/posts/pfbid02FN4YZC7UsLKiSKfYDfMJkfS2yXtVRWVTRY37fySBY37hFkdnJSgpUVhGTC9oyWMjl,300.0,64.0,0.0,0.0,0.0,0.0
"🏆 “TẠM BIỆT GOHAN” khai mở bản năng vô cực với chiến tích TOP 1 phim về thú cưng có DOANH THU CAO NHẤT LỊCH SỬ phòng vé Việt Nam! 

Sau khi độc chiếm ngôi vương phòng vé từ các suất chiếu sớm, em chó Gohan đã nhận về vô vàn tình yêu thương, đồng thời lấy đi nước mắt của hơn 130.000 khán giả chỉ sau 3 ngày công chiếu chính thức 🫶🏻

❤️‍🔥 Hành trình đầy nhiệm màu này chắc chắn sẽ còn bùng nổ mạnh mẽ hơn nữa. Hãy ra rạp để cùng tận hưởng những phút giây trọn vẹn nhất, chào đón và cũng là nói lời tạm biệt với bé Gohan một cách chân thành nhất nha!

—
🐶 TẠM BIỆT GOHAN - ĐANG CHIẾU TẠI RẠP

#TamBietGohan #Gohan #CJENMVN",1049,27,9,,https://www.facebook.com/hhsb.vn/posts/pfbid018SA2FDTpzvk9cgrHCGBojJyuaL3yhb1YAG23N8cDxSmF584skJUahcgc9EC1Jwal,620.0,135.0,2.0,0.0,0.0,3.0
"(PLO)- Ngoài việc đề nghị xử phạt bị cáo Nguyễn Thị Kim Tiến 5-6 năm tù, VKS còn đề nghị HĐXX tuyên buộc bà Tuyến nộp 108 tỉ đồng để khắc phục hậu quả vụ án.

#plo #baophapluattp #baophapluattphcm",78,1,4,,https://www.facebook.com/phapluattp.vn/posts/pfbid0224AWtjeR9wRj5d1zUWzeKpZ9sngooNUVJ4QXNhJVwUvwCdDmi4vao3GuUN1HSPaLl,196.0,39.0,0.0,0.0,0.0,3.0
"(PLO)- Cơ quan CSĐT Công an TP.HCM đã ra quyết định t.r.u.y n.ã Thái Phong Thiên về tội t.r.ộ.m cắp tài sản liên quan vụ lấy t.r.ộ.m máy trị liệu sóng xung kích hiệu Zimmer.

#plo #baophapluattp #baophapluattphcm",364,1,14,,https://www.facebook.com/phapluattp.vn/posts/pfbid02YNLc6imEpFp6qZpxKaCd94g4jt8Wvfw6ro4tLY1urCrsjHiNuzfctS6c16sKtE4al,212.0,38.0,0.0,0.0,0.0,3.0
"(PLO)- FIFA bất ngờ vướng sai sót nghiêm trọng ngay trước lễ bốc thăm Vòng chung kết U-17 World Cup 2026 khi công bố nhầm danh sách phân nhóm hạt giống, trong đó U-17 Việt Nam bị loại khỏi danh sách tham dự bất chấp đã giành vé chính thức.

#plo #baophapluattp #baophapluattphcm",38,1,3,,https://www.facebook.com/phapluattp.vn/posts/pfbid0Zwe3bNczN1cuWKQb4EncemEr8QGPykrf3q1YEiRGBkoKgWgqargYGDiQQ31Q2E53l,278.0,53.0,0.0,0.0,0.0,3.0
"KHÔNG CÒN XEM QUA MÀN HÌNH, CÙNG VIB BAY THẲNG QUA L.A DỰ BTS WORLD TOUR ✈️

50 fans may mắn sẽ nhận tour trọn gói 5N4Đ đến Los Angeles (25 giải, mỗi giải cho 2 người), bao gồm:

✈️ Vé máy bay khứ hồi
🏨 Khách sạn 4 sao
🎫 Vé concert BTS WORLD TOUR
🚐 Di chuyển theo lịch trình
📄 Phí visa cùng nhiều đặc quyền khác

Chỉ cần sở hữu thẻ VIB Visa và chi tiêu tích luỹ điểm để tham gia quay số may mắn! Không cần là “phú ông phú bà”, fan nào cũng có cơ hội “đu idol” như nhau 😝💜

#VIB #Visa #BTS_WORLDTOUR_ARIRANG_SPONSOR_Visa",1134,155,22,,https://www.facebook.com/hhsb.vn/posts/pfbid04coQMnjr6TqxwaLapjw6Sw5JtgzKoWxg5TCgWPzzYGx4Vg74XqFNXy84yBu2DY3rl,519.0,111.0,1.0,0.0,0.0,3.0
"Visual của V trong hai đêm diễn concert BTS ở Stanford (Mỹ) qua ống kính fansite, đang viral trên MXH:",3065,106,83,,https://www.facebook.com/hhsb.vn/posts/pfbid024VbHdC2ZPp4gsGEJG7Xh19a7HeMvZpPT8KXuHK1uMU49pPXNYo926uXhN4dTHifnl,102.0,20.0,0.0,0.0,0.0,0.0
"Ngày 18/5, MC Mong đã bất ngờ thông báo: ""Vào lúc 8 giờ tối nay, qua buổi phát sóng trực tiếp, tôi sẽ mời các nhà báo đến và đích thân làm rõ mọi chuyện trong quá khứ cũng như tất cả các sự việc liên quan đến tôi"".

Đặc biệt, anh gây rúng động khi tuyên bố: ""Tôi cũng sẽ nói hết việc chương trình 'PD Note' của đài MBC đang cấu kết với ai để tiến hành điều tra"". Tiếp đó, anh khiến giới giải trí thêm phần căng thẳng khi báo trước sẽ có thêm những phát ngôn: ""Tôi sẽ phanh phui toàn bộ danh sách những kẻ thường xuyên cờ bạc trái phép, trong đó có Chủ tịch công ty xây dựng Cha Jun-young, cùng với các nghệ sĩ có liên đới với chúng.""

Trước đó, vào năm 2023, MC Mong đã cùng Chủ tịch Cha Ga-won đồng sáng lập công ty giải trí One Hundred, nhưng anh đã rời công ty vào tháng 7 năm ngoái. Sau đó, vào tháng 12 năm ngoái, anh bị vướng vào các tin đồn ác ý như mâu thuẫn với Chủ tịch Cha và tin đồn ngoại tình. Tuy nhiên, anh đã tiết lộ rằng mình đang có bạn gái và mạnh mẽ phủ nhận: ""Đó không phải là bất kỳ mối quan hệ bất chính nào"".

Hiện tại, công ty One Hundred đang xảy ra tranh chấp pháp lý với các nghệ sĩ trực thuộc như Lee Seung-gi, Lee Mu-jin, VIVIZ, EXO-CBX liên quan đến vấn đề chưa thanh toán tiền thù lao, đồng thời cũng đang bị các thành viên nhóm The Boyz khởi kiện với tội danh tham ô.",844,26,9,,https://www.facebook.com/hhsb.vn/posts/pfbid0275D84r1oG1kRqz6tProty6y9EqQtwiLzsntghEbNrvZuAgfB332VjMCaPR43THtPl,1300.0,283.0,0.0,0.0,0.0,0.0
"(PLO)- Tàu đánh ghẹ của ngư dân Thanh Hóa chở tám ngư dân trong quá trình di chuyển do không đi đúng luồng lạch đã va vào đá ngầm tại khu vực đặc khu Cô Tô, Quảng Ninh, khiến thân tàu bị bục, nước tràn vào.

#plo #baophapluattp #baophapluattphcm",18,1,0,,https://www.facebook.com/phapluattp.vn/posts/pfbid02T2WVeWwXBxuu4cTaE8SVu6wuiuQXzBQWpLjmomAEuR4pDnp62BMrbn5BfgjD772gl,245.0,49.0,0.0,0.0,0.0,3.0
Tìm thấy t.h.i t.h.ể hai nạn nhân mất tích vụ sạt lở mỏ đá ở Thanh Hóa,35,1,0,,https://www.facebook.com/phapluattp.vn/posts/pfbid0SfKkHf4WMpMA6dR7e9dy289pBA4v54pXJvdtuku2XPbBaZMwt1kwKSXNKCmB5ruBl,70.0,17.0,0.0,0.0,0.0,0.0
"(PLO)- Đảng ủy Chính phủ được giao chủ trì, phối hợp với Ban Chính sách Chiến lược Trung ương và các cơ quan liên quan tiếp tục hoàn thiện chính sách đãi ngộ, chế độ tiền lương, thu nhập đảm bảo đời sống để cán bộ, công chức, viên chức yên tâm công tác.

#plo #baophapluattp #baophapluattphcm",139,1,4,,https://www.facebook.com/phapluattp.vn/posts/pfbid035Rkz2VUcRuNVcsrVk9ZcUiud8v41kjKWn36isUCEhRqaAVokhvbT84cv1YzrbTMvl,292.0,57.0,0.0,0.0,0.0,3.0
"(PLO)- Ngay sau khi phát hiện danh sách bốc thăm Vòng chung kết U-17 châu Á không có tên đội tuyển U-17 Việt Nam, Liên đoàn bóng đá Việt Nam (VFF) đã lập tức phản hồi sự nhầm lẫn tai hại của FIFA.

#plo #baophapluattp #baophapluattphcm",51,1,1,,https://www.facebook.com/phapluattp.vn/posts/pfbid02bUeKg6C3iQN4sQYd3Ut9xdAUDTw2SojYdsaE8jBWEwpFNLe2NhDF1XSGYPH1nqUTl,235.0,46.0,0.0,0.0,0.0,3.0
"(PLO)- Phòng Cảnh sát hình sự Công an TP.HCM phối hợp cùng các đơn vị nghiệp vụ đã mời làm việc đối với nam thanh niên xô xát, đánh người người đàn ông chở bia gây ùn ứ trên đường Phạm Hùng.

#plo #baophapluattp #baophapluattphcm",250,1,2,,https://www.facebook.com/phapluattp.vn/posts/pfbid02bEED9LZoApsnyvhGd3WpZE9MGid5LJbGd1L45WWFrdCWDxNv1K1ATKPn3fy1LKQtl,229.0,45.0,0.0,0.0,0.0,3.0
Viện kiểm sát đề nghị phạt cựu bộ trưởng Y tế Nguyễn Thị Kim Tiến 5-6 năm tù,280,1,13,,https://www.facebook.com/phapluattp.vn/posts/pfbid02R7fJ6otGu3Kwpwt6no2mXXNkBehV7uG1Dp7dHkkQHt1nxamS5TDND1nSjS7jpnx1l,76.0,18.0,0.0,0.0,0.0,0.0
"Mới đây trên IG cá nhân, nữ diễn viên IU đã đăng bài xin lỗi khán giả nhiều tranh cãi xoay quanh phim Perfect Crown của cô diễn cùng Byeon Woo Seok

 ""Xin chào mọi người.
Tôi là IU, người đảm nhận vai diễn Seong Hee Joo trong bộ phim Phu Nhân Đại Quân Thế Kỷ 21

Trong vài ngày qua, tôi đã cẩn thận đọc từng lời góp ý mà rất nhiều khán giả đã để lại.

Với tư cách là diễn viên chính của tác phẩm, tôi đã không thể hiện được tinh thần trách nhiệm và có lẽ đã khiến mọi người vô cùng thất vọng. Tôi thực sự cảm thấy áy náy với các bạn và cho đến hiện tại, lòng tôi vẫn đang rất trĩu nặng.

Về những vấn đề liên quan đến tính xác thực của bối cảnh lịch sử trong phim mà mọi người đã chỉ ra, tôi xin tự kiểm điểm không một lời biện minh và gửi lời xin lỗi chân thành vì đã bước vào diễn xuất mà không suy xét sâu sắc hơn.

Bởi đây là một tác phẩm quan trọng trong việc thể hiện trí tưởng tượng dựa trên nền tảng lịch sử vốn có của chúng ta, cũng như tôn vinh vẻ đẹp truyền thống của Hàn Quốc, lẽ ra với tư cách là một diễn viên, tôi phải đọc kịch bản và tìm hiểu một cách thận trọng hơn. Thế nhưng tôi đã không làm được điều đó, tôi cảm thấy vô cùng xấu hổ về chính bản thân mình.

Tôi đã không có nhận thức đúng đắn về vấn đề này ngay từ đầu. Tôi thành thật xin lỗi.""",3902,99,26,,https://www.facebook.com/hhsb.vn/posts/pfbid0T1RDHiHwLZF3HcNYqm6vktBJYv23HtJS2wvHNYNdfAPG58dEYajTpGBYkMVVmzWWl,1264.0,284.0,0.0,0.0,0.0,0.0
Fan trêu: Kẹo đã nhìn thấy và đánh giá 😎,1709,30,11,,https://www.facebook.com/hhsb.vn/posts/pfbid0xkPggrLAwQKooHJooza7iP3W6Jg5DuTpAvhcxH4qVEXP3or5w31LkiHUB9uZnYYpl,40.0,10.0,0.0,0.0,0.0,0.0
"Cần một danh phận!
Tại VIETTEL Y-FEST Quảng Ninh tối qua, Tăng Duy Tân đã thừa nhận “Simp ai đó”, khi thường xuyên về Hạ Long, đến mức người dân ở đây có thể đã quen mặt.

Và bài Bật Tình Yêu Lên ban đầu tên là 7414 - Trong đó 74 là biển số Quảng Trị, 14 là Quảng Ninh!

Đúng màn ra mắt nhà gái không thể mượt hơn!!

#YFEST #SYNCOFHEART",6709,16,17,,https://www.facebook.com/reel/2214431376144667/,336.0,73.0,4.0,0.0,0.0,2.0
"(PLO)- 15 m tường Hoàng thành Huế vừa được tu bổ khẩn cấp mang diện mạo ""lạc lõng"" so với tổng thể rêu phong.

#plo #baophapluattp #baophapluattphcm",57,1,1,,https://www.facebook.com/phapluattp.vn/posts/pfbid024Q8aV4HpyZ8CUsSjtQ6M6EPAx5ZeQMbxv2ZhAN8jv2Z5w1Yuj4QaJoYEFpxvf2ofl,148.0,27.0,0.0,0.0,0.0,3.0
"(PLO)- Cựu bộ trưởng Nguyễn Thị Kim Tiến nói câu hỏi về lãng phí đã ""chạm đúng nỗi đau đớn""; theo bị cáo thì thời bà đương nhiệm, ""chưa từng biết hay được thông báo, hướng dẫn"" rằng có quy định tính lãng phí như vậy.

#plo #baophapluattp #baophapluattphcm",51,1,4,,https://www.facebook.com/phapluattp.vn/posts/pfbid028yHCskfS2UbByUZrZfCy34J6xQSqoX2nR4pWxgMAqvVvRn9aECuxsn4XzjRYo7Bl,255.0,49.0,0.0,0.0,0.0,3.0
"Chủ tịch xã, phường ở TP.HCM được quyết nhiều khoản chi từ 500 triệu đồng trở lên",66,1,0,,https://www.facebook.com/phapluattp.vn/posts/pfbid0SNHb8ogZh8C1wxyMMJQfAQ7tbTbQa8SPPE8hDRZAyWkuXYQrsjMSEJrptzQvmPF6l,81.0,17.0,0.0,0.0,0.0,0.0
"Kỷ lục Guinness Thế giới đã vinh danh BTS là những biểu tượng, trở thành nhóm nhạc và Nghệ sĩ Châu Á DUY NHẤT góp mặt trong Danh sách này! Kỷ lục Guinness Thế giới cho biết:

""Họ là một BIỂU TƯỢNG vì BTS không chỉ đưa K-pop vươn ra thế giới mà còn làm nên lịch sử với thứ âm nhạc đa thể loại, bao trùm các chủ đề như sức khỏe tinh thần, sự cô đơn và sự trưởng thành.""",8369,481,236,,https://www.facebook.com/hhsb.vn/posts/pfbid0b8LDwci8U8nULK4wtxzukiF194DjiuzVHcHkqdv8JuZaGPWjknXCL4F4fJWKzAyRl,367.0,82.0,1.0,0.0,0.0,0.0
"Ít khi đăng video với bạn nam, vì thế sau story mới đây của Khánh Huyền 2K4, cư dân mạng bàn tán về chàng trai xuất hiện cùng nữ KOL và nghi vấn đang tìm hiểu nhau. 

Profile của anh chàng đã được cộng đồng mạng nhanh chóng tìm thấy: Cầu thủ Zan Nguyễn sinh năm 2006, cao 1m93 và hiện đang thi đấu ở giải hạng Nhất quốc gia cho CLB TP.HCM. 

Phản ứng thân thiết của cả hai, cộng thêm việc Khánh Huyền không ngại ""thả tim"" cho bài đăng nghi vấn chuyện tình cảm với Zan Nguyễn khiến nhiều khán giả hy vọng cô sớm có một ""happy ending"".",7725,273,53,,https://www.facebook.com/hhsb.vn/posts/pfbid0v9FAtMn65BdMsAYbZ5bGG9PXPWjkremnL7kYJWwpboeL7VfPpy8qMT1cvWq3eLuQl,533.0,112.0,0.0,0.0,0.0,0.0
"Khi Im YoonA và Han So Hee cùng diện váy hồng, qua ""ống kính hung thần nhiếp ảnh"" Getty Images tại sự kiện thuộc khuôn khổ LHP Cannes 2026",3875,192,22,,https://www.facebook.com/hhsb.vn/posts/pfbid0L926pP26ebrAhj9LWQKAoYD4qfCcQR5ybgHZHEsmiSBGeLQ66TfN6wNozRULyqsCl,138.0,29.0,0.0,0.0,0.0,0.0
"(PLO)- Một nam thanh niên ở Đắk Lắk đến TP.HCM làm việc, gửi về gia đình 3 triệu đồng rồi mất liên lạc nhiều tháng qua.

#plo #baophapluattp #baophapluattphcm",110,1,8,,https://www.facebook.com/phapluattp.vn/posts/pfbid02xpKgSAEzmJozszooALqj6ZpeJNEYhmsYCeH8r8ewQG4MWWpD7urm2v52j5PZSU9jl,158.0,29.0,0.0,0.0,0.0,3.0
"(PLO)- Sở Quy hoạch - Kiến trúc TP.HCM vừa có tờ trình gửi UBND TP về việc chấp thuận phương án tuyến công trình, vị trí công trình dự án đường vượt biển kết nối khu vực Cần Giờ và Vũng Tàu.

#plo #baophapluattp #baophapluattphcm",148,1,6,,https://www.facebook.com/phapluattp.vn/posts/pfbid02eymw8HdxKaMTc6VAp1vj13fVpdam3kFq2QeNhycr9FyLCzR9kdS4Ktxkrfavamxzl,229.0,45.0,0.0,0.0,0.0,3.0
"📰 Mời quý bạn đọc xem báo in số 105, phát hành ngày hôm nay (21-05-2026), dưới bình luận 👇

#plo #phapluattp #baophapluattp #epaper",7,1,1,,https://www.facebook.com/phapluattp.vn/posts/pfbid024UVwoAUp7F9CSfxSQqT1Dt5ukiNWcnRQALWn9SsdCgx6vguy2VXBsjLaTG3s77S6l,131.0,24.0,0.0,0.0,0.0,4.0
"(PLO)- Một trong ba khách sạn có vị trí đắc địa, che khuất tầm nhìn ven biển Quy Nhơn đã được tháo dỡ, phục vụ cho mục đích công cộng.

#plo #baophapluattp #baophapluattphcm",53,1,4,,https://www.facebook.com/phapluattp.vn/posts/pfbid038DcFLqzcH2GR7G1HNWLQtpxKK3SYjbekoWaRH2NFPvhi33LU5n7h1URQFcrJ8iCql,173.0,33.0,0.0,0.0,0.0,3.0
"(PLO)- Trợ lý Điện Kremlin - ông Yury Ushakov nói rằng Tổng thống Nga Vladimir Putin và Tổng thống Mỹ Donald Trump có thể gặp nhau bên lề hội nghị thượng đỉnh Diễn đàn Hợp tác Kinh tế Châu Á Thái Bình Dương (APEC) tại Trung Quốc.

#plo #baophapluattp #baophapluattphcm",36,1,4,,https://www.facebook.com/phapluattp.vn/posts/pfbid0D6FGR2gmbo92UxW8Tcc2ti7U29Yehpuj2uQc56biwMtJZy9Pp6fb67SWUfDZ6TkBl,268.0,50.0,0.0,0.0,0.0,3.0
"(PLO)- Để giảm áp lực lên hệ thống điện, ngành điện kêu gọi các tổ chức, cá nhân, doanh nghiệp chung tay thực hiện tiết kiệm điện.

#plo #baophapluattp #baophapluattphcm",29,1,2,,https://www.facebook.com/phapluattp.vn/posts/pfbid02BAdeHSoqXvKxoCvrefAadycrNKFuctHEE5iLXHdnegnMLdkuAbuBgWM1suUfBPBJl,169.0,30.0,0.0,0.0,0.0,3.0
"(PLO)- Một vụ sạt lở đá vừa xảy ra ở xã Cẩm Tú, tỉnh Thanh Hóa làm một người t.ử v.o.n.g, hai người mất tích khi đang khai thác đá.

#plo #baophapluattp #baophapluattphcm",48,1,1,,https://www.facebook.com/phapluattp.vn/posts/pfbid0MtutyUBppPpjNCwffH5CHrdBSxxb59PTaN6xin6TScsniHRAkDJfcx3ErSFs4fy5l,170.0,33.0,0.0,0.0,0.0,3.0
"(PLO)- Vùng mây đối lưu đang phát triển mạnh gây mưa dông, sét trên diện rộng tại TP.HCM.

#plo #baophapluattp #baophapluattphcm",43,1,3,,https://www.facebook.com/phapluattp.vn/posts/pfbid0tfQXSJCLDQdBxeSNnPKH3eHdqHbfq77HwxDYUZ7Lu8vB9PL3gZHKKm7B5Agz1ChWl,128.0,21.0,0.0,0.0,0.0,3.0
"(PLO)- Sau khi s.á.t h.ạ.i người tình tại phòng trọ, nghi phạm dựng hiện trường giả nhảy cầu nhằm bỏ trốn nhưng đã bị lực lượng công an bắt giữ.

#plo #baophapluattp #baophapluattphcm",216,1,5,,https://www.facebook.com/phapluattp.vn/posts/pfbid06h9gD8TVACozVQpvQCDvuZbhUa95j2Tg8gK1TY6eot38ujsanNuJYEFqkuW5jkbQl,183.0,33.0,0.0,0.0,0.0,3.0
Han So Hee trở lại với LHP Cannes 2026:,6077,329,32,,https://www.facebook.com/hhsb.vn/posts/pfbid028XxT87gufzGqN2NbfJSWVtUF7UPidPcDamTGqwCjPuwkbrp65bJ49VJbnsqWSu21l,39.0,9.0,0.0,0.0,0.0,0.0
"38 giây viral cho chiếc nhan sắc ""hàng thật giá thật"" của Im Yoona tại thảm đỏ LHP Cannes 2026",6112,81,46,,https://www.facebook.com/reel/873029449063825/,94.0,20.0,0.0,0.0,0.0,0.0
Nhan sắc chuẩn công chúa của Yoona tại LHP Cannes 2026:,3698,75,21,,https://www.facebook.com/hhsb.vn/posts/pfbid02E3iyQmC7nEbm62WCiPF9NjuUarhVdcTcKFhk93dhJayMapkrqF5DLxEjAGqg2VgNl,55.0,11.0,0.0,0.0,0.0,0.0
"(PLO)- Từ các hội nhóm “vỡ nợ... ” đến diễn đàn c.ờ b.ạ.c, c.á đ.ộ, thậm chí mua bán nội dung nhạy cảm, không gian mạng đang bộc lộ nhiều “vùng tối”, tiềm ẩn nguy cơ phát sinh tội phạm nếu không được kiểm soát kịp thời.

#plo #baophapluattp #baophapluattphcm",9,1,5,,https://www.facebook.com/phapluattp.vn/posts/pfbid09eq1yiuCZL41u5LvdWNpnveD8c9cZgAoTBXk2UUvDANKMd7nffVWjWgBUom566zrl,258.0,50.0,0.0,0.0,0.0,3.0
"(PLO)- Tổ chức Y tế Thế giới (WHO) đánh giá nguy cơ bùng phát dịch Ebola ở mức cao ở cấp quốc gia và khu vực, nhưng ở mức thấp ở cấp toàn cầu.

#plo #baophapluattp #baophapluattphcm",35,1,3,,https://www.facebook.com/phapluattp.vn/posts/pfbid02Ysc9FoPjnAcdPJhoVgBtx1fQVFk5yqQegZhNEyPYqc28x54czVX8FcPJ8PNpcfmLl,181.0,37.0,0.0,0.0,0.0,3.0
"(PLO)- Thủ tướng Anh Keir Starmer đã bảo vệ quyết định nới lỏng trừng phạt đối với hoạt động nhập khẩu nhiên liệu máy bay và dầu diesel Nga do Bộ Kinh doanh và Thương mại Anh và Công đảng đưa ra.

#plo #baophapluattp #baophapluattphcm",52,1,2,,https://www.facebook.com/phapluattp.vn/posts/pfbid0Z8ZzAnh2PvpF9MVmNPhEntsmMkJ7GMvDzwMPxsJik4jpEpRhEdU6HSdt8UFZf9Esl,234.0,45.0,0.0,0.0,0.0,3.0
"(PLO)- Các quốc gia như Philippines hay Indonesia đã sử dụng xăng sinh học E20 nhiều năm qua.

#plo #baophapluattp #baophapluattphcm",177,1,7,,https://www.facebook.com/phapluattp.vn/posts/pfbid02T7rsQSvUgNwCPVjBHCWLWJRgS4W35UJkGKJG1RC4vnEYvYraamLwcrKHe1EQVLJGl,132.0,21.0,0.0,0.0,0.0,3.0
"(PLO)- Bộ trưởng An ninh Quốc gia có quan điểm cực hữu của Israel Itamar Ben-Gvir đã gây ra một làn sóng chỉ trích ngoại giao khi công bố đoạn video về cách xử lý những người bị bắt giữ trên đội tàu Global Sumud hướng tới Gaza.

#plo #baophapluattp #baophapluattphcm",147,1,1,,https://www.facebook.com/phapluattp.vn/posts/pfbid02DoCW4aAzU85WtpJXT8xVKT7BBzAduiUmMbJrcVPWb3WrSqoktsWVzqZSGFqYPP4sl,266.0,51.0,0.0,0.0,0.0,3.0
"(PLO)- Cơ quan CSĐT Bộ Công an đã khởi tố 24 bị can liên quan đến vụ án xảy ra tại Công ty TNHH Khoáng sản và Luyện kim Việt Trung và các đơn vị có liên quan.

#plo #baophapluattp #baophapluattphcm",126,1,7,,https://www.facebook.com/phapluattp.vn/posts/pfbid02zkbCXGUDHr3VYTcXbkvHCdfF5RN1K9MUNdVAUzzrmcv4fUT7aqJcZv7vvni4Wx8el,197.0,41.0,0.0,0.0,0.0,3.0
"(PLO)- Lãnh tụ Tối cao Iran – ông Seyyed Mojtaba Khamenei có thông điệp mới, nhân kỷ niệm 2 năm ngày mất của cựu Tổng thống Ebrahim Raeisi; Lực lượng Vệ binh Cách mạng Hồi giáo Iran cảnh báo về những hậu quả “không thể tưởng tượng nổi” nếu Mỹ và Israel t.ấ.n c.ô.n.g; Giá dầu giảm nhẹ: Bộ trưởng Nội vụ Pakistan đến Iran lần thứ hai trong vòng chưa đầy một tuần.

#plo #baophapluattp #baophapluattphcm",149,2,1,,https://www.facebook.com/phapluattp.vn/posts/pfbid0EvWQSzQP4acXtENrNPXWd2P7tqgrfnZvUMKN5XXXySygYA5S3kgV5GeRWUVdR4gRl,401.0,77.0,0.0,0.0,0.0,3.0
"(PLO)- Phí được tính theo quãng đường phương tiện lưu thông thực tế và thu hoàn toàn bằng ETC.

#plo #baophapluattp #baophapluattphcm",37,1,3,,https://www.facebook.com/phapluattp.vn/posts/pfbid02k2Z5w2KSWWhx9MR1GwneZipFLE5qC6iSCAs43qs7wwVphQfAgxs5WSPztewcNMDl,133.0,22.0,0.0,0.0,0.0,3.0
"(PLO)- Tại buổi tiếp, Thủ tướng Chính phủ Lê Minh Hưng chúc mừng Triều Tiên đã tổ chức thành công Đại hội Đảng lần thứ IX và Hội nghị nhân dân tối cao khóa XV.

#plo #baophapluattp #baophapluattphcm",121,1,4,,https://www.facebook.com/phapluattp.vn/posts/pfbid0T49bJ1oQPaiueqmcUr6sfK7cTYrCvnp72x4APNR79BZq4jJ63n3jbkVbjeZJj1xvl,198.0,38.0,0.0,0.0,0.0,3.0
"(PLO)- Công an Lâm Đồng đã khởi tố, bắt tạm giam thanh niên dụ dỗ bé gái 14 tuổi qua mạng xã hội bỏ nhà đi để x.â.m h.ạ.i đến mang thai.

#plo #baophapluattp #baophapluattphcm",161,1,4,,https://www.facebook.com/phapluattp.vn/posts/pfbid0ErFNX5yArdRFacQzUtCUwLuUXRpD3XXVsiQQHAtEHwGVPX2KAhUASFTEapZYDfXel,175.0,35.0,0.0,0.0,0.0,3.0
"(PLO)- Ông Phùng Văn Hải, Phó Chánh án TAND TP.HCM, được TAND Tối cao điều động, bổ nhiệm giữ chức Chánh án TAND tỉnh Tây Ninh.

#plo #baophapluattp #baophapluattphcm",181,1,3,,https://www.facebook.com/phapluattp.vn/posts/pfbid02pWFnEy5WBSAxQf26RZkrCFPVN9U6tN6v9dyFJZgRH3FAcyM4iqYgEr3kT6wAXMUl,166.0,29.0,0.0,0.0,0.0,3.0
"(PLO)- Bộ Công Thương cho hay việc ban hành Nghị quyết là cần thiết để tháo gỡ các khó khăn, vướng mắc nhằm triển khai nhanh lộ trình xăng sinh học E10 trên toàn quốc.

#plo #baophapluattp #baophapluattphcm",49,1,2,,https://www.facebook.com/phapluattp.vn/posts/pfbid09PyZvAFrJEaFtNSuHCzoJSx8xt72CmLA7xzsY53NGPaurDowuxvq9xfvJbKi4BKil,206.0,38.0,0.0,0.0,0.0,3.0
"GREY D chính thức công bố concert đầu tiên trong sự nghiệp vào ngày 03.07 🔥

Sau cú nổ lớn của Album ‘ÁNH SÁNG • MÀN ĐÊM’ Side A, Side B cũng sẽ sớm được ra mắt trong thời gian tới.

🔜 Concert Ánh Sáng Màn Đêm - GREY D | 03.07.2026",974,10,9,,https://www.facebook.com/hhsb.vn/posts/pfbid02MGYaTzbp5L8TMooexgV2P8q2iRHeExtgXEiaRw7rRef4j5v7zpQGh5bRsaBmGw7Kl,231.0,52.0,0.0,0.0,0.0,0.0
"Sau thời gian im lặng trước những ồn ào dư luận, cả hai ca sĩ Lou Hoàng và Hải Đăng Doo đã chính thức lên tiếng phủ nhận các cáo buộc tiêu cực, khẳng định bản thân hoàn toàn không mua bán hay sử dụng ""bóng cười"", cũng như không liên quan đến các cá nhân tung tin sai lệch. 

Lou Hoàng bày tỏ lòng biết ơn trước sự bao dung của khán giả và gửi lời xin lỗi sâu sắc đến gia đình, đặc biệt là mẹ, cùng cộng đồng người hâm mộ (FC SMILOU) vì những áp lực và tổn thương mà họ phải gánh chịu trong những ngày qua.

Hải Đăng Doo đã gửi lời xin lỗi chân thành và sâu sắc đến gia đình, quản lý, các đối tác, nhãn hàng, cùng ekip của hàng loạt chương trình như Anh Trai Say Hi, Tinh Hà Say Hi, Say Hi Rực Rỡ và Sao Nhập Ngũ vì đã làm ảnh hưởng đến tập thể. Anh cũng đặc biệt cúi đầu xin lỗi cộng đồng fan hâm mộ (FC BebeSharks) vì đã khiến họ phải thất vọng và tổn thương. 

Sau những biến cố này, cả Lou Hoàng và Hải Đăng Doo đều thể hiện thái độ cầu thị, tôn trọng mọi đánh giá từ công chúng và cam kết sẽ nghiêm túc nhìn nhận lại bản thân để sửa đổi, trưởng thành hơn và sống trách nhiệm hơn với tình yêu thương của khán giả.",4000,300,28,,https://www.facebook.com/hhsb.vn/posts/pfbid0356sAoRubphPMdvD8imxrJJMMcn2aM6GvwmyHVB2BG5NsEpXGP3y2bYn96DJ6t14Cl,1116.0,248.0,0.0,0.0,0.0,0.0
"Sơn Tùng M-TP cập nhật avatar và cover Facebook, liên tục đi ""like dạo"" trên Thờ Rét City trong trưa chiều nay 

Fan: Nguyễn Thanh Tùng đứng giữa mấy chục cái mặt nạ",3423,112,7,,https://www.facebook.com/hhsb.vn/posts/pfbid02DJ3GrTfAbJRnX5DpC7zi9dLEYTp4CrfwMM8HVw1B2w64hZs2FW1q7CmPwMfXZRVrl,165.0,33.0,0.0,0.0,0.0,0.0
"(PLO)- Hai nhóm thanh thiếu niên đã dùng h.u.n.g k.h.í hỗn chiến trên đường phố ở khu trung tâm thành phố Đồng Nai gây náo loạn cả khu vực.

#plo #baophapluattp #baophapluattphcm",143,1,4,,https://www.facebook.com/phapluattp.vn/posts/pfbid02dC8nqxPqJHMm5LtWTT9e6eewTbsA4AqHmzDXDFgSGwCUkKEdmijwtd7nXj75hXnvl,178.0,32.0,0.0,0.0,0.0,3.0
"(PLO)- Dù đã nghỉ việc nhưng cựu nhân viên ngân hàng vẫn đưa thông tin gian dối để chiếm đoạt của 4 khách hàng gần 1,7 tỉ đồng.

#plo #baophapluattp #baophapluattphcm",145,1,9,,https://www.facebook.com/phapluattp.vn/posts/pfbid02T4NCbCQnp8th9U5LqC6ypYEEzoUZFksANEuzyQuXNbt8R2HZSxzyUuNRzhRndjbFl,166.0,31.0,0.0,0.0,0.0,3.0
"(PLO)- Công an tỉnh Thanh Hóa vừa triệt xóa đường dây buôn nước hoa giả, giả mạo hàng loạt thương hiệu nổi tiếng trên thế giới như Chanel, Dior, Gucci, Versace… với số tiền bán ra khoảng 200 tỉ đồng chỉ từ đầu năm 2025.

#plo #baophapluattp #baophapluattphcm",199,1,10,,https://www.facebook.com/phapluattp.vn/posts/pfbid02ok9a5hvqsysRBdPKcdSTSDZMU45eZ8KnEqCFeM3LZkV67yX4gMbSkJtLEDgrRYGil,258.0,48.0,0.0,0.0,0.0,3.0
"Gương vỡ lại lành: Sandara Park đăng ảnh OT4 nhân kỷ niệm debut của 2NE1 với caption ""Chúc mừng kỷ niệm 17 năm!!! ♥️♠️🎉"".",1765,65,10,,https://www.facebook.com/hhsb.vn/posts/pfbid0PMDuwAUwMdPx1LmCxFBo8pA3GKiYcKa7zA7Ek9J2AYVJxFiCSqfjqLBBty3DoHrFl,121.0,24.0,3.0,0.0,0.0,0.0
"Bigcityboi trở lại với Album đầu tay mang tên ""Gặp Lại"" vào đúng ngày sinh nhật. Liệu có phải Album tập hợp tất cả các bản ngã trước đây của anh?",1872,13,3,,https://www.facebook.com/hhsb.vn/posts/pfbid02iFoPmhEhqr3ucpJMiCS9yKqAitFVikLPiAQirrB4ND8ZYC8ShcNo7QtFFPsazrrXl,145.0,31.0,0.0,1.0,0.0,0.0
"Anh Trai Vương Bình quay trở lại với trend ăn mì sợi dẹt, chiếm sóng nền tảng TikTok những ngày gần đây.

#MiGauCay #MiSoiDet #TomCayChua",3367,67,9,,https://www.facebook.com/reel/986153087145547/,137.0,25.0,0.0,0.0,0.0,3.0
"(PLO)- Hội nghị thượng đỉnh giữa Chủ tịch Trung Quốc Tập Cận Bình và Tổng thống Nga Vladimir Putin tại Bắc Kinh đã mang lại nhiều kết quả tích cực cho quan hệ song phương, với việc hai lãnh đạo cùng ký tuyên bố chung thực chất, bao trùm nhiều vấn đề.

#plo #baophapluattp #baophapluattphcm",44,1,1,,https://www.facebook.com/phapluattp.vn/posts/pfbid02SjuhTiDn5WPRTj1BkJXr3xscQrTvqXu4kDqP3TVPYrZH6NyZmQgsACByScMrM2dGl,289.0,55.0,0.0,0.0,0.0,3.0
"(PLO)- Chính quyền địa phương ở Đắk Lắk đã khuyến cáo người dân, du khách và chủ các phương tiện không tiếp cận quá gần khu vực cá voi săn mồi tại biển Cù Lao Mái Nhà.

#plo #baophapluattp #baophapluattphcm",93,1,1,,https://www.facebook.com/phapluattp.vn/posts/pfbid02pU5seJ7CXvFZyyniYbtWMNoiujppGtf9KPb3P5u7RetKt9D47RRDAtQyGG5UCyMjl,206.0,40.0,0.0,0.0,0.0,3.0
"(PLO)- Công an TP Huế làm việc với 45 người thường xuyên theo dõi, bình luận, chia sẻ, ấn like các thông tin sai sự thật, xuyên tạc từ các trang phản động.

#plo #baophapluattp #baophapluattphcm",324,1,27,,https://www.facebook.com/phapluattp.vn/posts/pfbid0cSzpftXvBbkk55NeYzVfuUAHttFzmt9mKoTwfBZvm23hsSBSUW7RfXm12xkzeF2jl,194.0,36.0,0.0,0.0,0.0,3.0
"UBKT Trung ương kỷ luật và đề nghị kỷ luật nhiều lãnh đạo, nguyên lãnh đạo tỉnh Quảng Ninh, Bắc Ninh",195,1,14,,https://www.facebook.com/phapluattp.vn/posts/pfbid02a5PgsJfj1H9Ucdos6CbDLSoLsheireXyPbK5qRJmGiDY4jw2j3B1NUB7Xa1Qy6sPl,100.0,21.0,0.0,0.0,0.0,0.0
"(PLO)- “Lúc đó, chúng tôi cứ nói đùa là ""sản phẩm để đời"", nhưng không ngờ rằng là đã làm cho anh em chúng tôi như thế này”- cựu Bộ trưởng Y tế Nguyễn Thị Kim Tiến nói.

#plo #baophapluattp #baophapluattphcm",81,1,5,,https://www.facebook.com/phapluattp.vn/posts/pfbid02Lhtf1PwCVdtsnKuTHrqbEJqd4TCdXwy88nXHUGJJcB82PB4zj2VgqnqigZVLhjagl,207.0,41.0,0.0,0.0,0.0,3.0
"(PLO)- Ông Bùi Thái Hùng, Phó Chánh án TAND TP.HCM được điều động, bổ nhiệm giữ chức vụ Chánh án TAND tỉnh Đồng Tháp.

#plo #baophapluattp #baophapluattphcm",275,1,12,,https://www.facebook.com/phapluattp.vn/posts/pfbid02ERM9CtdVbWrsSJq46RoKDmWechNKk4oEAaSYbcXV8YEtQhaKTK5KvBHKTyb2ppppl,156.0,27.0,0.0,0.0,0.0,3.0
"""Đàn chú"" G-DRAGON nhiệt tình PR cho HARU HARU của các cháu CORTIS, đăng hẳn lên story thì đẹp mặt quá rồi 😎🤣",3607,92,33,,https://www.facebook.com/hhsb.vn/posts/pfbid02fZQqbUTSRCVEYB7Up92sabL3XyS34fYFo7exr4ZSvS1S4zMke2reEHP3Nmnq4zojl,109.0,23.0,0.0,0.0,0.0,0.0
Hương Giang trong ngày đầu nhập cuộc với Miss Grand Internationall All Star:,3320,66,4,,https://www.facebook.com/hhsb.vn/posts/pfbid0GX7o4rRGKc6MJG9MuQt4vJtkrXmpKD4VA4zQU78odvrbCfifMaoz3DLKCESMXR1al,76.0,13.0,0.0,0.0,0.0,0.0
"DẤU HIỆU HÈ VỀ: BỚI TÔ CƠM RA RẠP KHÁM PHÁ LÒNG ĐẠI DƯƠNG CÙNG DORAEMON 😼😼

Trước khi coi thì cũng tò mò không biết bản mới sẽ làm tới đâu. Xem xong thì thấy phần hình ảnh lần này đẹp thật sự, mấy cảnh dưới biển lên màn ảnh rộng coi đã mắt cực. Tự nhiên cũng nhớ lại bản cũ hồi nhỏ, đồ hoạ tuy có khác biệt và mới mẻ hơn, nhưng cảm xúc vẫn y chang vậy 😍😍

Phim có đủ miếng: hài có, căng có, rồi mấy đoạn tình bạn dễ thương cũng có luôn. Giải trí là chính, nhưng vẫn lồng ghép nhẹ nhàng thông điệp bảo vệ môi trường nữa. Nói chung Doraemon vẫn là một ""món ăn"" không thể thiếu mỗi mùa hè, kiểu năm nào cũng phải xem một lần mới trọn vẹn

Phim đang có suất chiếu sớm hôm nay và chính thức đổ bộ rạp từ ngày 22/05 đó nha, ra rạp mở màn mùa hè cùng “hội bạn quốc dân” là hợp lý luôn 🤭

#PhimDoraemon2026VN",1973,73,9,,https://www.facebook.com/hhsb.vn/posts/pfbid02Rz7iPgDFeGGCV7EBerazo2dTB6QRqozk6UsvR8xLUNyLvfznd16CAtHnZNj8Ki4wl,800.0,179.0,0.0,0.0,0.0,1.0
"(PLO)- Trong vụ công ty thuê người làm ""chim mồi"" để lừa bán đất, Viện trưởng VKSND tỉnh Đồng Nai đã kháng nghị tăng nặng hình phạt với 7 bị cáo, các bị cáo cũng kháng cáo đề nghị tăng nặng hình phạt với nhiều bị cáo.

#plo #baophapluattp #baophapluattphcm",158,1,5,,https://www.facebook.com/phapluattp.vn/posts/pfbid0GYY93VELPbfsvd5dwLVxwDVqPNdMtVu9Cj2QtD5avuRg83LZpzeuJfhDahVFH7Sdl,256.0,50.0,0.0,0.0,0.0,3.0
"(PLO)- Tổng Bí thư yêu cầu không để nguồn lực quốc gia nằm im trong thủ tục và tâm lý sợ trách nhiệm tại buổi làm việc về nguồn lực phát triển đất nước.

#plo #baophapluattp #baophapluattphcm",72,1,4,,https://www.facebook.com/phapluattp.vn/posts/pfbid027u3Vjcb5tNjmrWsuWTaWvrQm71RpMQtPU9QEESJ7oZ7hzmQbpQEkBKYisf71PATml,191.0,37.0,0.0,0.0,0.0,3.0
"(PLO)- Công an TP.HCM khởi tố, bắt tạm giam Nguyễn Văn Lời và Trương Thị Thu Hà do liên quan hành vi đưa hối lộ, môi giới hối lộ trong hoạt động kinh doanh động vật hoang dã.

#plo #baophapluattp #baophapluattphcm",104,1,0,,https://www.facebook.com/phapluattp.vn/posts/pfbid028ptFTXfya9vGgPQPXLHMH3ioDHuzajpnfG41hAUj5LBjeWBu8A5TqQZMXsy1wNNWl,213.0,41.0,0.0,0.0,0.0,3.0
"Copy & Patse - Nhân đôi sự dễ thương

Cre: Meeko",0,0,0,,https://www.facebook.com/hoiyeuchomeo.tv/posts/pfbid0gyyYTuwDhQpCjVWZ8K1XhP4gmwh8Tx3hjKAa8yYGeDtGM9ZSqDVTov5xthX1PP4Zl,48.0,11.0,0.0,0.0,0.0,0.0
"Bị bắt mà nhìn ả như đang bỏ trốn theo tình nhân vậy 😥

Cre: Không sợ chó",237,19,5,,https://www.facebook.com/hoiyeuchomeo.tv/posts/pfbid0273gSi1SxG6QgosWfLFXWpSqAMv22VTW2MyixqQL3bmuS5AZTTFQ2rQszabQmjxrgl,73.0,18.0,0.0,0.0,0.0,0.0
"Đừng buồn Sen nhé...

Cre: Fb Nguyễn Thanh Phong",243,26,43,,https://www.facebook.com/hoiyeuchomeo.tv/videos/419687129004521/,48.0,9.0,0.0,0.0,0.0,0.0
Visual hiện tại của Sơn Tùng M-TP:,4041,231,8,,https://www.facebook.com/hhsb.vn/posts/pfbid02h48CydMbPEBT9vXf8Un4NP8CWkJpDX5s5e5SCco3JAgQmuAvtQ99zFUUVfW6oDBul,34.0,7.0,0.0,0.0,0.0,0.0
"Ca sĩ Quách Tuấn Du có đôi dòng trăn trở cảm xúc nửa đêm đang gây chú ý trên MXH. 

Bên cạnh các hoạt động nghệ thuật, Quách Tuấn Du còn nổi tiếng thường xuyên tổ chức các buổi biểu diễn thiện nguyện tại các trại giam để giao lưu và động viên tinh thần phạm nhân. 

Những màn hóa thân của anh khi mặc trang phục phạm nhân hoặc quần áo lao động rách rưới với thông điệp hướng thiện luôn nhận được sự đồng cảm sâu sắc",2214,129,8,,https://www.facebook.com/hhsb.vn/posts/pfbid02y45mEThVuCTBYjvxFZVJx8fCCqzQKYczpbxNmjRqVXwfwJHNnD7JL7K7kruRX9Ecl,415.0,89.0,0.0,0.0,0.0,0.0
"Trao đổi về vụ việc, Tiến sĩ Luật sư Đặng Văn Cường, Trưởng văn phòng Luật sư Chính Pháp cho biết, theo quy định của pháp luật thì người tổ chức sử dụng trái phép chất maithuy là người tổ chức để đưa maithuy vào cơ thể người khác.

Hành vi tổ chức sử dụng trái phép chất maithuy rất đa dạng có thể bao gồm các hành vi như: chuẩn bị maithuy cho người khác sử dụng, chuẩn bị dụng cụ để sử dụng trái phép; cho thuê, cho mượn hoặc đi thuê địa điểm để cho người khác sử dụng trái phép chất maithuy hoặc có những hành vi khác tạo điều kiện thuận lợi để những người khác sử dụng trái phép chất maithuy.

Tất cả những người thực hiện các hành vi liên quan đến việc tạo điều kiện cho việc sử dụng trái phép chất maithuy diễn ra được xác định là hành vi tổ chức sử dụng trái phép, người thực hiện hành vi tổ chức sử dụng trái phép maithuy cho từ 2 người sử dụng trở lên thì sẽ phải đối mặt với khung hình phạt và phạt tòo từ 7 năm đến 15 năm theo quy định tại khoản 2, điều 255 bộ luật hình sự.

Tối 16/5, Cơ quan CSĐT Công an thành phố Hải Phòng đã ra Quyết định khởi tố bị can, áp dụng biện pháp ngăn chặn Tạm giam đối với Lê Ánh Nhật (ca sĩ Miu Lê) và Vũ Khương An về hành vi Tổ chức sử dụng trái phép chất maithuy.

Qua khám xét khẩn cấp tại Cơ sở lưu trú Titibeach thuộc khu vực bãi tắm Tùng Thu, lực lượng Công an thu giữ 5,35 gram Ke; 0,40 gram Ke và Co-ca; cùng một số dụng cụ, đồ vật liên quan đến hành vi Tổ chức sử dụng trái phép chất maithuy.

Theo: Kenh14",5714,296,47,,https://www.facebook.com/hhsb.vn/posts/pfbid0y36qh6SnpSxrVH4MyiQgu8UC6q4Wevhq9vU4BhZ5kJ6PKVQZwCmDrCzuqkKbJsQUl,1458.0,320.0,0.0,0.0,0.0,0.0
"Dạo này dân tình up ảnh đi Sapa rầm rộ quá, Mị váy áo đủ cả rồi, Mị cũng muốn đi chơi!!

#hoiyeuchomeo

Ảnh: Sưu tầm",307,45,11,,https://www.facebook.com/hoiyeuchomeo.tv/posts/pfbid0222CW164USmax3vF7Jk2wGu3iPfA75X9qHgK5swdErafCbboMkgCaV1mziuSuvjZVl,116.0,26.0,2.0,0.0,0.0,1.0
"Nghe nói năm nay miền Bắc đón mùa đông sớm, Boss có đôi có cặp hết rồi, các con Sen đã có ai chưa?

#hoiyeuchomeo",228,7,10,,https://www.facebook.com/hoiyeuchomeo.tv/videos/2394487994188068/,113.0,25.0,0.0,1.0,0.0,1.0
"Rò rỉ mốt số ảnh hậu trường phần phim tiếp theo của Spider man... Nhân vật gây được sự chú ý lại không phải Nhện Nhọ 😲

#hoiyeuchomeo

Nguồn: Spidey Adventure",442,29,30,,https://www.facebook.com/hoiyeuchomeo.tv/posts/pfbid0QyMxUdRZmfnrxXXoh4SKqVDmTXXFPedMAib4PQTKvB1geK8ZmVk7XztYYSoLEn4Wl,158.0,31.0,0.0,0.0,0.0,1.0
"CTY QUẢN LÝ LÊN TIẾNG SAU KHI MIU LÊ BỊ BẮT TẠM GIAM VÀ KHỞI TỐ 'TỔ CHỨC SỬ DỤNG MAITHUY': CHÚNG TÔI KHÔNG BAO CHE, TÔN TRỌNG THỰC THI PHÁP LUẬT

Nguyên văn

""Hôm nay (ngày 16/5), công ty vừa nhận được thông tin chính thức về những diễn biến tiếp theo của vụ án từ cơ quan chức năng. 

Cụ thể, sau quá trình tiếp tục củng cố chứng cứ và mở rộng điều tra, đến ngày 16/5/2026, Cơ quan CSĐT Công an thành phố Hải Phòng đã ra Quyết định khởi tố bị can, đồng thời áp dụng biện pháp ngăn chặn Tạm giam đối với Lê Ánh Nhật (Miu Lê) về hành vi: “Tổ chức sử dụng trái phép chất maithuy”.

Trước diễn biến và tính chất nghiêm trọng của sự việc hiện tại, xin khẳng định quan điểm nhất quán của công ty: luôn thượng tôn pháp luật, tuyệt đối tuân thủ mọi quyết định của cơ quan nhà nước có thẩm quyền và không bao che cho bất kỳ hành vi vi phạm pháp luật nào.

Việc cơ quan chức năng thay đổi quyết định từ không khởi tố sang khởi tố và bắt tạm giam cho thấy tính chất phức tạp của vụ việc. Dù vô cùng đáng tiếc, chúng tôi hoàn toàn tôn trọng quá trình thực thi pháp luật của Cơ quan CSĐT Công an thành phố Hải Phòng.

Trong giai đoạn này, KIM Entertainment sẽ tiếp tục:
- Hợp tác chặt chẽ với cơ quan chức năng để phục vụ công tác điều tra, xử lý vụ án theo đúng quy định.
- Công ty vẫn giữ nguyên cam kết trực tiếp đại diện Miu Lê đứng ra giải quyết mọi vấn đề về công việc cho các Quý Đối tác, Nhãn hàng và Nhà sản xuất bị ảnh hưởng.

Chúng tôi hiểu rằng, những thông tin liên tiếp trong những ngày qua đã gây ra sự hoang mang và thất vọng tột cùng cho quý khán giả, cũng như ảnh hưởng nghiêm trọng đến cộng đồng. 

Chúng tôi xin một lần nữa nhận trách nhiệm sâu sắc trong công tác quản lý nghệ sĩ và gửi lời xin lỗi chân thành nhất đến toàn thể quý vị vì sự việc đáng tiếc này""",5355,333,37,,https://www.facebook.com/hhsb.vn/posts/pfbid02YJxDoCj8CGUhWzx9gJ9oWj22DLD5Y2i3vUhAqBz7sNXv3tHuUv1eLyQWddtUcQAYl,1768.0,384.0,0.0,0.0,0.0,0.0
"Ca sĩ Phương Thanh có những chia sẻ quan điểm cá nhân giữa ồn ào showbiz mới đây: ""Dục tốc bất đạt""",2887,197,24,,https://www.facebook.com/hhsb.vn/posts/pfbid03632x7Btv8j3qe1AncbQWj6QFoXCbK9czMnJVvdao8A2cQuPMhCZ8umSfsdobsMMwl,99.0,22.0,0.0,0.0,0.0,0.0
"🔥CẦU THỦ U23 VIỆT NAM CŨNG TỔ CHỨC “MEET & GREET” TẠI TP.HCM

17.05.2026 - tại Sân vận động Hoa Lư, cầu thủ U23 Việt Nam - Nhật Minh sẽ có mặt tại Ngày hội Bóng đá Toàn quốc để giao lưu, ký tặng và chia sẻ về cách thức tập luyện.

Ba mẹ hãy nhanh tay đăng ký cho ""cầu thủ nhí nhà mình"" tham gia Ngày hội Bóng đá nhí Toàn quốc để con trải nghiệm những hoạt động thú vị và được truyền cảm hứng có thêm động lực theo đuổi giấc mơ sân cỏ ngay nhé~",1217,0,0,,https://www.facebook.com/hhsb.vn/posts/pfbid0UsKPVwyGZuJAi4aZZjg2i6Dv1ggYuPvuamfCU3wW5qdsT6tghE9rHYpbTkURwyhFl,443.0,100.0,0.0,0.0,0.0,0.0
"Mày có võ ư . 

T chỉ cần cái bụng ú của t cũng có thể ăn mày rồi...

Mập cũng là 1 lợi thế...!

Cre: Thị trấn mèo",542,26,10,,https://www.facebook.com/hoiyeuchomeo.tv/posts/pfbid02Z1UCpPjWd4JZcFxPHD6cfnXBaBc1hGm1ytRDLAFMt4woVoUQ64ikvN9kg3ndUJZGl,114.0,29.0,1.0,0.0,0.0,0.0
Sai lầm khi yêu 🙄,242,8,11,,https://www.facebook.com/hoiyeuchomeo.tv/videos/296182384779235/,17.0,5.0,0.0,0.0,0.0,0.0
"T đã nói không có nhu cầu tập thể dục 😖
Cre:Tiktok",390,1,11,,https://www.facebook.com/hoiyeuchomeo.tv/videos/296752818412166/,50.0,12.0,0.0,0.0,0.0,0.0
"(PLO)- Chủ tịch Trung Quốc Tập Cận Bình và Tổng thống Nga Vladimir Putin ký tuyên bố chung tăng cường phối hợp chiến lược, khẳng định quan hệ song phương đang ở mức cao nhất lịch sử.

#plo #baophapluattp #baophapluattphcm",61,1,3,,https://www.facebook.com/phapluattp.vn/posts/pfbid0YzbbDzbUdGU3UXCkBTLgPzqndL6EQmmJa39pGn91BSAS78j1MhSbTJXVVajE92HXl,221.0,40.0,0.0,0.0,0.0,3.0
"(PLO)- Công an bắt được nghi phạm liên quan vụ t.h.i t.h.ể nữ giới trong nhà nghỉ ở Khánh Hòa.

#plo #baophapluattp #baophapluattphcm",297,1,7,,https://www.facebook.com/phapluattp.vn/posts/pfbid02t39VSZ5tizXYC1Dne88juVr2fwSh4AoK35KymFkLH8Dcbq3sfTNL4hk3to5rZcPRl,133.0,23.0,0.0,0.0,0.0,3.0
"(PLO)- Ông Phạm Tất Thắng được chỉ định làm Bí thư Đảng ủy Cơ quan Ban Tuyên giáo và Dân vận Trung ương, nhiệm kỳ 2025-2030.

#plo #baophapluattp #baophapluattphcm",54,1,1,,https://www.facebook.com/phapluattp.vn/posts/pfbid07fPnMW9RGcngssnF67kDuAVAYUWA22wNEx7EgKQjwkvKnRb3H7NJAVQcvMx2kaXel,163.0,29.0,0.0,0.0,0.0,3.0
"KHỞI TỐ LÊ ÁNH NHẬT (MIU LÊ) VỀ HÀNH VI TỔ CHỨC SỬ DỤNG TRÁI PHÉP MAITHUY

Căn cứ kết quả điều tra, ngày 14/5/2026, Cơ quan CSĐT Công an thành phố đã khởi tố vụ án hình sự “Tổ chức sử dụng trái phép chất maithuy và tàng trữ trái phép chất maithuy”; khởi tố bị can đối với: Trần Đức Phong và Vũ Thái Nam về hành vi: “Tổ chức sử dụng trái phép chất maithuy” và hành vi “Tàng trữ trái phép chất maithuy”; khởi tố Đoàn Thị Thúy An về hành vi: “Tổ chức sử dụng trái phép chất maithuy”, đồng thời áp dụng biện pháp ngăn chặn Tạm giam các đối tượng. Mở rộng điều tra đã làm rõ và tạm giữ hình sự đối với Đặng Huy Việt, sinh năm 1984, trú tại 14/260 Tân Mai, phường Hoàng Mai, Hà Nội về hành vi: “Mua bán trái phép chất maithuy”.

Tiếp tục củng cố chứng cứ, đấu tranh với các đối tượng liên quan, đến ngày 16/5/2026, Cơ quan CSĐT Công an thành phố đã ra Quyết định khởi tố bị can, áp dụng biện pháp ngăn chặn Tạm giam đối với Lê Ánh Nhật và Vũ Khương An về hành vi: “Tổ chức sử dụng trái phép chất maithuy”; đồng thời, khởi tố bị can đối với Trần Minh Trang về hành vi: “Không tố giác tội phạm”.

Hiện, Cơ quan CSĐT Công an thành phố Hải Phòng tiếp tục mở rộng điều tra để xử lý nghiêm các đối tượng theo quy định của pháp luật. Đồng thời chỉ đạo Công an các đơn vị, địa phương tiếp tục tập trung nắm tình hình, chủ động tham mưu cho cấp ủy, chính quyền địa phương; phối hợp chặt chẽ với các cơ quan, đơn vị liên quan tăng cường công tác quản lý Nhà nước về an ninh trật tự, đẩy mạnh công tác tuyên truyền đáp ứng kịp thời công tác phòng ngừa, đồng thời phát hiện kịp thời, bắt giữ, xử lý nghiêm các vi phạm theo quy định.

Theo: Báo Điện Tử VTV / Công An TP. Hải Phòng",23328,2489,469,,https://www.facebook.com/hhsb.vn/posts/pfbid0qjUXnwq1fqDGTkG5fHxJ5WwWkSYxyKwbbvKa5Tw9i1iRhKWXz52jVDm7zQzAMsfml,1661.0,360.0,0.0,0.0,0.0,0.0
"Những hình ảnh của tập phim đặc biệt ""Doraemon - Quà sinh nhật là chuyến du lịch Việt Nam"" hé lộ hành trình của Nobita, Shizuka, Doraemon và Doraemi đến các danh lam thắng cảnh nước ta như Bưu điện thành phố Hồ Chí Minh, Phố cổ Hội An, Vịnh Hạ Long... Các nhân vật mặc áo dài, đội nón lá khiến khán giả Việt trông đợi ngày phát sóng 23/05 tới đây.",2701,108,95,,https://www.facebook.com/hhsb.vn/posts/pfbid036LwjTC2rYez1i2yL4DdhFmJLjbf6HiUpEgT1iYr5JoJFkYBGMCAeSL8nHgwfETaRl,347.0,73.0,0.0,0.0,0.0,0.0
"Mới đây nữ diễn viên Thái Lan Mild Lapassalan Jiravechsoontornkul đăng bài cho biết cô đang giữ khoảng cách với chồng - Pi Scott và xin lỗi em trai của chồng (Psi Scott), khẳng định rằng cô chưa từng nghe đoạn ghi âm cuộc trò chuyện giữa anh và anh trai về những chuyện tồi tệ mà anh đã phải chịu đựng.

Nguyên văn bài đăng:

""Lời đầu tiên, Mild xin gửi lời xin lỗi chân thành nhất vì những hành động và sự hiểu lầm của bản thân trong sự việc lần này đã gây ra tổn thương và khiến nhiều người phải thất vọng, đặc biệt là Psi. Mild cảm thấy vô cùng có lỗi và ân hận vì đã để mọi chuyện đi quá xa đến mức này.

Cá nhân Mild chưa từng nghe qua đoạn ghi âm này trong suốt khoảng thời gian quen nhau. Mild cảm thấy rất buồn và xót xa trước những gì Psi đã phải đối mặt. Từ giờ trở đi, Mild xin phép được lùi lại, giữ khoảng cách với chồng để tự nhìn nhận lại bản thân và chăm sóc cho sức khỏe tinh thần của mình.

Cuối cùng, Mild xin gửi lời xin lỗi đến bạn bè, anh chị em đồng nghiệp trong giới giải trí và tất cả những ai bị ảnh hưởng bởi sự việc này. Mọi người chỉ đơn thuần muốn động viên Mild mà chưa nắm rõ được toàn bộ sự thật câu chuyện. Cảm ơn tất cả mọi người đã gửi lời động viên đến Mild, và cũng xin cảm ơn những ai đã luôn ở bên cạnh sát cánh cùng Psi""",4132,316,74,,https://www.facebook.com/hhsb.vn/posts/pfbid0nosYJCj1uwteS3rzo6FzfabCWeHdAwsWbknbEjR7GyZbRLGwU6CP18Y285wEizzhl,1261.0,278.0,0.0,0.0,0.0,0.0
"T đã nói là ko thích rồi 😒
Cre: Tiktok: Chomeovlog",265,3,7,,https://www.facebook.com/hoiyeuchomeo.tv/videos/356687325492019/,50.0,11.0,0.0,0.0,0.0,0.0
Trò đùa của chúng m đấy ah 😖,850,35,26,,https://www.facebook.com/hoiyeuchomeo.tv/posts/pfbid02unbx4qEXBNZaT1X3VRVpAcBZGvFa4xHwfRATt62Kujjvz11psU4BJfvVyE22uEGBl,28.0,8.0,0.0,0.0,0.0,0.0
"(PLO)- Chính sách giảm tiền sử dụng đất được kỳ vọng tháo gỡ gánh nặng tài chính cho nhiều hộ gia đình. Tuy nhiên, trong khi một số địa phương đã tiếp nhận và xử lý hồ sơ thì tại Hà Nội, người dân vẫn phải chờ quy trình nội bộ được ban hành.

#plo #baophapluattp #baophapluattphcm",48,1,4,,https://www.facebook.com/phapluattp.vn/posts/pfbid021tfSb6z2PGkqrwazvmrPm2LUNC8XoCzcWjzqV6UD4CzGjPJMp95WRUsDZPbnsRJkl,280.0,57.0,0.0,0.0,0.0,3.0
"(PLO)- Bà Chu Thị Thành, cựu Chủ tịch Tập đoàn Thiên Minh Đức bị đề nghị truy tố về các tội tham ô tài sản; in, phát hành, mua bán trái phép hóa đơn, chứng từ thu nộp ngân sách nhà nước.

#plo #baophapluattp #baophapluattphcm",94,1,8,,https://www.facebook.com/phapluattp.vn/posts/pfbid0jkWoBqPvQDJz8nvk8wKkXvoRtVDZjrKh6WirU8u7ECZVbLr6U1pZvSy6Esa2k4ipl,225.0,45.0,0.0,0.0,0.0,3.0
"(PLO)- Tại phiên tòa phúc thẩm, cựu cục trưởng Nguyễn Thanh Phong xin giảm án, tự nguyện sung công quỹ 70 triệu đồng và khắc phục toàn bộ hậu quả trước khi tòa xét xử sơ thẩm.

#plo #baophapluattp #baophapluattphcm",184,1,8,,https://www.facebook.com/phapluattp.vn/posts/pfbid0cenv1n3aSvGDLRqntdS3go7VGmVNQA7ZHhsr6EkvwpJfh1BvEDYtE58bPH1QkvCwl,214.0,40.0,0.0,0.0,0.0,3.0
Apink cùng hội tụ để chúc mừng ngày cưới của cô dâu Bomi và chú rể Rado,2226,20,9,,https://www.facebook.com/hhsb.vn/posts/pfbid0Sbiiey9wiqWgwgcbZ1TTwqCSYV6neJsTPRpvztVGotUF7hMWaAzdhkfVdRfsN8tpl,71.0,17.0,0.0,0.0,0.0,0.0
"Thật vô nghĩa, nếu biết trước có kết quả như vậy. Tội gì phải tranh giành đấu đá làm gì. Phí hết tâm sức tính toán mà tới cuối cùng cứ khui Tiger là auto trúng 🤣 

😝 Anh em nào khui Tiger nhớ lưu ý giữ lại khoén bia để đổi quà nhé! 

#TigerBeer #BatLonCoolPack #SanTigerVang #HợptáccùngHeinekenViệtNam",1968,135,79,,https://www.facebook.com/hhsb.vn/posts/pfbid0fEC78GANJHJvAXDTAzG8Jk9vFmbVgqD9Y689rGyqxJpeXfv3LHVtEMnj6BZ7DZkKl,301.0,58.0,1.0,0.0,0.0,4.0
"BỮA TIỆC MỪNG SINH NHẬT LỚN NUTIFOOD GROWPLUS+ ĐONG ĐẦY CẢM XÚC KHI CÓ SỰ GÓP MẶT CỦA DÀN SAO VIỆT 💛

Cùng nhìn lại khoảnh khắc của các nghệ sĩ khi cùng nhãn hàng kỷ niệm cột mốc quan trọng này:

✨ Gần 400 khách mời: Sự kiện quy tụ đông đảo ban lãnh đạo thành phố, các chuyên gia dinh dưỡng, chuỗi đối tác lớn cùng các nghệ sĩ và khách hàng lâu năm.
✨ Mốc son tự hào mở ra chặng đường mới: Bữa tiệc còn là dịp để các khách mời cùng chúc mừng bước ngoặt vươn tầm quốc tế của thương hiệu, khi Công thức dinh dưỡng độc quyền FDI hỗ trợ Đề kháng khoẻ, Tiêu hoá tốt chính thức được Văn phòng Sáng chế và Thương hiệu Hoa Kỳ (USPTO) cấp bằng sáng chế, bảo hộ trí tuệ toàn cầu.

💛 Một bữa tiệc không chỉ lớn về quy mô tổ chức hoành tráng mà còn chứa đựng nhiều cảm xúc trân quý, là lời tri ân sâu sắc giữa nhãn sữa thân thuộc hàng đầu Việt Nam và những người bạn đồng hành qua hơn một thập kỷ.

#NutifoodGrowPLUS+ #MừngSinhNhậtLớn",2288,62,2,,https://www.facebook.com/hhsb.vn/posts/pfbid02oFrzVyp7bM2evczWKCx6uVC4TmZ97tJT35NN7bfdQ9okxHuDCZo26fDt4LtPTm9Ll,922.0,197.0,0.0,0.0,0.0,2.0
Mẹo che quầng thâm hiệu quả 😎😎,692,38,59,,https://www.facebook.com/hoiyeuchomeo.tv/videos/2801759419929453/,30.0,7.0,0.0,0.0,0.0,0.0
Thương khônggg 🥺🥺,730,30,20,,https://www.facebook.com/hoiyeuchomeo.tv/videos/222682452315774/,17.0,3.0,0.0,0.0,0.0,0.0
"Cái mặt giả vờ tội giỏi lắm 😡
Cre: Dao_cho",433,8,26,,https://www.facebook.com/hoiyeuchomeo.tv/videos/768996880518589/,42.0,10.0,0.0,0.0,0.0,0.0
"Mới đây vào chiều 16/5, Hoàng Thuỳ chính thức lên tiếng về chuyện casting show Victoria's Secret. Cô đưa ra các mốc thời gian cụ thể

- 2/4: Bên chương trình thông báo casting nên Hoàng Thuỳ háo hức, sau đó ""đăng video tập luyện với tinh thần sẵn sang
- 6/4: Mở cổng đăng ký, vì chưa đáp ứng yêu cầu ""là cư dân hợp pháp tại Mỹ và có đủ điều kiện pháp lý để làm việc tại Mỹ"" nên Hoàng Thuỳ KHÔNG nộp hồ sơ
- 7/4: Cô đăng video nói về việc mình chưa đủ điều kiện tham gia

Tuy nhiên, sau bài đăng, cư dân mạng phát hiện trong suốt tháng Tư, Hoàng Thuỳ liên tục gắn hashtag Hoangthuyvictoriassecret và victoriassecret trên các bài đăng ở trang cá nhân. Nhiều người đặt ra câu hỏi, vì cô muốn PR cho show nên nhiệt tình gắn hashtag, hay vì lý do khác.",3000,240,31,,https://www.facebook.com/hhsb.vn/posts/pfbid0384sWidce1FxcwEjDQaULHyiAXFuPL5Vkdv3UyxsRimjPKhpJJt9mqhvJCtyg1P7Ml,747.0,156.0,0.0,0.0,0.0,0.0
Visual của Ji Chang Wook và Jun Ji Hyun đang viral khi xuất hiện cùng nhau tại LHP Cannes 2026,2849,48,9,,https://www.facebook.com/hhsb.vn/posts/pfbid02p9JREfw4hLfMakgSi9QzWpQoPJfqU3kTTcvXxQ1tR1w66SetFC2PStg2fVq7h47Pl,94.0,20.0,0.0,0.0,0.0,0.0
"Fan ngẫu hứng đổi nhạc clip của V với J-Hope trên TikTok và kết quả ""over-hợp""",1932,51,25,,https://www.facebook.com/reel/1014698927711949/,78.0,16.0,0.0,0.0,0.0,0.0
"Nhìn tao giống trò đùa của m lắm ahh 🙄🙄
Cre: Dao-cho",363,12,15,,https://www.facebook.com/hoiyeuchomeo.tv/videos/296132891828061/,52.0,12.0,0.0,0.0,0.0,0.0
Điều ước giản đơnn 😛😛,237,4,1,,https://www.facebook.com/hoiyeuchomeo.tv/posts/pfbid02SSDat7bPXC4CoFiAhmdeRmm8mb8VBbYpk7S2A9BCHThCaxxLQxmVqpg9Nx7rJX5vl,21.0,5.0,0.0,0.0,0.0,0.0
😤😤😤 Chắc chắn là nó có ng khác rồi,247,11,1,,https://www.facebook.com/hoiyeuchomeo.tv/posts/pfbid0ioN2sVFjaNMACjyMgNksiD8ruvh4dMzCm8hRT9SwtAwA2tHPbC1HhQbkXsXj1fjvl,34.0,9.0,0.0,0.0,0.0,0.0
"Twister làm cú 'twist' với bao bì mới, mang bé Mọng Cam quậy tung mạng xã hội!

Chiếm sóng mùa hè 2026 với màn đổi bao bì cực tươi mọng, Twister còn mang những cú 'twist' cực trendy với màn debut của Bé Mọng Cam. Lần đầu tiên, Twister đồng hành cùng dàn Anh Tài tại Gai Home Concert với hàng loạt các minigame và những chiếc CamBus tươi mọng, biến hành trình đi concert của các Gai con trở nên đầy thú vị.

Con tướng Bé Mọng Cam và màn rebranding ""Make It Juicier"" có chăng là bước đi chiến lược để tiếp cận gần hơn Gen Z? Mời các chuyên gia ""mổ xẻ"" nha.

#TropicanaTwister #NgayThemTuoiMong #HoptaccungTropicanaTwister",8188,692,668,,https://www.facebook.com/hhsb.vn/posts/pfbid0TcoVKNpv8W7mMC5eLpqEGiEnZE2hKoT3LngYMq8Rkn1qZyniXHHh9kC5rfdHr7Csl,619.0,119.0,1.0,1.0,0.0,3.0
"Dương Dương và Seulgi (Red Velvet) mạnh ai nấy đẹp tại sự kiện của thương hiệu Chow Tai Fook ở Hong Kong

2 chiếc visual đứng cạnh nhau cook ra 7749 kịch bản, lên thêm con beat nữa là có FMV 🤣",811,91,6,,https://www.facebook.com/hhsb.vn/posts/pfbid02BxPh7bgWMqnVM1or12yDjEYA4v18XzLzFcHRkjXFvrrqEpumFTfRfKxqxL6Pue6Tl,192.0,42.0,0.0,0.0,0.0,0.0
Đẹp mặt CORTIS: G-DRAGON đã xem và thả tim  video Haru Haru phiên bản TNT gây náo loạn MXH đêm qua 🤣,4904,79,28,,https://www.facebook.com/hhsb.vn/posts/pfbid02P5H4aMPgP52wdeJx1kq46KTDjs5wsKvWPgjUfpuLSV9zERfxnaScHx19yynnwx8Ql,100.0,22.0,0.0,0.0,0.0,0.0
"Google ra mắt Gemini Omni, cho phép tạo video bằng hình ảnh, giọng nói và văn bản 👇",15,1,2,,https://www.facebook.com/phapluattp.vn/posts/pfbid0JWE2YTuipf1eJAvQTAVLwG9DcdiU3sRbnZgNHjhjK9KBLXxQg9QgBfVQi4VUE9ghl,83.0,18.0,0.0,0.0,0.0,0.0
"(PLO)- Cựu Giám đốc Ban Y tế trọng điểm khai đã đưa 2 triệu USD cho một giám đốc doanh nghiệp theo sự bày vẽ của cựu Bộ trưởng Nguyễn Thị Kim Tiến nhằm không bị xử lý kỷ luật.

#plo #baophapluattp #baophapluattphcm",167,1,16,,https://www.facebook.com/phapluattp.vn/posts/pfbid0kEN1oWrT8spKV7vAfHG2mbkWghS2UgbVXjJYz2GKqySvtjJpgyMSJqbfmx4XmF7fl,214.0,43.0,0.0,0.0,0.0,3.0
"(PLO)- Từ 1-7, lương cơ sở tăng lên 2,53 triệu đồng làm thay đổi mức đóng BHYT hộ gia đình và của học sinh, sinh viên.

#plo #baophapluattp #baophapluattphcm",101,1,5,,https://www.facebook.com/phapluattp.vn/posts/pfbid02yYoeumCE4aXoXRhZnYcr4jNmDvG25DJrkwUJ8jLrJUX4KgrxqHjVm2oR5XS2saSbl,157.0,29.0,0.0,0.0,0.0,3.0
"Phụ nữ không phải để hiểu 😃😃😃
Cre:Daomeo",267,11,10,,https://www.facebook.com/hoiyeuchomeo.tv/videos/608966880057564/,40.0,8.0,0.0,0.0,0.0,0.0
Chia tay thì sao không biếttt 😅😅,291,17,10,,https://www.facebook.com/hoiyeuchomeo.tv/posts/pfbid02itc3DEDrYaPyizG2TxKRnEnKycNv4Z7FvWNRKFfkUdqDbVedN59v67oUqSKpDRsUl,32.0,7.0,0.0,0.0,0.0,0.0
"Người ta nhỏ bé màaaa 😤😤😤
Cre: Meolaliem",10000,941,1093,,https://www.facebook.com/hoiyeuchomeo.tv/videos/293352278608088/,40.0,8.0,0.0,0.0,0.0,0.0
"Mới đây, Jenny Huỳnh đã hạnh phúc chia sẻ bức ảnh chụp cùng Phoebe Gates - con gái út của tỷ phí Bill Gates tại New York! 

Ngay sau đó, đông đảo cư dân mạng đã bày tỏ sự ngưỡng mộ năng lực của Jenny Huỳnh khi cô có cơ hội tham dự cuộc thi sáng tạo công nghệ và gặp được nữ doanh nhân sinh năm 2002 này.

Không đi theo con đường công nghệ truyền thống của cha, Phoebe Gates có niềm đam mê lớn với thời trang. Cô là đồng sáng lập kiêm đồng CEO của Phia - là một nền tảng mua sắm thời trang tích hợp trí tuệ nhân tạo (AI) giúp người dùng tìm kiếm sản phẩm và so sánh giá cả. Ngoài ra, Phoebe còn là một nhà hoạt động tích cực ủng hộ sức khỏe phụ nữ, quyền sinh sản và thời trang bền vững.

Jenny Huỳnh (tên thật là Huỳnh Việt Hoàng Vy, sinh năm 2005) là nhà sáng tạo nội dung và YouTuber người Việt Nam, sở hữu hơn 15 triệu người theo dõi (follower) trên nhiều nền tảng MXH. 

Năm 2023, Jenny xuất sắc trúng tuyển vào Đại học Stanford (Mỹ) - một trong những ngôi trường top đầu thế giới. Jenny liên tục thử thách bản thân qua các chương trình học tập, trao đổi tại những ngôi trường danh giá khác như Đại học Bắc Kinh (Trung Quốc - năm 2025) và Đại học Oxford (Anh - năm 2026). Jenny từng lọt vào danh sách ""30 Under 30 Asia"" năm 2025 của tạp chí Forbes Châu Á.",5276,34,26,,https://www.facebook.com/hhsb.vn/posts/pfbid02MgTjs9FMYkagqGii9YqWJ1sfmhnS6N97qaD8RXQJHNhZ32Mm2a5YJWY8VmdT5Sypl,1259.0,270.0,1.0,0.0,0.0,0.0
"HARU HARU NHƯNG KHÔNG PHẢI CỦA BIGBANG MÀ LÀ PHIÊN BẢN TNT CỦA CORTIS: 
NGHỊCH TỚI ĐÀN ANH NHÀ YG LUÔN RỒI",6450,241,110,,https://www.facebook.com/reel/1819582522335129/,106.0,22.0,0.0,0.0,0.0,0.0
"Bomi (Apink) và producer Rado công bố ảnh cưới theo phong cách ""phòng làm nhạc"" để kỷ niệm mối lương duyên của cả hai vào 9 năm trước. Hôn lễ của cặp đôi sẽ diễn ra vào ngày mai - 16/05.",4460,45,59,,https://www.facebook.com/hhsb.vn/posts/pfbid02Tp3rH2fYKW2F5VwRAfePQmc5XKn5VqtZ45vWzF17dW7KhNzX5ZhiC5AfTxvkJbgKl,186.0,41.0,0.0,0.0,0.0,0.0
"(PLO)- Báo cáo từ Sở Nội vụ TP.HCM, giai đoạn 2020–2023, có 9.470 cán bộ, công chức, viên chức nghỉ việc, tập trung nhiều nhất ở nhóm tuổi 35–40. Trong đó, lĩnh vực y tế và giáo dục chiếm đến 85%.

#plo #baophapluattp #baophapluattphcm",317,1,29,,https://www.facebook.com/phapluattp.vn/posts/pfbid0yKNcJ4G7JippT3NVsVFwSUBdSUTpQbVYn9w6LfdrVS5W9T3QzRk6jt8J5CWZHZNml,235.0,44.0,0.0,0.0,0.0,3.0
"(PLO)- Tại chương trình Ngày hưởng ứng Hiến tặng mô, tạng, Phó Thủ tướng Phạm Thị Thanh Trà đã ký đơn đăng ký hiến tạng và kêu gọi người dân cùng lan tỏa nghĩa cử cao đẹp này.

#plo #baophapluattp #baophapluattphcm",252,1,9,,https://www.facebook.com/phapluattp.vn/posts/pfbid02DPq1aSJKdm2UnjBLCRXq8URXg7a1Do2KVYyGY1VZrexviP4QEbpzoqKbYFgv4uK2l,214.0,41.0,0.0,0.0,0.0,3.0
"Công an TP.HCM xác định Đinh Long Nhật (59 tuổi, ngụ TP.HCM), là ca sĩ có nghệ danh Long Nhật và Sơn Ngọc Minh (36 tuổi, ngụ Cần Thơ), ca sĩ hoạt động trong lĩnh vực giải trí, liên quan vụ án m.a t.ú.y nên đã bắt giam.

#plo #baophapluattp #baophapluattphcm",20204,1,1452,,https://www.facebook.com/reel/918262284568712/,257.0,51.0,0.0,0.0,0.0,3.0
"DIỆU NHI - DIỄM MY 9X VÀ CÂU CHUYỆN QUEN THUỘC CỦA MẤY NHỎ BẠN 'TUI QUẸO CÁI LÀ TỚI RỒI, ĐỢI XÍU' TRONG KHI VẪN CÒN ĐANG Ở NHÀ CHƯA THAY ĐỒ, CHƯA MAKE UP 🤣",8251,570,69,,https://www.facebook.com/reel/2230522654432666/,155.0,37.0,0.0,0.0,0.0,0.0
"Intro Album của Binz xuất hiện trên story Châu Bùi, tiết lộ câu chuyện về gia đình và những sự thật trong quá khứ?",1492,9,22,,https://www.facebook.com/reel/948497554668710/,114.0,24.0,0.0,1.0,0.0,0.0
"Chuyện thật như đùa! Đi Bách Hoá Xanh mua nước xả vải, vô tình lọt vào tầm ngắm của đạo diễn!

Nghe có hơi vô lý nhưng lại cực thuyết phục! Vào ngày 16/5 tới đây, theo thông tin chưa được xác nhận thì Downy sẽ biến toàn bộ không gian Bách Hóa Xanh thành một phim trường thực thụ.

Không cần casting, không cần học thoại, chỉ cần bạn ghé qua sắm ""Downy Xanh Thái"", bạn đã nắm chắc tấm vé trở thành nhân vật chính trong bộ phim ""thơm nhất năm"" của nhà Downy rồi. Cơ hội đổi đời thành ngôi sao điện ảnh chưa bao giờ dễ dàng đến thế!

#DownyXanhThai #ChaLaThom #ThomNhuVuaMoiTam",1990,5,1,,https://www.facebook.com/hhsb.vn/posts/pfbid022rFZsVnQmLMBWZvJ4xtMs8EhztxdTSSX5VG6DJw5cVjb3YLnnM8wQgm2yyn24Ltdl,574.0,116.0,4.0,0.0,0.0,3.0
"Bóng ai đó dịu dàng qua nơi đây
Cre: Tiktok",510,12,12,,https://www.facebook.com/hoiyeuchomeo.tv/videos/300250627698022/,43.0,10.0,0.0,0.0,0.0,0.0
Timeline những ngày WFH với Sen 😤,159,8,1,,https://www.facebook.com/hoiyeuchomeo.tv/posts/pfbid02BDULEiRyfvsBwqxznfZ8pgFhCPoQRRpfQwthMBe3XMfnR86LFiS3gYypMVq6tSLnl,33.0,7.0,0.0,0.0,0.0,0.0
⚠ Chiêu lừa mới nhắm vào phụ huynh có con nghỉ hè,88,1,16,,https://www.facebook.com/phapluattp.vn/posts/pfbid02eMQdDZfuLNyBgwVvNGrmBD8H57dDBhPV2kseELXwr1Pfz5n5ZyW8egJx7fme4nwml,49.0,12.0,0.0,0.0,0.0,0.0
"‼️ Khởi tố 71 người trong chuyên án m.a t.ú.y ở TP.HCM, có ca sĩ Long Nhật và Sơn Ngọc Minh",703,1,22,,https://www.facebook.com/phapluattp.vn/posts/pfbid0kgFDXYj3AHutdMHEJ5tdcdbrBD261YTnUDYV62SdqU69Q4BXSYoKNoikaqrhXZA9l,91.0,21.0,0.0,0.0,0.0,0.0
"Ông Tập tiếp đón trọng thể ông Putin tại Bắc Kinh, ca ngợi quan hệ song phương

#plo #baophapluattp #baophapluattphcm",74,1,1,,https://www.facebook.com/phapluattp.vn/posts/pfbid09SGaxR77o2vEwtBSwZfazMGGeoe6kuSesmkzUbb4dZHNnYgpKCmXRChq7eGpt7W5l,117.0,20.0,0.0,0.0,0.0,3.0
"Hic, khổ thân boss.

p/s: chưa thấy lây qua người",0,2,4,,https://www.facebook.com/hoiyeuchomeo.tv/posts/pfbid022PAgwEcJXao2UgnvjRHYw2yHGGfzCBrHBFWq2Pvwzx98MZjkwbuMNDezQT1JsKF1l,49.0,10.0,0.0,0.0,0.0,0.0
"Ai đó hay ngăn tôi lại đi! Cíu !!!
#Ki",1445,97,33,,https://www.facebook.com/hoiyeuchomeo.tv/posts/pfbid02QNXHtkmJC1KUfvNPyrfGb3Gpzv1UVFRJHEgW7KhBZkY5XLo5QciiL5uxKy8CcP7ml,38.0,10.0,4.0,0.0,0.0,1.0
"Hôm nay H chán, ai tán yêu luôn! H vã lắm rồi!
Cre: Sưu tầm
#Ki",0,223,22,,https://www.facebook.com/hoiyeuchomeo.tv/posts/pfbid0xyc81NeuGesVLh97aNMPZxFnekJqyPcA1vkc2QN3ELeNoQ4YBVt1GgphUPkfMz5Nl,63.0,16.0,2.0,0.0,0.0,1.0
"(PLO)- Chủ tiệm vàng cũng như chính quyền tại Đắk Lắk xác định thông tin tiệm vàng mất trắng hàng tỉ đồng do giông lốc không chính xác.

#plo #baophapluattp #baophapluattphcm",89,1,1,,https://www.facebook.com/phapluattp.vn/posts/pfbid0Ztufb57XKBAhaiSM2BqHM7TuCEnJ9ZckLaqMWQVP9q1JXNxXzsj2inhTa4YZKM7Al,174.0,31.0,0.0,0.0,0.0,3.0
"(PLO)- Ký kết hợp tác đào tạo gần 1.700 học viên trong năm 2026 với Học viện Cán bộ TP.HCM, Phó Bí thư Đảng ủy UBND TP.HCM yêu cầu nội dung bồi dưỡng cán bộ phải lấy thực tiễn làm trung tâm nhằm giải quyết triệt để các vấn đề mới đặt ra của TP.

#plo #baophapluattp #baophapluattphcm",47,1,1,,https://www.facebook.com/phapluattp.vn/posts/pfbid02HoGeXEz5FY8aPd8fTi73heeVW7vdNmnn4DQNgBnURiAZAQoNVLC3HSKGA8T1VCpCl,283.0,58.0,0.0,0.0,0.0,3.0
"(PLO)- Từ ngày 1-7, lương hưu, trợ cấp BHXH và trợ cấp hằng tháng tăng. Tuy nhiên, do nguyên tắc đóng - hưởng nên có người chỉ tăng vài trăm ngàn đồng nhưng có người tăng từ 5-8 triệu đồng.

#plo #baophapluattp #baophapluattphcm",109,1,5,,https://www.facebook.com/phapluattp.vn/posts/pfbid0m7ukVB65KtctJUFpwxABQQFNMZS1x3wcvj7qg5hm8nD2HsbVuHLcteZArW4jJQZNl,228.0,43.0,0.0,0.0,0.0,3.0
"(PLO)- TP.HCM đã tiêu thụ điện cao kỷ lục trong những ngày giữa tháng 5 vừa qua, ngành điện nhanh chóng thực hiện các giải pháp nhằm tiết kiệm điện phù hợp và tiêu thụ điện hiệu quả.

#plo #baophapluattp #baophapluattphcm",30,1,0,,https://www.facebook.com/phapluattp.vn/posts/pfbid0J1q91mgKSso3f1CEU6oqvrooaox9z4Uz7jFju3Yp7tx7vWXyZkCmn3LeMbjSTArvl,221.0,41.0,0.0,0.0,0.0,3.0
"(PLO)- Sau nhiều năm mong mỏi, cụ bà sinh năm 1933 sống một mình tại TP.HCM đã được nhận căn cước nhờ sự hỗ trợ tận tình của Công an phường Đông Hưng Thuận cùng sự phối hợp của các cơ quan liên quan.

#plo #baophapluattp #baophapluattphcm",81,1,3,,https://www.facebook.com/phapluattp.vn/posts/pfbid0dJ2tz83prxcnnb6v2KnEXzyb9SpssK7Jmkn6ScDdnuWvce4SGZL6VwAxc36wctHxl,238.0,47.0,0.0,0.0,0.0,3.0
"📰 Mời quý bạn đọc xem báo in số 104, phát hành ngày hôm nay (20-05-2026), dưới bình luận 👇

#plo #phapluattp #baophapluattp #epaper",9,1,2,,https://www.facebook.com/phapluattp.vn/posts/pfbid029dQcXsBy4APoy5fyCwzscWrhi7CKhkgWQYWCv5fXSx6B89ACvozPrgHUQgshvq6Sl,131.0,24.0,0.0,0.0,0.0,4.0
"Từ ấy tự nhiên tui thấy mình lạc quan vl :)))
Cre: Bảo Hân
#Ki",1569,61,26,,https://www.facebook.com/hoiyeuchomeo.tv/posts/pfbid0kVYVSvQE1wmYWGtEuh17GcFsuDpgV9u6B6fVcQWsSv1h64HA9WHcHp1CczTfr1BPl,62.0,15.0,0.0,0.0,0.0,1.0
"Hết hồn chim én à! May về thay quần vẫn kịp!
Cre: Sưu tầm
#Ki",2165,68,28,,https://www.facebook.com/hoiyeuchomeo.tv/posts/pfbid0W7HeCjyrCfhaAhg3QoXcg9GqfEXxrsqwvx7Hg1yD9pAi9De9AcLN2j4E5MivE6wJl,61.0,15.0,2.0,0.0,0.0,1.0
"Đố anh bắt được em! Ahihi đồ ngốc!
Cre: Tiktok
#Ki",695,172,43,,https://www.facebook.com/hoiyeuchomeo.tv/posts/pfbid02wQk3UmTMGjykB78iZvRrD8QDmaWYgaCnqoAfkSbnQDJAUkBaEsr8ejxus8f6jBABl,50.0,11.0,2.0,0.0,0.0,1.0
Phát triển kinh tế bền vững từ thay đổi thói quen sử dụng năng lượng,22,1,1,,https://www.facebook.com/phapluattp.vn/posts/pfbid0kKw4KrLxUsQtNQ4YkCSK1cWdnLwne74ZEZPvXxewyQzJ54aRSjou12Jmz2izJsUDl,68.0,15.0,0.0,0.0,0.0,0.0
"(PLO)- Phòng Cảnh sát kinh tế Công an TP.HCM đã khởi tố bị can đối với Nguyễn Trần Việt Hoàng, chủ hộ kinh doanh K.W Sneaker về hành vi xâm phạm quyền sở hữu công nghiệp sau khi phát hiện hàng ngàn đôi giày, dép giả mạo các nhãn hiệu nổi tiếng.

#plo #baophapluattp #baophapluattphcm",247,1,7,,https://www.facebook.com/phapluattp.vn/posts/pfbid022Pc2U3dQF7PSzfoTBSvEvyKsFdtKuNKTkqbAePRH4CqfxRLAxR6DzbKxuVyzB1vAl,283.0,55.0,0.0,0.0,0.0,3.0
Cựu Bộ trưởng Y tế Nguyễn Thị Kim Tiến đã có mặt tại tòa,556,1,11,,https://www.facebook.com/phapluattp.vn/posts/pfbid0RjvL6YziPFuwgGHDkcEJNX1oNbntGNpNN7QgryBbDkjT9hoiLSSCk9sFXppRaaNcl,56.0,14.0,0.0,0.0,0.0,0.0
"Truyền nhân của Michael Jackson, xin giới thiệu Michael JackMeow 😂
Ok, thần thái rồi! Về chỗ!
Cre: Tiktok
#Ki",0,134,97,,https://www.facebook.com/hoiyeuchomeo.tv/posts/pfbid02BhKYrPtWQSDzWwsnpY59jPWS2EHwLUrDooFciqptSyYZMN795GXqhz8VvB2FvAk2l,109.0,20.0,2.0,0.0,0.0,1.0
"Đây chắc chắn là một bí thuật, đúng, đây chính là một bí thuật! Thật đáng sợ! 😂😂😂
Cre: Sưu tầm
#Ki",1332,36,13,,https://www.facebook.com/hoiyeuchomeo.tv/posts/pfbid0AHxfZs9g3Pdhgmkdxt7xrhUjNbfTqkxrnux7XGpa2rTLge5cUbSXXRuZvUwfUaoZl,98.0,22.0,2.0,0.0,0.0,1.0
"Thấy chúng nó bảo tao là kỳ lân đáng yêu !!!
Cre: Sưu tầm
#Ki",653,58,16,,https://www.facebook.com/hoiyeuchomeo.tv/posts/pfbid0kSV8jFGY2HYauJWQfJaVAdBGdq1nPtRspXbP9bTohPbHFLLucB44Dkhy5ZAKnTWDl,61.0,15.0,3.0,0.0,0.0,1.0
"(PLO)- Tổng thống Croatia - ông Zoran Milanovic đã từ chối phê chuẩn đại sứ mới của Israel do “các chính sách mà chính quyền Israel hiện tại đang theo đuổi”.

#plo #baophapluattp #baophapluattphcm",57,1,1,,https://www.facebook.com/phapluattp.vn/posts/pfbid02NGY1JNj3CeMrnsBX8y2pmxG9SXyJjSMCsh7h7b75y3HqftLDsrQFysrMabvgFnxMl,196.0,34.0,0.0,0.0,0.0,3.0
Toàn cảnh khu vực xây dựng dự án Cảng trung chuyển quốc tế Cần Giờ,78,1,4,,https://www.facebook.com/phapluattp.vn/posts/pfbid08N28C8YgTsK1viHXcPovyBx75A3CDcNQAFQuAw1jzxvoXkw31wmNY4iYicacARRCl,66.0,15.0,0.0,0.0,0.0,0.0
"(PLO)- Phó Tổng thống Mỹ JD Vance khẳng định Mỹ chưa từng và không có kế hoạch liên quan việc để Nga tiếp quản kho uranium làm giàu của Iran trong đàm phán hiện nay.

#plo #baophapluattp #baophapluattphcm",66,1,2,,https://www.facebook.com/phapluattp.vn/posts/pfbid0pQoudSN87c3rieBe5VhDv5TJ9dKiJ9rsorsYotwjqTahJe2LbD2UhAzT4TFZGppol,204.0,38.0,0.0,0.0,0.0,3.0
"Sơn Tùng M-TP và Phí Phương Anh cùng tung poster comeback, ấn định phát hành ca khúc vào 20h ngày 28.05",7983,425,31,,https://www.facebook.com/hhsb.vn/posts/pfbid02CaecmecajosML4N4yALJMYgGwrbRu8UccgLJacU7ErYDJtJqnRUUbWyLUUhPMbNtl,103.0,21.0,0.0,0.0,0.0,0.0
"SƠN TÙNG M-TP CHÍNH THỨC COMEBACK, TUNG POSTER MV 'COME MY WAY'

Tối 15/05, Sơn Tùng M-TP đã nhá hàng cho sự trở lại sau 719 ngày ""lặn sâu"" với chiếc poster cho Come My Way, MV sẽ ra mắt vào 28/05.

Bên cạnh khung giờ 20h theo giờ Việt Nam, poster còn công bố 9h sáng theo giờ Mỹ (EDT) càng khiến khán giả tin rằng nhân vật sẽ collab cùng Sơn Tùng M-TP là một nghệ sĩ Bắc Mỹ.",6900,232,24,,https://www.facebook.com/hhsb.vn/posts/pfbid08TG98d8mBjUyN5fntnb5kL3nmBdbZ89yYZVhbVUhrcHAzJ2Mk8nrF55NkYZ33yXKl,375.0,81.0,0.0,0.0,0.0,0.0
"Đường đua âm nhạc mùa hè chưa đủ nóng hay sao còn gặp con tướng Noo Phước Thịnh comeback. Lại còn EP. Anh giấu nhạc lâu quá nay mới xả hàng ha anh ơi

Nhấc Máy (New E.P) - Noo Phước Thịnh",3921,105,13,,https://www.facebook.com/hhsb.vn/posts/pfbid02jaaKtApGVAfHEwuoNC7RLK9oKAcV1wzqz4BcpQHTZcssQmpyfLUKkt4dLGEAwxtDl,187.0,42.0,0.0,0.0,0.0,0.0
"(PLO)- Theo cáo buộc, cựu Bộ trưởng Bộ Y tế Nguyễn Thị Kim Tiến có hành vi sai phạm dẫn đến 2 dự án bệnh viện bị đình trệ, kéo dài, gây thất thoát, lãng phí tài sản Nhà nước số tiền 803 tỉ đồng.

#plo #baophapluattp #baophapluattphcm",225,1,9,,https://www.facebook.com/phapluattp.vn/posts/pfbid0RY8DKRqxHLcc7NmetbLS8JzJ8WoCHqhJj6TSmjRWeegYedgdPVDeJnKFtDkXZZTil,233.0,48.0,0.0,0.0,0.0,3.0
"(PLO)- Các doanh nghiệp từ cung ứng nguyên liệu cho đến phân phối, bán lẻ cho biết đã sẵn sàng dừng bán xăng A95, chuyển sang bán xăng sinh học E10 trên thị trường toàn quốc.

#plo #baophapluattp #baophapluattphcm",58,1,4,,https://www.facebook.com/phapluattp.vn/posts/pfbid07uUvAt9SsSQfU5Q3Hw8mrBfra8MnLiGLNSa5H6y18y23q8XQ599fYuSLVd7rTZ4dl,213.0,39.0,0.0,0.0,0.0,3.0
Siết trách nhiệm tiết kiệm điện,21,1,2,,https://www.facebook.com/phapluattp.vn/posts/pfbid0JhunW9fcAA8F75JPws1BLwhTZibyNVQp2MQtSVQXzw5ym5yyPT2HgHzLkLA2pT8zl,31.0,6.0,0.0,0.0,0.0,0.0
"Sao tự nhiên thấy lạnh gáy quá ta 🙄
Cre: Kittisaurus
#Ki",974,34,12,,https://www.facebook.com/hoiyeuchomeo.tv/posts/pfbid0k5Wwo6ihwRdtRYpEE2PKZcFohogPqWUQEkL91bvxwpssGUj9ak1b3Yv1DY74GY7yl,56.0,12.0,0.0,0.0,0.0,1.0
"Còn đâu thần thái của ma nữa! Chán ghê!
Cre: Sưu tầm
#Ki",1011,14,15,,https://www.facebook.com/hoiyeuchomeo.tv/posts/pfbid032WozpxuGF2mx4vdaTVmJBYqN1Z84xP7gCuaJNSQ4kWj6rx5rewK3ZUcSr48PkVfml,56.0,13.0,2.0,0.0,0.0,1.0
"Sen đang làm việc đi ra ngoài xíu. Quay lại thấy boss tự trả lời khách hàng cho Sen dùm. Thái độ rất lồi lõm, dám kêu khách là ê xong nó còn cười vào mặt khách.😒
Cre: Vivu Phạm
#Ki",917,36,12,,https://www.facebook.com/hoiyeuchomeo.tv/posts/pfbid07qYtPayZSuTXQtgsyykcZ8kA8FSqgC3YT7UNDvotNhPu3fHTMRz755oyntocTe7vl,180.0,41.0,0.0,0.0,0.0,1.0
"MA DA HÀN QUỐC ĐẠT TOP 1 DOANH THU PHIM KINH DỊ  ‼ 

Ngay ngày đầu công chiếu, Ma Da Hàn Quốc: Hồ Nuốt Người đã chứng minh độ ""cuốn"" của siêu phẩm này! Không lạm dụng jumpscare xôi thịt, phim đưa người xem vào một cõi tuyệt vọng, lạnh lẽo dưới mặt nước sâu thẳm của hồ Salmokji với bản full T18 không cắt 1 giây.

TOP 1 từ Hàn Quốc tới Việt Nam, đủ uy tín để ra rạp chưa nào? 

🎬  MA DA HÀN QUỐC: HỒ NUỐT NGƯỜI - ĐANG CHIẾU TẠI RẠP

#MaDaHanQuoc #HoNuotNguoi #Salmokji #KimHyeYoon #JangDaAh",427,27,4,,https://www.facebook.com/hhsb.vn/posts/pfbid0V9UsbBK1ok4Tc6zSn9PmxsYur1N95i7azv7QkdePMvtwjU8ov6nNemCn7FUmg42gl,490.0,101.0,1.0,1.0,0.0,5.0
"TẠM BIỆT GOHAN CHÍNH THỨC “QUẬY TUNG” RẠP VIỆT‼️

NSX “Gia Tài Của Ngoại” chính thức trở lại với câu chuyện đầy cảm xúc và lắng đọng về cuộc đời 10 năm của chú chó hoang Gohan, cùng 3 người chủ và những lần chia tay đẫm nước mắt…

Gohan “mũi đỏ” đợi khán giả Việt cùng “đỏ mũi” tại rạp nhaa🐾

—-----------
🐶TẠM BIỆT GOHAN - ĐANG CHIẾU TẠI RẠP

#TamBietGohan #Gohan #CJENMVN",1614,109,36,,https://www.facebook.com/hhsb.vn/posts/pfbid0FbVjYaV2L9tG336jFB1tV4HRuYtZtLmheensqbCRFxAKUejw8Q17x2LYzUsAq9RJl,373.0,74.0,0.0,0.0,0.0,3.0
"Drake đã nhắc đến BTS trong một ca khúc thuộc album ""ICEMAN"".

“I’m feeling like BTS ‘cause it took the whole career for me to be so discovered”
(Tôi đang cảm thấy mình giống như BTS bởi vì phải mất cả một sự nghiệp để tôi được biết đến nhiều đến vậy)

Drake và BTS đã từng gặp nhau trước đây. Khoảnh khắc này diễn ra vào năm 2019, trong hậu trường lễ trao giải Billboard Music Awards",2422,85,39,,https://www.facebook.com/hhsb.vn/posts/pfbid022DfbCNJovVZQayqddygSRjnffohfweCqA1jWpQKBHBBSEGUMbd2HzPq9bWMDavZdl,384.0,78.0,0.0,0.0,0.0,0.0
"Không đợi ai leak, Tóc Tiên tự đăng ảnh tình cảm với Minh Hằng trên MXH, úp mở ""còn có source chấn động""",3826,76,28,,https://www.facebook.com/hhsb.vn/posts/pfbid02PEfn4YfCP8YB9BMZq7yPn4QXmUqo5SYs5H1SxgNiKjVGscSQsgzGxpHD5ht9i9Vdl,104.0,23.0,0.0,0.0,0.0,0.0
"Tưởng FAKER và KARINA sẽ có phim tình cảm lãng mạn nhưng hoá ra cảm lạnh 🥶 

Dù ở khoảnh khắc nào thì anh Quỷ Vương Bất Tử  cũng ""quậy"" cô gái Ji-min này tức điên lên 😎",1818,30,14,,https://www.facebook.com/hhsb.vn/posts/pfbid0nqwta44jYxkAKobmv2MXehnZXZy6YvBx9sVhsrqmREEgAFjrorPFL4y7bNViF8Bpl,168.0,38.0,0.0,0.0,0.0,0.0
"Dư luận thắc mắc Miu Lê có còn được tiếp tục hoạt động nghệ thuật trong thời gian quản lý tại địa phương 01 năm hay không?! 

Theo luật sư luật sư Hoàng Hà (Đoàn Luật sư TP.HCM), việc quản lý tại địa phương trong 1 năm không phải biện pháp cai nghiện bắt buộc và không phải quản thúc tại nhà. 

""Trong thời gian quản lý thì người bị quản lý không bị tước quyền đi lại, làm việc, học tập, biểu diễn, đóng phim, kinh doanh hay tham gia các hoạt động xã hội một cách đương nhiên. Pháp luật hiện hành không quy định cứ bị quản lý người sử dụng trái phép maithuy thì bị cấm hành nghề, cấm xuất hiện trước công chúng hoặc cấm tham gia dự án nghệ thuật. 

Nhưng trên thực tế, họ sẽ chịu ảnh hưởng rất lớn về hình ảnh, hợp đồng, nhãn hàng, lịch diễn và niềm tin công chúng. Đây là hệ quả nghề nghiệp và thị trường chứ không phải giới hạn pháp lý trực tiếp của biện pháp quản lý tại địa phương.

Ttrong thời hạn quản lý thì họ phải chấp hành một số nghĩa vụ và sự giám sát nhất định. Cụ thể:
- Phải cung cấp đầy đủ, chính xác thông tin về hành vi sử dụng trái phép maithuy cho công an cấp xã nơi cư trú; 
- Phải chấp hành việc quản lý của UBND cấp xã; có thể bị xét nghiệm trong cơ thể trong thời hạn quản lý; phải có mặt khi cơ quan công an yêu cầu xét nghiệm nếu thuộc trường hợp phải xét nghiệm; 
- Được tư vấn tâm lý, giáo dục pháp luật, động viên tham gia hoạt động cộng đồng để tránh tái sử dụng"". 

Trước đó, trong vụ việc vừa qua, Lê Ánh Nhật (nghệ sĩ Miu Lê) được cơ quan chức năng xác định là đối tượng thụ hưởng, không bị khởi tố do chưa đủ căn cứ để xử lý hình sự

Theo: Kenh14",5209,541,51,,https://www.facebook.com/hhsb.vn/posts/pfbid02QYTjAS5tWc3crpsZVCwPUU3ad7sZwve15GHEGy1pHXb47UBRPp1Pik5DFMvzcwjtl,1580.0,343.0,1.0,1.0,0.0,0.0
"Nhột mậy!! Mất nết không hà!
Cre: Sưu tầm
#Ki",1127,91,66,,https://www.facebook.com/hoiyeuchomeo.tv/posts/pfbid0W1AuLA5NNnEvUUSWDSdRL4SS9V9MBm4HXL47BtaKsmMdAa7CMNFAfZmrfDFM4j37l,45.0,10.0,3.0,0.0,0.0,1.0
"Uống nhầm một ánh mắt, ngộ độc nôn vl :)
Cre: Lostbird, Lạc Thú.
#Ki",1929,68,26,,https://www.facebook.com/hoiyeuchomeo.tv/posts/pfbid03657JP3EdmwMPpfHyUjYUxGhgHreKhN6sCvGwfhW9Z5S4QMx9GmBspyPkdyg4PMTMl,68.0,15.0,0.0,0.0,0.0,1.0
"Tag ngay cái đứa mà bạn nghĩ đến đầu tiên vào đây để chúng nó tự an ủi nhau nào!
Cre: Đảo mèo
#Ki",1476,338,71,,https://www.facebook.com/hoiyeuchomeo.tv/posts/pfbid0vQyJ1YTdky2G1a6UHENSPQ87LVk5uKF75Lh7osbkHC7htib9M2V1zDPAru6PiXfAl,97.0,24.0,1.0,0.0,0.0,1.0
"Fan khi xem clip Jungkook tự cắt tóc: ""Nói ổng hoạt hoạ đâu có saiii"" 🥹🤣",6731,158,66,,https://www.facebook.com/hhsb.vn/posts/pfbid026apEY9nPt7zC3LEQhCzDoxngAdtfUYBe6UpiJ5gbSjA9Z5LCg7dMWu7X4GAYoYRyl,72.0,16.0,0.0,0.0,0.0,0.0
"Bức ảnh ROSÉ và JISOO chụp cho nhau mới đây khiến các fan 'rần rần'. Bởi lẽ mới vài ngày trước Rosé còn ở New York, vậy mà giờ cô ấy lại xuất hiện ở Los Angeles cùng Jisoo! 

Nhiều fan trên X còn ghẹo, liệu rằng 2 cô này sống chung nhau ha gì mà sát cánh cỡ đó 😎😍",8829,53,33,,https://www.facebook.com/hhsb.vn/posts/pfbid02QcwRrk2eaNWgjt9oGac4b3X5szwHzAJpG6jEaeySYEGdYuiFJE8oh1PjbzHBqoJHl,263.0,61.0,1.0,0.0,0.0,0.0
"Viral khoảnh khắc dễ thương của Hailey Bieber với con: Mẹ vừa trông con vừa xem phim, còn con đút mẹ ăn liền tay. 

Fan: Làm mẹ cũng nhàn ha chị 😎 Nhờ được ẻm rồi.",3609,19,22,,https://www.facebook.com/reel/1010840368181628/,163.0,36.0,0.0,0.0,0.0,0.0
"(PLO)- Tư lệnh tối cao Lực lượng đồng minh NATO tại châu Âu - Tướng Alexus Grynkewich cho biết sẽ có thêm các đợt rút quân của Mỹ khỏi châu Âu.

#plo #baophapluattp #baophapluattphcm",79,1,1,,https://www.facebook.com/phapluattp.vn/posts/pfbid0hL52uCokWvRheVcxGxwh3Vikpos8sUHyDJcuZpF49NYumZKQFAYkFquHYt2QsKo5l,182.0,34.0,0.0,0.0,0.0,3.0
"(PLO)- Các chuyên gia cho rằng việc tiếp tục bỏ hình phạt t.ử h.ì.n.h với hàng loạt tội danh là phù hợp với xu hướng của thế giới, tuy nhiên cần cân nhắc thấu đáo mọi vấn đề, nhất là quy định đồng bộ về hình phạt thay thế.

#plo #baophapluattp #baophapluattphcm",69,1,1,,https://www.facebook.com/phapluattp.vn/posts/pfbid08NnSSKC17zHAGr2F5DRTKyKjsmeKkDwAoHvmEK3Uk361uCZQU3yE4KLeBN6T2eYpl,261.0,52.0,0.0,0.0,0.0,3.0
"(PLO)- Người đứng đầu Tổ chức Y tế Thế giới (WHO) bày tỏ sự lo ngại về ""quy mô và tốc độ"" lây lan của dịch Ebola và chuẩn bị họp khẩn khi số ca nghi nhiễm và t.ử v.o.n.g gia tăng nhanh chóng.

#plo #baophapluattp #baophapluattphcm",71,1,7,,https://www.facebook.com/phapluattp.vn/posts/pfbid0294yPGug1AvkFk8yB2RAWa9bC5365st27FgdWirR4tYbxEHjzHsSr35xTuERaKq5Dl,230.0,47.0,0.0,0.0,0.0,3.0
"Best ăn vạ của năm :(( tao xem mà tao tức á!!!
Cre: Trương Nguyên
#Ki",980,154,59,,https://www.facebook.com/hoiyeuchomeo.tv/posts/pfbid0wx5zNvKjJvN6wSFismcZAAhBCQ6AF3p92gHSoiS2FFyXuMZfYykMfGcDu2DeJNtMl,69.0,16.0,3.0,0.0,0.0,1.0
"Ngáo chó là có thật nhé mọi người =))
Tấu hài cực mạnh ấy chứ
Cre: Hay lắm
#Ki",823,49,41,,https://www.facebook.com/hoiyeuchomeo.tv/posts/pfbid02wTFhrCB4nZBCdV86ZXKiFSee3v7Ledj5M6p1sZ1Jgi5z9FwqVEKddjd8GrduUt38l,78.0,19.0,0.0,0.0,0.0,1.0
"Đã không biết gì về điện còn chơi ngu! Thế có chán không?
#Nguồn: Copy
#Cre: #Ki",4784,661,346,,https://www.facebook.com/hoiyeuchomeo.tv/posts/pfbid02x6PL16nSS1tuqpyYxYMWzXPqw7mXEX8gYyhXwTCLqM5Zxi8Xm3YxtWy6QL8GTz2Ml,80.0,17.0,1.0,1.0,0.0,3.0
"Vài phút trước, Sơn Tùng M-TP đã ẩn 3 bức ảnh chữ CMW trên Instagram của mình. Hành động này khiến dân mạng tò mò khó hiểu về kế hoạch comeback của nam ca sĩ",4244,273,19,,https://www.facebook.com/hhsb.vn/posts/pfbid02ZETzokBnwNfdxU6q6m1VVbuDE9jT5a2HgBhsLPaLFGigLxSifMP9GbxUTWMbEJRil,157.0,35.0,0.0,0.0,0.0,0.0
"Ngay sau khi cơ quan chức năng xác định Lê Ánh Nhật (nghệ sĩ Miu Lê) là đối tượng thụ hưởng, do đó, hiện chưa đủ căn cứ để xử lý hình sự và Miu Lê không bị khởi tố. 

Phía công ty quản lý thông cáo báo chí: 

""Miu Lê sẽ chấp hành quyết định xử phạt vi phạm hành chính đối với hành vi sử dụng trái phép chất maithuy, đồng thời nghiêm túc chấp hành biện pháp quản lý tại địa phương trong thời hạn 01 năm"".

Ngoài ra, dù không bị khởi tố hình sự, nhưng công ty và cá nhân Miu Lê nhận thức vô cùng rõ ràng về tính chất nghiêm trọng của sự việc lần này. Việc liên quan đến sử dụng chất c-ấm là một sai lầm rất lớn, đi ngược lại với chuẩn mực đạo đức, lối sống của một nghệ sĩ và gây ra những tác động vô cùng tiêu cực. 

Miu Lê ý thức rất rõ hành vi của mình đã ảnh hưởng xấu đến cộng đồng, trở thành một tấm gương không tốt, đặc biệt là đối với các bạn trẻ. Miu Lê vô cùng xấu hổ và ân hận vì điều đó.

Thay mặt Miu Lê, công ty quản lý xin cúi đầu gửi lời xin lỗi chân thành và sâu sắc nhất đến khán giả và người hâm mộ, và các bên liên quan",14986,1230,101,,https://www.facebook.com/hhsb.vn/posts/pfbid05PaSk7pYZrNz6ec3T9emvYCYihw3chKVibGX6BcpPhFqcdkQNr3bCV99H3B32XDHl,1037.0,238.0,0.0,0.0,0.0,0.0
"Tại sự kiện mới đây ở Chonburi, Baifern Pimchanok đã có những chia sẻ với giới truyền thông về drama ""nút like"" của mình trong bài đăng trên IG của diễn viên Mild Lapassalan giữa lùm xùm của hai anh em Psi Scott và Pi Sunith Scott

Baifern cho biết cô vừa đáp chuyến bay về nước và vô cùng sốc khi nắm được toàn bộ diễn biến. Nữ diễn viên đính chính rằng cô không quen biết chồng của Mild từ trước, chỉ mới gặp mặt anh trong lễ cưới nên hoàn toàn không nắm rõ các vấn đề nội bộ gia đình họ.

""Về đoạn clip ghi âm, Fern cảm thấy rất buồn. Tôi thấy rất xót xa cho nạn nhân và cảm thấy không thể chấp nhận được hành vi LDTD trong bất kỳ trường hợp nào. Thật sự rất đau lòng.""

Khi được hỏi về sự phẫn nộ của dư luận của nút ""Like"" gây tranh cãi, Baifern giải thích rằng việc cô nhấn thích bài đăng chỉ đơn thuần là một tín hiệu giao tiếp, nhằm gửi lời động viên và sự quan tâm đến sức khỏe tinh thần của người em thân thiết Mild. Đó là lời nhắn nhủ rằng Mild không đơn độc, chứ hoàn toàn không mang ý nghĩa cổ xúy cho hành vi sai trái của Pi Sunith.

""Như bản thân Fern và nhiều người khác, Fern tin chắc rằng họ đều nhận thức được mức độ nghiêm trọng của sự việc này và hoàn toàn không bao giờ ủng hộ việc LDTD dưới bất kỳ hình thức nào.""

Khép lại cuộc phỏng vấn, Baifern vẫn gửi lời động viên chân thành đến Mild: ""Tôi chỉ có thể gửi gắm sự quan tâm của mình đến em ấy. Cảm thấy rằng ừm... rồi em ấy sẽ phải tự tìm ra hướng giải quyết cho riêng mình thôi. Và cho dù bây giờ em ấy có quay đi và cảm thấy như... không có ai bên cạnh, thì khi ngoảnh lại, em ấy vẫn sẽ thấy chúng tôi ở ngay đây.""",2677,202,42,,https://www.facebook.com/hhsb.vn/posts/pfbid0ypKAjmGPKmbk1nbZdKPBHTL9bVXnPcKPwjnDaTPUwDBsz5qgahpAZEK1e8tSWw2rl,1592.0,349.0,0.0,0.0,0.0,0.0
"Không có gì đâu á, xem là phí mất 15s nhảm xàm á, nhưng tại nó cư tê quá nên tao bắt các Sen phí 15s cùng tao! Nhìn em cho đời tươi sáng tí nà!
Cre: Tiktok
#Ki",699,58,17,,https://www.facebook.com/hoiyeuchomeo.tv/posts/pfbid02cygfmciRd7sXgvB9sZqih8F47QxJpkfZwDHTEkGGAGw83LMjFvd9SPq63jd2zuZ3l,159.0,39.0,2.0,0.0,0.0,1.0
"Mẹ mua cho em đôi dép
Mẹ mua cho em đôi dép
Í ò í o =)))
Nguồn: Sưu tầm
Lúc trước #Ki sưu tầm đã lưu lại nguồn, mà chủ quan tải ảnh về không đổi tên ảnh bằng nguồn luôn, mất nick mất luôn cả nguồn, bạn nào biết nguồn cho #Ki xin nha!
#Ki",2083,206,45,,https://www.facebook.com/hoiyeuchomeo.tv/posts/pfbid031Hw8pfidaBADNtGkdbhYxaDNbQHRGRi3VRQJfbgyKdsCB4rHfHbreJnhHp9G5PEul,237.0,57.0,1.0,0.0,0.0,3.0
"Tức bỏ mẹ ra mà ny cứ: "" ngoan anh thương ""
Cre: Sưu tầm (nếu Sen nào biết nguồn từ đâu cho ad xin với nha)
#Ki",1087,53,18,,https://www.facebook.com/hoiyeuchomeo.tv/posts/pfbid0nxwH52NJy6jnVhGBWwKeezbsUG6z6MCviuHMrYvzZCqqy6WJN1tSaDrRzMTLYoWfl,116.0,28.0,0.0,0.0,0.0,1.0
"Thoại của mom Dương chưa bao giờ làm tôi thất vọng=)))

""Con ơi nhà người ta đang dầu sôi lửa bỏng"" 🐧

#mevangnhabalasieunhan2026 #MVNBLSN2026 #Bemimodanh #LucieTuanDuong",14745,87,159,,https://www.facebook.com/reel/1515044193585501/,170.0,26.0,0.0,0.0,0.0,4.0
"Nhà chức trách cho rằng ""chưa đủ căn cứ để xử lý hình sự"" ca sĩ Miu Lê do là ""đối tượng thụ hưởng"" trong vụ án tàng trữ, sử dụng trái phép chất maithuy trên đảo Cát Bà.

Hai người liên quan sự việc cùng được xác định là ""đối tượng thụ hưởng"" như Miu Lê gồm: Trần Minh Trang, Vũ Khương An. Do đó, cả ba không bị truy cứu trách nhiệm hình sự.

Trong 6 người bị bắt quả tang hôm 10/5, Cơ quan Cảnh sát điều tra Công an thành phố Hải Phòng khởi tố bị can, bắt tạm giam với 3 người còn lại. Cụ thể, Trần Đức Phong (35 tuổi, ở phường Ngọc Hà, TP Hà Nội) và Vũ Thái Nam (24 tuổi, ở phường Đồng Nguyên, tỉnh Bắc Ninh) về tội Tổ chức sử dụng trái phép chất maithuy và Tàng trữ trái phép chất maithuy; Đoàn Thị Thúy An (36 tuổi, ở đặc khu Cát Bà, TP Hải Phòng) về tội Tổ chức sử dụng trái phép chất maithuy.

Quá trình điều tra ban đầu xác định, Thúy An là quản lý cơ sở lưu trú TiTi Beach thuộc bãi tắm Tùng Thu ở đặc khu Cát Hải, đảo Cát Bà.

Từ 7/5, An mời bạn bè là ca sĩ Miu Lê, Vũ Khương An và vợ chồng Trần Đức Phong - Trần Minh Trang đến chơi. Phong rủ Vũ Thái Nam đi cùng và chuẩn bị trước maithuy tổng hợp là nước vui, Ke để cả nhóm cùng sử dụng.

Đêm 9/5, Phong pha nước vui vào cốc và đổ Ke ra đĩa để Nam đánh mịn sau đó đưa cho 6 người. Cả nhóm sử maithuy đến khoảng 5h hôm sau.

Qua tin báo của người dân, công an kiểm tra khu vực bãi tắm này, đưa 6 người về trụ sở.

Theo: VnExpress",11885,1132,223,,https://www.facebook.com/hhsb.vn/posts/pfbid0V3apvEZBg9qxTPiDcUVtYibytDb9EtTCJkfQSWyZh8X7sVkDQNUnxox5MehqrS7Gl,1387.0,314.0,0.0,0.0,0.0,0.0
"Tối 14/5, ngôi sao quốc tế Jason Derulo đăng bức ảnh mặt nạ của Sơn Tùng M-TP. Tuy nhiên, sau đó khoảng gần 1 giờ đồng hồ, anh đã xoá / ẩn bức ảnh này khiến dân tình tò mò, liệu anh lỡ tay leak ra trước kế hoạch nên phải ẩn đi, hay tài khoản cá nhân bị xâm nhập 

Jason Derulo sở hữu 65,7 triệu lượt theo dõi trên TikTok, 44,6 triệu followers trên Instagram đồng thời là chủ nhân nhiều bản hit đình đám tỷ view trong 20 năm qua như Talk Dirty, Whatcha Say, Swalla, Wiggle, Jalebi Baby, Dont Wanna Go Home...

Sau chuỗi ngày tung hint với bức ảnh mặt nạ và 3 chữ C-M-W, tối nay, Sơn Tùng M-TP không công bố thêm bất cứ gợi ý nào nữa. Như vậy, bài hát chủ đề của lần comeback này sẽ là ca khúc có tên tiếng Anh viết tắt là CMW",3101,307,18,,https://www.facebook.com/hhsb.vn/posts/pfbid0cr9fprY8zwPuqp5kGkXA9SMKwRNsbFf6aXfHAREna1vi3fRxpZUqNAsXSCgeyRkxl,724.0,157.0,0.0,0.0,0.0,0.0
"(PLO)- Tình báo Nga cáo buộc Latvia cho phép Ukraine dùng lãnh thổ để triển khai UAV t.ấ.n c.ô.n.g Nga, song Riga và Kiev bác bỏ, gọi đây là thông tin sai lệch.

#plo #baophapluattp #baophapluattphcm",97,1,1,,https://www.facebook.com/phapluattp.vn/posts/pfbid04TdLCmLn7W2qBMPVUrNeLDHv3ynwRCxuVaFqpXrBBxGYTqY2nYSYx6UsHchK2B2Kl,199.0,36.0,0.0,0.0,0.0,3.0
"(PLO)- Kỳ hội nghị thứ 79 của Đại hội đồng Y tế Thế giới khai mạc trong bối cảnh thế giới lo ngại trước đợt bùng phát dịch Ebola và virus Hanta.

#plo #baophapluattp #baophapluattphcm",22,1,4,,https://www.facebook.com/phapluattp.vn/posts/pfbid02wJqyNb4RJWh7EmNCQFivC7KNWU9t498dg1ApjJXLFoDr7ZTHybhxZegd5QDirzezl,183.0,35.0,0.0,0.0,0.0,3.0
"(PLO)- Nghi phạm Nguyễn Cao Bằng s.á.t h.ạ.i 3 người trong một gia đình ở xã Hậu Thạnh, Tây Ninh đã bị bắt giữ ngay trong đêm 19-5.

#plo #baophapluattp #baophapluattphcm",320,1,11,,https://www.facebook.com/phapluattp.vn/posts/pfbid02iBehDzZGZpVNmhg9LytxfkzY6VtJSJRCtVPdLqYTKnNNC4RaEnmXqi556oyN42gAl,170.0,31.0,0.0,0.0,0.0,3.0
"KHÁN GIẢ VIỆT “KHÓC TRÔI RẠP” CÙNG TẠM BIỆT GOHAN ‼️

Một hành trình đầy cảm xúc, nơi nước mắt rơi vì sự cảm động và tình yêu thương, để cuối cùng được xoa dịu bằng một cái kết ấm áp và chữa lành…

Gohan yêu thương đợi khán giả Việt tại rạp nhaaa💕

—-----------
🐶TẠM BIỆT GOHAN - ĐANG CHIẾU TẠI RẠP

#TamBietGohan #Gohan #CJENMVN",2487,197,54,,https://www.facebook.com/reel/864974355893200/,329.0,66.0,0.0,0.0,0.0,3.0
Bức ảnh mặt nạ vừa được Jason Derulo đăng lên trang cá nhân khiến khán giả Việt Nam đặt nghi vấn đây chính là nghệ sĩ quốc tế mà Sơn Tùng M-TP hợp tác trong lần comeback này.,12816,684,109,,https://www.facebook.com/hhsb.vn/posts/pfbid02SaBxPg3qTMBa91vzj3QaU8utcdpX2YvZY4e3SPvwe8psP5vy3c7134Eu1NSRUAivl,174.0,38.0,0.0,0.0,0.0,0.0
"Bộ đôi Vua Trò Chơi Offline và Online:
😆 Trên show: sơ hở là mảng miếng, tấu hài
️⚽ Trên sân: bật mode “hủy diệt”

Sắp tới cả hai sẽ góp mặt trong đội hình ALL STARS SG F.C  tại giải bóng đá FC Online Creator Championship - sân chơi quy tụ Tứ Hùng gồm Refund Gaming, SBTC và Ngôi Sao Sân Cỏ. Liệu 2 “Tỷ-Muội” có phối hợp trên sân cỏ ăn ý được như trên show?

Đón xem tại Sân vận động Gia Định, TPHCM vào 23 & 24/05. Anh em muốn săn vé coi trực tiếp thì xem chi tiết bên dưới c.m.t nhé!

#FCOCreatorChampionship2026 #FCOnline",1436,1,3,,https://www.facebook.com/hhsb.vn/posts/pfbid05eRsNSpnzFk7HNzurLtfq3yZCzdNZa4iBYkXKyVDYhJNbHpCwjeMGfNixtw1PnrCl,524.0,109.0,1.0,1.0,0.0,2.0
"Ông Putin đến Bắc Kinh, bắt đầu chuyến thăm cấp nhà nước tới Trung Quốc
#plo #baophapluattp #baophapluattphcm",378,1,6,,https://www.facebook.com/phapluattp.vn/posts/pfbid02vgG28hDvJHcXSkP4RMusMsjxMRus1J6T8fgs7RxP8ENvs7HYZWNKHsCGqerPNwmnl,109.0,18.0,0.0,0.0,0.0,3.0
"(PLO)- Quân đội Iran cảnh báo sẽ “mở các mặt trận mới” nếu Mỹ tiếp tục t.ấ.n c.ô.n.g; Bộ trưởng Tài chính G7 nhóm họp, bàn về tình hình Trung Đông; Giá dầu giảm khi ông Trump hoãn kế hoạch t.ấ.n c.ô.n.g Iran.

#plo #baophapluattp #baophapluattphcm",144,1,2,,https://www.facebook.com/phapluattp.vn/posts/pfbid02inhzYHU2QxQUgmwXNrtUoMdL3U7AwQwjUdodMQtFmfDaUer2pTpraAN6n7osL1Hfl,247.0,46.0,0.0,0.0,0.0,3.0
"🤱 Từ 1-1-2027, phụ nữ sinh đủ hai con trước 35 tuổi được tối thiểu 2 triệu đồng",109,1,1,,https://www.facebook.com/phapluattp.vn/posts/pfbid02x8TgGx8A54GuiVeNcoZoNB24B6viMPKjeLxw6txSqLtcJjx2Mzzd5BghWmQ2R7Y4l,79.0,18.0,0.0,0.0,0.0,0.0
"Diệu Nhi gia nhập trend ""da nâu"" với hội chị em Vbiz mùa hẻ này:",2132,94,9,,https://www.facebook.com/hhsb.vn/posts/pfbid032j9nX6ptzJD5Vxx42t61uRjYWRSttHMQiMmSWoM6UsrrNUeJ6kAYDQYhRubSojJbl,64.0,15.0,0.0,0.0,0.0,0.0
"Trong cuộc họp báo về tình hình kinh tế - xã hội trên địa bàn TP.HCM vào chiều 14.5, Sở VH-TT TP.HCM có phản hồi liên quan đến ồn ào Miu Lê bị điều tra liên quan đến maithuy

Đại diện Sở VH-TT TP.HCM cho biết thường xuyên tuyên truyền đề cao tinh thần thượng tôn pháp luật đối với mọi công dân, đặc biệt trong lĩnh vực hoạt động văn hóa, nghệ thuật. Theo Sở, mọi công dân đều phải tuân thủ quy định pháp luật và chịu trách nhiệm trước pháp luật về hành vi của mình. Các hành vi vi phạm sẽ được cơ quan chức năng xử lý theo đúng quy định.

""Đối với đội ngũ văn nghệ sĩ, nhất là những người có sức ảnh hưởng trong xã hội, bên cạnh hoạt động nghề nghiệp còn cần có trách nhiệm giữ gìn hình ảnh, phẩm chất đạo đức, lối sống và ý thức công dân. Các hành vi vi phạm pháp luật, nếu được xác định, không chỉ ảnh hưởng đến uy tín cá nhân mà còn tác động tiêu cực đến môi trường văn hóa, nghệ thuật và nhận thức xã hội"", phía Sở nhấn mạnh.

Theo Sở VH-TT TP.HCM, thời gian qua đơn vị thường xuyên phối hợp cùng các cơ quan liên quan đẩy mạnh công tác tuyên truyền, phổ biến pháp luật đến đội ngũ văn nghệ sĩ, nghệ sĩ biểu diễn và các đơn vị tổ chức biểu diễn. Mục tiêu là xây dựng môi trường văn hóa lành mạnh, nâng cao trách nhiệm xã hội, trách nhiệm nghề nghiệp cũng như chuẩn mực ứng xử của người hoạt động nghệ thuật. 

Bên cạnh đó, Sở yêu cầu các đơn vị nghệ thuật, doanh nghiệp tổ chức biểu diễn và đơn vị sản xuất chương trình nghiêm túc thực hiện các quy định pháp luật về hoạt động nghệ thuật, quy tắc ứng xử của người hoạt động nghệ thuật cùng những quy định pháp luật liên quan.

Theo: Thanh Niên",2094,60,15,,https://www.facebook.com/hhsb.vn/posts/pfbid0oqPfvf4Bshj8xxnzvJQKwu5RbkUZE2MDv389PYjZRiD4LVUaJTurcnNzTBpJMFdjl,1597.0,341.0,0.0,0.0,0.0,0.0
"Madonna, Shakira và BTS sẽ là co-headline trình diễn chương trình giải lao giữa hiệp trận chung kết FIFA World Cup™ đầu tiên tại Sân vận động New Jersey, New York vào ngày 19 tháng 7.

Được dàn dựng bởi Chris Martin của Coldplay và sản xuất bởi Global Citizen, chương trình sẽ gây quỹ cho Quỹ Giáo dục Toàn cầu FIFA Global Citizen, nhằm cải thiện cơ hội tiếp cận giáo dục chất lượng và bóng đá cho trẻ em trên toàn thế giới.",4426,203,74,,https://www.facebook.com/hhsb.vn/posts/pfbid02WhoAGKwNJ9CHHsorzdtegHxnLUagyC7N4vkHhD6SE6vd7e3C4ZHttTdgnyyQViU1l,424.0,85.0,0.0,0.0,0.0,0.0
"Chán mẹ ghê ấy mẹ ơi :3 :3 :3 
Cre: Page đù
#Ki",2826,185,95,,https://www.facebook.com/hoiyeuchomeo.tv/posts/pfbid0pfmh5CmFJU5TiVmfBjFk2374xJQBUr93UMpooCy6HA3jui8fsMNiGAwfD5wRyYuGl,47.0,13.0,0.0,0.0,0.0,1.0
"Trận chiến khốc liệt nhất lịch sử loài mèo! Sợ quá cơ!
Cre: Liêu Ngọc Linh
#Ki",1502,206,113,,https://www.facebook.com/hoiyeuchomeo.tv/posts/pfbid0fmCzQasG7ZvApLpMDS1Enk6MfzXRAGw2MMpAhUdRRVmtE27AjH6cKcwZoiQhqopkl,78.0,17.0,2.0,0.0,0.0,1.0
"Hóa ra từ trước đến nay bao nhiêu thư tình của các em gái gửi đều bị 2 con mặt chó này nó đọc xong nó nuốt hết, làm m vẫn ế đến tận bây h, chắc muốn m ở vậy nuôi chúng nó đến già -_-
Cre: Tiến Tây
#Ki",579,39,10,,https://www.facebook.com/hoiyeuchomeo.tv/posts/pfbid02m7N26wR3FgUQDndiXXCdYDEEYMaMcJxLkNu6vqxpQH6yfm6VQbc5ucr1dxYvXkaTl,200.0,51.0,0.0,0.0,0.0,1.0
"Các mày thấy tao có cuteee hônggggg <3 😍🥰😘
Cre: Nguyễn Thành Phước
#Ki",2487,104,39,,https://www.facebook.com/hoiyeuchomeo.tv/posts/pfbid02aKG8V3X6ueXqGjXY9C38sZURsEN8UGbJcyaMYGdqpyS1h7ibb3yz8AuteynfL4Ztl,70.0,14.0,0.0,0.0,0.0,1.0
"Chán cái bọn này ghê! Ngáo hết chỗ nói!
Cre: timopets
#Ki",947,99,57,,https://www.facebook.com/hoiyeuchomeo.tv/posts/pfbid0NLgnkXwjkW2TxfyjXAjoJpKra2KwYiju3PkLTy5GCZP2i856QVaNXug7neoaSe86l,57.0,12.0,2.0,0.0,0.0,1.0
"Tao nhìn mà tao tức á, tao tức mà tao chẳng dám làm gì nó luôn á!
Cre: Onegotethon
#Ki",1653,71,29,,https://www.facebook.com/hoiyeuchomeo.tv/posts/pfbid0CgYkM3ug9JKmGznrRysUMwSmmg5bJj7EZvVRuYj9oPtePK7rMYs5wGigRoPvVrJfl,86.0,20.0,1.0,0.0,0.0,1.0
"Nhạc sĩ Only C đã thẳng thắn bình luận đáp trả ý kiến của những cư dân mạng cho rằng ""ngưu tầm ngưu mã tầm mã, test maithuy luôn anh này gấp"":",5703,593,62,,https://www.facebook.com/hhsb.vn/posts/pfbid0UAam9b6S8JzSiGesNtopDUFF3QcThB81Fy8XY5Hcaz9JcazTtvv5cPnZjQBm9eG8l,142.0,32.0,0.0,0.0,0.0,0.0
Kim Jisoo xuất hiện tại show DIOR Cruise 2027,7525,143,43,,https://www.facebook.com/hhsb.vn/posts/pfbid0gbb4RbrXDkmGmSZuZ1B7XCK4TEjwqixtJgyzCeyS69fzBdGHJyr2iPrZGNqfXHXfl,45.0,9.0,0.0,0.0,0.0,0.0
Trương Tri Trúc Diễm tham dự buổi casting trực tiếp của Victoria's Secret tại Mỹ,3696,102,11,,https://www.facebook.com/hhsb.vn/posts/pfbid04Uig2ntXPxZ9h1tMT2T5aWGkmn6FpVPMYth35MWDzoHmLX2i3YqXPq6CVQWDtVYUl,80.0,15.0,0.0,0.0,0.0,0.0
"Thích cà khia nhưng ngại va chạm thì phải làm sao?
#Cre: Xàm TV
#Ki",1098,104,71,,https://www.facebook.com/hoiyeuchomeo.tv/posts/pfbid0wGfMBks6Af6hMu5YDsWBqYsXD8EcB8gDcJxPVv7N5zGmiuJNeJ9veGiSSaaByVhbl,67.0,15.0,0.0,1.0,0.0,2.0
"Đây là áo đôi! Mặc vào sẽ được người ta gọi là có đôi
Cre: Hội Khẩu Nghiệp
#Ki",2656,140,64,,https://www.facebook.com/hoiyeuchomeo.tv/posts/pfbid0seDPxT8V3FbbjQovr4t6MAWnYNGigzy9X9kJLBuP8APWCGNUGK41tGqtEjB1mqrbl,78.0,19.0,1.0,0.0,0.0,1.0
"Không phải tại tao, tại qua dưa hấu :((
Cre: Tuấn Phạm
#Ki",859,26,39,,https://www.facebook.com/hoiyeuchomeo.tv/posts/pfbid02zk3Z3VLSVBe1qW1XeqSz3rNG37cSG2dW4j7aYCXQfoRDEJH27QpLRJtXcwxLdpJil,58.0,13.0,0.0,0.0,0.0,1.0
IU tiết lộ vì những phân cảnh tình cảm với Byeon Woo Seok trong Perfect Crown tập 10 khiến cô ngại không xem cùng gia đình,2107,45,6,,https://www.facebook.com/hhsb.vn/posts/pfbid02QJGFxrL5z4YBqAF8RpSrbg4d4XzgaoXPDM4DCmAhN7JSh4fZCJAiHjcL2DbnY7V8l,122.0,26.0,0.0,0.0,0.0,0.0
"Đánh bại U17 UAE để đứng đầu bảng C giải U17 châu Á 2026 tại Saudi Arabia, U17 Việt Nam vào tứ kết giải U17 châu Á 2026, đồng thời toàn đội cũng chính thức giành được vé dự vòng chung kết World Cup U17 năm nay, diễn ra ở Qatar.

Sau trận đấu, Liên đoàn Bóng đá Việt Nam (VFF) công bố mức thưởng lên đến 1 tỷ đồng dành cho đội tuyển U17 Việt Nam. Đây là mức thưởng rất lớn đối với một đội bóng trẻ, ở lứa tuổi 17.

Lần đầu tiên trong lịch sử bóng đá Việt Nam, đội tuyển U17 của nước ta giành được quyền tham dự World Cup.

Theo: Dân Trí",3771,37,15,,https://www.facebook.com/hhsb.vn/posts/pfbid0aR3vgF4RPBLqxnfgc4NwvZ7raEAa8FEBfTMtgT9M5BV3pq3vdVLoD8sAj9sBx4WTl,535.0,119.0,0.0,0.0,0.0,0.0
"Khán giả tò mò liệu KARINA có từ chối lời bày tỏ của FAKER không ~~ 

Fan: Giờ thì tôi không biết nên ghen với ai luôn 🥲",1720,53,17,,https://www.facebook.com/hhsb.vn/posts/pfbid02W8AEMuUnMq4EWsLHPZukJkPZhCd5SiqPLK2KP1qGAAT5T8KBaBZ4d99VX1Jdixe7l,120.0,28.0,0.0,0.0,0.0,0.0
"Nuôi mèo mà nhiều khi cảm giác như đang ở một mình! Nó bỏ rơi tau!
Cre: Sưu tầm 
#Ki",1030,31,16,,https://www.facebook.com/hoiyeuchomeo.tv/posts/pfbid02mn8gS7z8fNQHj9KG5Ppavf85WeqfbEhRvM326XjMbfLSmXa1DpG3EdmB9euqtUnpl,84.0,20.0,2.0,0.0,0.0,1.0
"Cần các anh em đang có vợ hoặc người yêu học hỏi theo nha =))
Cre: Cute World
#Ki",741,49,70,,https://www.facebook.com/hoiyeuchomeo.tv/posts/pfbid0QXUkkbYykPVXUi8hmqDEzwaffe3n2hyBzjfSZPF2a7gTiugzUdNB388wxxUsLMyol,81.0,19.0,0.0,0.0,0.0,1.0
"Sáng ra H đã phải tâm niệm thế này rồi! H ơi!
#Cre: SML Channel 
#Ki",2299,1152,144,,https://www.facebook.com/hoiyeuchomeo.tv/posts/pfbid0SuXAcmY7D4TWHZz5RDzqiALgSmLVRiPfAB2APSSvqJmFiZYF6UQ6LQxHvQNcSDsvl,68.0,16.0,2.0,0.0,0.0,2.0
"Giới giải trí Thái Lan trở nên ""nóng rực"" trong ngày 13/5 sau khi 50 nghệ sĩ, KOL 'like' 2 bài đăng của vợ chồng Mind Lapassalan Jiravechsoontornkul và bị công chúng lên án dữ dội.

Trên IG của vợ mình vào tối 12/5, thiếu gia Pi Scott đã phủ nhận những hành vi mà em trai đã cáo buộc. Trong khi  đó, nữ diễn viên Mind lại đăng giấy tờ nhà nhằm bác bỏ chuyện lập mưu chiếm nhà của em chồng. 

Tuy nhiên, sự việc ngày càng leo thang sau khi cậu em trai Psi Scott đăng đoạn ghi âm tiết lộ chuyện động trời đã làm mình hồi nhỏ. Và 50 nghệ sĩ / KOL đã bị chỉ trích vì cho rằng ""ngầm ủng hộ những chuyện đáng xấu hổ"" kia. 

Trong số đó phải kể đến các ngôi sao như Kimmy Kimberley, Mario Maurer, Baifern Pimchanok cho đến Tay Tawan, Off Jumpol... 

Tối 13/5, Tay Tawan lên tiếng xin lỗi công khai. Nam diễn viên khẳng định ""chỉ nhằm ủng hộ một người bạn đang bị chỉ trích một cách không phù hợp, bằng những lời lẽ gay gắt, phản ứng thái quá và những tuyên bố không dựa trên sự thật.

Và với tư cách là bạn của Mind, tôi cũng muốn gửi lời động viên và sức mạnh để cậu ấy đối mặt với tình huống này một cách tỉnh táo và vượt qua khoảng thời gian khó khăn này.

Cuối cùng, tôi chân thành xin lỗi nếu lượt thích của tôi gây ra bất kỳ sự hiểu lầm nào rằng tôi ủng hộ baoluc gia đình""

Zee Pruk cũng cho biết, ""Khi tôi thích các bài đăng trên Instagram, tôi thường thích bài đăng của những người tôi theo dõi mỗi khi chúng xuất hiện trên bảng tin đề xuất của tôi"". 

Nữ rapper Thái Lan MILLI cũng có lời xin lỗi vì hành động like bài viết gây hiểu lầm là sự ủng hộ cho chuyện nhà chồng của diễn viên Mind Lapassalan

Hiện tại, hầu hết các nghệ sĩ đều đã ""bỏ thích"" hai bài đăng nói trên nhưng danh sách vẫn được fan chụp lại và tổng hợp. Xem thêm ở phần bình luận.",6321,803,294,,https://www.facebook.com/hhsb.vn/posts/pfbid02a8ZQQRCHmaPWoVRXLbBFoVDumRefmLNeewBZYSvwa2kbPRcQFAxVoJGUkE8vFoZxl,1752.0,374.0,0.0,0.0,0.0,0.0
"❌ Giấu nghề cho đỡ bị cạnh tranh thay thế
✅ Khoai Lang Thang, dù không được hỏi hay nhờ chỉ giúp nhưng vẫn nhiệt tình ""comment dạo"" góp ý cho một bạn trẻ mới bắt đầu làm nội dung vlog du lịch",11515,181,254,,https://www.facebook.com/hhsb.vn/posts/pfbid02BdAsjvrAy8E87NbUjrigM5eYKJqfY2kAC1g6EqwyXuWsjMMjXspcfffnbPPhd6Lwl,191.0,43.0,0.0,0.0,0.0,0.0
"SÂN KHẤU HOÀNH TRÁNG CỠ NÀY THÌ TRÓI QUANG HÙNG MASTERD VÀO TIM MUZIK LẠI QUÁ DỄ VỚI OSUNFEST! NÓ MỸ VỊ NHÂN GIAN MÀ NÓ CHUẨN 5 SAO MICHELIN GÌ ĐÂU   💅

Dưới đây tổng hợp các màn khều mạnh cho sự xuất hiện lần này của SOOBIN, HIEUTHUHAI, CHI PU, QUANG HÙNG MASTERD, RHYDER, PHÙNG KHÁNH LINH, PHÁP KIỀU, UPRIZE 👇Mong tongtai OCB thấy và note!",2627,152,140,,https://www.facebook.com/reel/4485849105033140/,341.0,68.0,2.0,0.0,0.0,0.0
"Nhìn em ngủ để thấy đời thật bình yên! Chúc các Sen buổi tối an yên nhé!
Cre: Tiktok
#Ki",500,26,16,,https://www.facebook.com/hoiyeuchomeo.tv/posts/pfbid0VgVksW1ud5FWEyVZt8K768vrDcsF4utnEzMb2nckFycLgSh28LeCaANCyBKeGz2ml,88.0,20.0,2.0,0.0,0.0,1.0
"Hôm nay Crush cười với tao! Ối làng nước ơi! Ối chúng mày ơi!
Nó vã lắm rồi Sen ơi!
Cre: Crush+
#Ki",1083,155,50,,https://www.facebook.com/hoiyeuchomeo.tv/posts/pfbid0DPcNr23qNVwPDnzstVQQfdeuRkb7PWb5suQbKhoYAiraCgp1gPatcA6zN3yZLX4cl,99.0,23.0,4.0,0.0,0.0,1.0
"Nhìn nhé! Tau chỉ làm làm một lần duy nhất thôi!
Cre: Sưu tầm
#Ki",822,59,46,,https://www.facebook.com/hoiyeuchomeo.tv/posts/pfbid021zLpVeEJfLgnufAR52KHL5gGCMNPgYcTSkjpAZNmoguD89drD2pbMJiN3TXmuzGkl,65.0,15.0,2.0,0.0,0.0,1.0
"(PLO)- Tổng Bí thư, Chủ tịch nước Tô Lâm nhấn mạnh, chính sách nhà ở trong giai đoạn mới phải được thiết kế với tư duy mới, tầm nhìn mới, đảm bảo mọi người đều có chỗ ở.

#plo #baophapluattp #baophapluattphcm",287,1,13,,https://www.facebook.com/phapluattp.vn/posts/pfbid02G5fsQQfcab9TfYUU6e3igqBLgKNAGdG67N75FoCqtxgyEK9QWJo6vRcaZK2XXkaKl,208.0,41.0,0.0,0.0,0.0,3.0
‼ Lâm Đồng tạm dừng lưu thông qua đèo Gia Bắc để khắc phục sạt lở,73,1,0,,https://www.facebook.com/phapluattp.vn/posts/pfbid0281ht5ydLWm7BnpugjGWjUoF9RgLZ9EZG2S4B7VKgoFmhJPxbhxtWysmxhfYgGuhQl,65.0,16.0,0.0,0.0,0.0,0.0
Triệt phá đường dây buôn lậu vàng hàng chục tỉ từ Campuchia về TP.HCM,267,1,8,,https://www.facebook.com/phapluattp.vn/posts/pfbid02FibNXJ17QPqEwGVPZKYmEQNbMfNvrtfJwUzFQm2TjS2PGvyn9THb4cxGB8vVSxm9l,69.0,14.0,0.0,0.0,0.0,0.0
"(PLO)- Kết quả khảo sát mức độ hạnh phúc của người dân tại phường Thủ Đức, TP.HCM cho thấy đời sống đô thị đang ghi nhận nhiều tín hiệu tích cực, dù vẫn còn không ít áp lực cần tiếp tục giải quyết.

#plo #baophapluattp #baophapluattphcm",77,1,1,,https://www.facebook.com/phapluattp.vn/posts/pfbid02VCRp2C9fbotrYjoGKxiHKs8uXqPZpWWUWTyWJJZZSjjJ8kc2gW7hbKWyN4RbPCpAl,236.0,46.0,0.0,0.0,0.0,3.0
"(PLO)- Công an tỉnh Đắk Lắk khởi tố người đàn ông mạo danh cán bộ Sở Tài nguyên và Môi trường để điều tra tội l.ừ.a đ.ả.o chiếm đoạt tài sản.

#plo #baophapluattp #baophapluattphcm",103,1,7,,https://www.facebook.com/phapluattp.vn/posts/pfbid027RrHR9fCiroEKZRWRctFduwLPvA2dZK5sUuoa8qY5eJebRunrr9ubDhMeMGTUCCsl,180.0,34.0,0.0,0.0,0.0,3.0
"(PLO)- Bộ Công an bãi bỏ nhiều thủ tục hành chính trong lĩnh vực căn cước, định danh điện tử, trong đó có thủ tục thu thập thông tin sinh trắc học ADN và giọng nói của công dân.

#plo #baophapluattp #baophapluattphcm",125,1,3,,https://www.facebook.com/phapluattp.vn/posts/pfbid02t5sr1cxFw6hJKQtymu71Mb3oz9nTivcRocVmSjPyTpLdDpEfPN5PW9xJ5gk9PBLxl,216.0,42.0,0.0,0.0,0.0,3.0
"Vợ iem hiền lắm, không bao giờ mắng iem câu nào đâu!
#Ki",1536,187,146,,https://www.facebook.com/hoiyeuchomeo.tv/posts/pfbid0XWKcF7zd48iaZeYFudh5Dwj74kfJWD1hugZDfxmjs6ZffzoBhXMuRyQ53hndDhAil,56.0,13.0,1.0,0.0,0.0,1.0
"Buổi sáng đi làm thấy trời mưa và đây là tâm trạng của #Ki, tao có được ở nhà ngủ không đi làm không các Sen???
Cre: Sưu tầm (nếu Sen nào biết nguồn thì báo cho mình biết để thêm na)",1907,113,45,,https://www.facebook.com/hoiyeuchomeo.tv/posts/pfbid022PiMrFPBAxjBNdWdJU3HbseQPQvAYUT4ku3M5K2WnySf1YP2AZ3QynBE2Q7mbccEl,182.0,42.0,0.0,3.0,0.0,1.0
"(PLO)- Người phụ nữ do không kiềm chế được bình tĩnh đã chửi nam tài xế ô tô với những lời lẽ nặng nề và dùng tay, chân t.ấ.n c.ô.n.g ông. Hiện Công an phường Yên Hòa, Hà Nội đang lập hồ sơ xử lý vụ việc.

#plo #baophapluattp #baophapluattphcm",173,1,2,,https://www.facebook.com/phapluattp.vn/posts/pfbid0AkVsb7Yudnrag2kvRRdQ57B6jfcizAH6kgo6hLgCCubH7Bf5RtYYgejjDjVWfqAxl,243.0,50.0,0.0,0.0,0.0,3.0
"(PLO)- Công an đã triệt phá đường dây buôn lậu hơn 50 tấn caffeine xuyên quốc gia để sản xuất m.a t.ú.y. Theo điều tra ban đầu, đường dây buôn lậu này có sự tham gia của một cựu Trưởng khoa Dược, Bệnh viện Y học cổ truyền Trung ương.

#plo #baophapluattp #baophapluattphcm",133,1,13,,https://www.facebook.com/phapluattp.vn/posts/pfbid02FtK7bLB42XooksDxvaYBAMUQGgyzUhKT6xEuHa8gqGahdRgz1mswDNxbWB9oCwtJl,272.0,53.0,0.0,0.0,0.0,3.0
"(PLO)- Công an TP Hà Nội vừa triệt phá thành công đường dây buôn lậu vàng quy mô lớn từ Hồng Kông (Trung Quốc) vào Việt Nam. Các đối tượng đã giao dịch trót lọt khoảng 300 kg vàng, tương đương gần 8.000 lượng vàng.

#plo #baophapluattp #baophapluattphcm",111,1,3,,https://www.facebook.com/phapluattp.vn/posts/pfbid0J3UBC3e3DFHaLRhWmi4SPAxSNMEPQGP27jSC7RixyxQNzK7cz7foX7CMdKJdg1vzl,253.0,48.0,0.0,0.0,0.0,3.0
"[GÓC HỎI HAN]
Các sen khi chăm các boss thì cần những sản phẩm nào? 
Và hiện nay các sen đang quan tâm đến đồ nào cho các Boss nhỉ?

Comment dưới để cùng trao đổi nhé cả nhà!",307,9,0,,https://www.facebook.com/hoiyeuchomeo.tv/posts/pfbid02gT4w6a5wNrHx6ZBJawwSpD9Q3pMLwWVDAAhnm3GXY2m4QoY3x1ezgsPvmSDf1nA2l,174.0,39.0,1.0,2.0,0.0,0.0
"Nghiệp tụ vành môi là có thật 🤣🤣🤣
Nguồn: Sưu tầm (Nếu ai biết nguồn xin thông báo cho ad để chúng mình thêm nguồn nhé, cảm ơn các Sen).
#Ki",1854,73,36,,https://www.facebook.com/hoiyeuchomeo.tv/posts/pfbid02c8sK6FzGUzL5bFkTSwj85Ky918HBBxmXcqoaTnUGLW5N6s4Ge16WumWvCmGNNTayl,139.0,31.0,0.0,0.0,0.0,1.0
"Nhìn mặt em ngâu thế thôi chứ vẫn yêu em lắm nhé!
Fan nhà mẹt xệ điểm danh nà!
#Ki",1173,73,102,,https://www.facebook.com/hoiyeuchomeo.tv/posts/pfbid034EX8mEcbgdYpni2ppvz2BEma61xT1q95HB4kqqRcynsf4XEDVbGpbPeNAv5ELgDfl,82.0,20.0,2.0,0.0,0.0,1.0
"Sơn Tùng M-TP và chữ cái thứ 3: W
Liệu rằng CMW hay WMC?",5933,394,30,,https://www.facebook.com/hhsb.vn/posts/pfbid0rRt9zhSXL7fdSWSvGPaYzi5MYpMDkJ3URt8wnf2AGUxStupj3KYWSajKoSZY4jNFl,56.0,14.0,0.0,1.0,0.0,0.0
Diện mạo hiện tại của Nichkhun của 2PM trong lần xuất hiện gần đây ở video 'Ba thành viên 2PM sống chung với nhau! Câu chuyện về cuộc sống ký túc xá ồn ào',8074,1075,112,,https://www.facebook.com/hhsb.vn/posts/pfbid0YXQQLmJhJV7yxsFZohdaSTs4ry9GHBAAZ9c5ewuCaNRLvkba8QBbAH2CiJDqMVKvl,155.0,34.0,1.0,0.0,0.0,0.0
"❌ Nhà hàng, quán cà phê, sân khấu
✅ Đen Vâu đón sinh nhật cùng những fan ruột ở công viên

Khoảnh khắc gần gũi, hạnh phúc của nam nghệ sĩ với những người hâm mộ đang viral trên MXH",1693,31,9,,https://www.facebook.com/hhsb.vn/posts/pfbid02keAonUVA63GwNTzW7jFVTvAhaYevUUFddH8AfTCGLAUcJatmQzFGnUgaERMGMnJsl,180.0,40.0,0.0,0.0,0.0,0.0
"Các Sen hiểu ý ad chứ? Thâm sâu đi nà!
Nguồn: Hội những con vật dễ thương nhất quả đất
#Ki",1184,80,11,,https://www.facebook.com/hoiyeuchomeo.tv/posts/pfbid02WqstbKngzmcphL6sAGUXBqoxKQwPuZ1c6R5hh8jaccGAcpjakUvQQ599SCYPcV2cl,90.0,21.0,1.0,1.0,0.0,1.0
"Đây là cách làm Mẹ tiêu biểu của Boss nhà tao!
Mèo con số khộ!
#Ki
#Nguồn: Tiktok",659,103,26,,https://www.facebook.com/hoiyeuchomeo.tv/posts/pfbid02PFS7jxwct8Kg7v8QV214p5UDeZysg1BdEtb5ybvnPUx8e4w4PtzSBAgo7oZFuyyRl,81.0,18.0,2.0,0.0,0.0,2.0
"Khổ thân Linh :((

Nguồn Hợp Tác Xã nuôi Lợn",2983,930,82,,https://www.facebook.com/hoiyeuchomeo.tv/posts/pfbid02pUrDKiPd2twMUoJ1fKDhTdtHg9h5K5K2VsYqcqMtv6QiLTijUaKwwRTsk5z1TsUDl,44.0,10.0,0.0,0.0,0.0,0.0
"Ngắm không gian bình dị nơi Chủ tịch Hồ Chí Minh từng sống, học tập tại Huế",217,1,2,,https://www.facebook.com/phapluattp.vn/posts/pfbid0p2kQJVueayEVMcDsaE7CpepT9ayRnSSNmVTCD8L5M8zjpfTKhrpFGV1HKP2nL3RPl,75.0,17.0,0.0,0.0,0.0,0.0
"(PLO)- Công an TP.HCM vừa bắt tạm giam Trần Quang Vũ, Giám đốc Công ty CP Tư vấn Đầu tư Thương mại Cửu Long về hành vi l.ừ.a đ.ả.o chiếm đoạt số tiền khoảng 22 tỉ đồng thông qua việc làm giả giấy phép xây dựng.

#plo #baophapluattp #baophapluattphcm",145,1,7,,https://www.facebook.com/phapluattp.vn/posts/pfbid0Q4WDCY8eSeHDRFEPqwwjXTu8eZTgJrGgJyXfEgkbApeJ71i6q94jMA1wLMU1Ndrul,249.0,49.0,0.0,0.0,0.0,3.0
"(PLO)- Ngành Thuế đặt mục tiêu 100% vụ việc có dấu hiệu hình sự rõ ràng được củng cố hồ sơ, chuyển tin báo, hồ sơ kiến nghị điều tra, khởi tố sang cơ quan công an.

#plo #baophapluattp #baophapluattphcm",81,1,4,,https://www.facebook.com/phapluattp.vn/posts/pfbid02dvWRwMbHffufzGWwWhVzFJwCiDfYhKgj2RZ6rWV4icR1cBZN9te5iXgvzxQkc8gbl,202.0,40.0,0.0,0.0,0.0,3.0
"Mới đây nhất, cộng đồng mạng xứ Chùa Vàng lại được phen rúng động khi thiếu gia Thái Lan Psi Scott đăng tải đoạn ghi âm giữa Sine và Pi - anh trai ruột - chồng của nữ diễn viên Thái Lan Mild Lapassalan, thứ mà Psi từng tuyên bố là bằng chứng cho thấy người anh trai đã thú nhận mọi chuyện.

Trong đoạn ghi âm, Psi chất vấn anh trai của mình “Anh vào phòng em và bắt em ""dùng 👄"" với anh. Em chỉ muốn dành thời gian với anh, và anh đã lợi dụng em. Anh đừng nói hồi đó anh còn nhỏ dại không biết gì. Lúc đó em 🔟 thì anh hơn em 6 tuổi là cũng đã 16,17 rồi. Anh biết anh làm điều không đúng, em mới là người còn nhỏ không biết gì nên mới phải chịu hậu quả tâm lý cho tới bây giờ nè"".

Trước đó, sau khi bị em trai tố trên MXH, thiếu gia Pi Sunith Scott - đã lên tiếng phủ nhận mọi cáo buộc. 

Pi cho biết điều này hoàn toàn không phải là sự thật và chưa từng xảy ra. Anh khẳng định sẽ không bao giờ làm chuyện đó, chưa bao giờ có suy nghĩ hay ý định làm như vậy với bất kỳ ai, đặc biệt là với chính em trai của mình.

Pi cho là ngày xưa còn nhỏ nên nghịch ngợm với em trai và nảy sinh hiểu lầm. Pi khẳng định gia đình không mặc kệ Psi nhưng em trai lại chặn mọi liên hệ khiến người nhà khó lòng quan tâm.",4991,335,190,,https://www.facebook.com/hhsb.vn/posts/pfbid0Z9SfEQjDpmTT8ngwcWCVsR3WYXpGmdBShcLjFgwzgBEPuZNBAcx9bma9XRc1grNxl,1199.0,273.0,0.0,0.0,0.0,0.0
"VIB bất ngờ “đánh úp” giữa tâm bão với hai icon cực lạ!? 
Liệu tin đồn về con số 7 và ngân hàng Việt Nam có thành sự thật? 👀🤔",2121,184,18,,https://www.facebook.com/hhsb.vn/posts/pfbid02Mn2nPUjru4BWH3usXvHCTnD4Zyt7kVMJ8SBPX5UfDXdPoNkPM6fJSGuN165HAhdcl,125.0,30.0,1.0,2.0,0.0,0.0
"Noo Phước Thịnh mới đây lên tiếng bức xúc và cảnh báo khán giả về 1 video sử dụng A.I (trí tuệ nhân tạo) để tạo ra hình ảnh, giọng nói của anh đi cùng với phát ngôn sai sự thật nói về Miu Lê. 

Sau khi sự việc của Miu Lê được công khai thông báo rộng khắp, nhiều cá nhân tổ chức đã tạo dựng hình ảnh A.I với nhiều mục đích quảng cáo bán hàng online, tạo tin giả... gây bức xúc. Trang Thông Tin Chính Phủ cũng đã lên tiếng cảnh báo về vấn nạn này.",2140,55,8,,https://www.facebook.com/hhsb.vn/posts/pfbid0hbaWhDcrBrAfWyQyxGTeZ8pFYZx4kc1PP7dFw3TM4W5TaxPQBhTSL6pTQHwD9dJ4l,446.0,100.0,0.0,0.0,0.0,0.0
"(PLO)- Ngọn lửa bốc lên kèm cột khói cao hàng chục mét tại một căn hộ tầng 7 chung cư Safira K.Đ, hàng trăm cư dân đã hốt hoảng tháo chạy bằng lối thang bộ xuống đất.

#plo #baophapluattp #baophapluattphcm",198,1,9,,https://www.facebook.com/phapluattp.vn/posts/pfbid0rJg6jKdQ4HXFsqfcXTAwLLM1AoTNzaokKH4Fu8gDwB9HJMr1Kcyx5FMMLha42odnl,205.0,40.0,0.0,0.0,0.0,3.0
"(PLO)- Phường Phú Thuận, TP.HCM đã đồng loạt ra mắt chuỗi công trình ý nghĩa: “Tuyến hẻm cờ hoa Phú Thuận”, Không gian văn hóa Hồ Chí Minh tại cơ sở tôn giáo và phát động xây dựng các khu dân cư tự quản ""4 an"".

#plo #baophapluattp #baophapluattphcm",41,1,1,,https://www.facebook.com/phapluattp.vn/posts/pfbid0316uMixrHy1od5BfnyL8DfVU2QBdEL4Yd62B4Y4JHUwa9vAJHVJAtZ3wMX6Xf4Tcpl,249.0,49.0,0.0,0.0,0.0,3.0
"(PLO)- Theo người thân, nam sinh lớp 8 Trường THCS Nguyễn Du ở xã Di Linh, tỉnh Lâm Đồng hiện đang hôn mê, thở máy và tiên lượng xấu.

#plo #baophapluattp #baophapluattphcm",568,1,47,,https://www.facebook.com/phapluattp.vn/posts/pfbid033LY37XimwWmSgsDovHy1ydpc6LXk3gDiwv1oqSproHNnxjW2BHbmcCykekBtxmpCl,172.0,32.0,0.0,0.0,0.0,3.0
"Doraemon: Nobita và Lâu đài dưới đáy biển đạt Top 1 doanh thu tại Nhật 6 tuần liền, cộng thêm Top 5 phim hoạt hình xuất sắc nhất năm 2026 tại Nhật, 43 tuổi mà còn quậy cỡ đó.

Sự trở lại của thế giới Atlantis cùng Buggy sau 43 năm với diện mạo mới: Bắt mắt và sống động hơn, được trông đợi sẽ “tưới mát” phòng vé tháng 5 này.

Review từ fan lâu năm trên IMDB:
- ""Đây không chỉ là bản làm lại mà là sự tái sinh của một câu chuyện kinh điển""
- ""Là phần phim xúc động nhất của Doraemon. Cốt truyện, hình ảnh, âm thanh đều rất tuyệt vời, được làm lại rất chỉn chu"".

Doraemon: Nobita và Lâu Đài Dưới Đáy Biển (Phiên bản mới) - suất chiếu sớm từ 16.05.2026.",2322,66,33,,https://www.facebook.com/hhsb.vn/posts/pfbid028drVo4SjobrmUwX1vuwZj4yY1p2aBUrFXCgoMx6HtByNMkL8nufEpxXyhtvTiVXml,652.0,140.0,0.0,0.0,0.0,0.0
Khi Anh Tú Atus tập rap và bị Diệu Nhi lén quay lại 😎,4098,79,35,,https://www.facebook.com/reel/1354642986514862/,53.0,14.0,0.0,0.0,0.0,0.0
"Khi Kim Jiwon, Jang Wonyoung & Byeon Wooseok: Tổ hợp nhan sắc của một ""gia tộc tài phiệt""",15393,282,119,,https://www.facebook.com/hhsb.vn/posts/pfbid04S6eqvmw7jHVH4RZd7NMeeRWNKkEUWb2HHkjZYD3H1FaRxLtNFzMXoVBG7t6UMP8l,89.0,18.0,0.0,0.0,0.0,0.0
"(PLO)- Đây là nội dung được báo cáo tại Hội nghị tổng kết việc thi hành Luật Ban hành văn bản quy phạm pháp luật (VBQPPL) do Bộ Tư pháp tổ chức.

#plo #baophapluattp #baophapluattphcm",41,1,5,,https://www.facebook.com/phapluattp.vn/posts/pfbid0wgUCdwPxYztM5uDpkCZ6kjF9Zx1bwMX9sscVe1ermeu2qc1BQY9JJqyKKSLqWi53l,183.0,35.0,0.0,0.0,0.0,3.0
"(PLO)- Dù không có chức năng đưa người đi xuất khẩu lao động nước ngoài nhưng hai nữ giám đốc công ty vẫn đăng tin tuyển dụng xuất khẩu lao động để l.ừ.a đ.ả.o hơn 5 tỉ đồng.

#plo #baophapluattp #baophapluattphcm",77,1,7,,https://www.facebook.com/phapluattp.vn/posts/pfbid02puCjguhN4TJvzcb3Bosy8tjoo1qHm5mTShU3WkqXWQ9Pjd7GD4Kx1m2GQcWqG83el,213.0,41.0,0.0,0.0,0.0,3.0
"(PLO)- Công an tỉnh Tây Ninh vừa triệt phá đường dây sản xuất, buôn bán dầu gió giả nhãn hiệu Eagle Brand, thu giữ hơn 27.000 chai cùng nhiều tang vật.

#plo #baophapluattp #baophapluattphcm",172,1,17,,https://www.facebook.com/phapluattp.vn/posts/pfbid02NRP5JnrnQASthUH2272uPKgGuUm1p4PLmNaXM5Ue3F38zzTuYeDd7VhjEZTjUSyDl,190.0,34.0,0.0,0.0,0.0,3.0
"(PLO)- Làm việc với công an xã Nhà Bè, TP.HCM, người đàn ông khai nhận tạt sơn hàng xóm vì mâu thuẫn, xích mích trong sinh hoạt hàng ngày.

#plo #baophapluattp #baophapluattphcm",107,1,1,,https://www.facebook.com/phapluattp.vn/posts/pfbid033BafA9UMeseStzx6CRN1W6Giur9uTxtL1P5nA67yRCUP4ACmoY6QPjPJ2SbunWSNl,177.0,32.0,0.0,0.0,0.0,3.0
"(PLO)- Cựu công chứng viên nhận tiền để ký công chứng cho người giả danh chủ đất ủy quyền cho người khác, bị truy tố về tội nhận hối lộ, theo điểm d, khoản 2, Điều 354 BLHS, có khung hình phạt từ 7-15 năm tù.

#plo #baophapluattp #baophapluattphcm",89,1,5,,https://www.facebook.com/phapluattp.vn/posts/pfbid0yXiNYxYeD6dCDceWBgwoJA6WTmpX1BdKhwGYTQZrrfPHpn73fktPxguMcEJu6Xd4l,247.0,49.0,0.0,0.0,0.0,3.0
"(PLO)- Tổng Bí thư, Chủ tịch nước cho rằng tấm Huy hiệu Đảng không chỉ được gắn trên ngực áo hay đóng khung trên tường, mà còn được khắc trong lòng Đảng, trong lòng Nhân dân, như một biểu tượng của niềm tin, của lý tưởng, của cống hiến và trách nhiệm nêu gương.

#plo #baophapluattp #baophapluattphcm",50,1,0,,https://www.facebook.com/phapluattp.vn/posts/pfbid06eXf2GLtswGK1RpfKVoCZKqhSu4U5oBGvhxXe51jSKL1aRd24bMh7r1hszosWr18l,300.0,57.0,0.0,0.0,0.0,3.0
Bổ nhiệm 2 Phó Giám đốc Đại học Kinh tế TP.HCM,286,1,1,,https://www.facebook.com/phapluattp.vn/posts/pfbid02Yk55qpKHioYJDDhTPTaj3PuxAXnbraUhL41yKsarxMKYD7gGCuCKGcVYymDJ5ghnl,46.0,11.0,0.0,0.0,0.0,0.0
"(PLO)- HĐXX tuyên phạt bị cáo Nguyễn Thị Vân Anh 4 tháng 10 ngày tù (bằng thời hạn tạm giam) về tội gây rối trật tự công cộng.

#plo #baophapluattp #baophapluattphcm",92,1,0,,https://www.facebook.com/phapluattp.vn/posts/pfbid02egX7D2kToL9DX6LHkZvmrCpjAzrciAvnhXSJqMVD93TM83pwSiyUFtHL7fwrrPpxl,165.0,31.0,0.0,0.0,0.0,3.0
"(PLO)- Đại tướng Phan Văn Giang đề nghị, thời gian tới, Việt Nam - Ấn Độ thúc đẩy hợp tác giữa các quân, binh chủng; công nghiệp quốc phòng.

#plo #baophapluattp #baophapluattphcm",55,1,1,,https://www.facebook.com/phapluattp.vn/posts/pfbid0c7ffv1wos4163HCDgukoVqpioyLQctzrhtPktpqjYF91pnN8ZGPwzfeaTcHQb3GSl,179.0,32.0,0.0,0.0,0.0,3.0
"Trang Thông Tin Chính Phủ đã có bài đăng cảnh tỉnh đồng thời cũng phản ánh tình trạng cắt ghép hình ảnh sai sự thật:

""🇻🇳 Một xã hội văn minh không chỉ nghiêm minh trước sai phạm, mà còn ở sự tỉnh táo, nhân văn, biết rút ra bài học và lựa chọn con đường đúng đắn cho chính bản thân mình

---
💬 Sau những thông tin về việc một nghệ sĩ liên quan đến hành vi sử dụng trái phép chất maithuy, điều đáng suy ngẫm không chỉ là sai lầm của một cá nhân, mà còn là cách xã hội phản ứng trước sự vấp ngã ấy.

Có người xem đó là bài học để tự nhắc mình sống tỉnh táo hơn. 

Nhưng cũng có người biến lỗi lầm của người khác thành trò cười, thành công cụ câu tương tác, hả hê trên mạng xã hội bằng những hình ảnh cắt ghép, lời lẽ miệt thị và sự chế giễu vô cảm.

Sai lầm là điều không ai mong muốn, có thể xảy ra với bất kỳ ai. 

Điều làm nên giá trị của một con người không nằm ở việc họ chưa từng sai, mà ở bản lĩnh dám nhìn thẳng vào sai lầm, sửa sai và lựa chọn lại con đường đúng đắn.

Hãy biến câu chuyện này thành lời cảnh tỉnh cho bản thân: 

Nói không với maithuy, tránh xa những cám dỗ và sống có trách nhiệm với gia đình, cộng đồng.""",11626,591,305,,https://www.facebook.com/hhsb.vn/posts/pfbid0TdgANzs7ZEWeoQu2Jv3rCNT8EWLFqdDFsdLny7FpeWvgSuDDkzU51tKHfkgujrJAl,1129.0,251.0,0.0,0.0,0.0,0.0
"KIM JI WON - PHONG THÁI TIỂU THƯ TÀI PHIỆT NGẤM TRONG HUYẾT MẠCH, THỞ THÔI CŨNG KHÍ CHẤT NGÚT NGÀN",9297,141,112,,https://www.facebook.com/reel/4009179186046824/,98.0,21.0,0.0,0.0,0.0,0.0
"“Nếu mỗi ngày luôn bản lĩnh tới cùng thì sao?”
Thì nghệ sĩ nước mình flex bản lĩnh phải gọi là peak!

Fans nước mình cỡ nào thì vào show luôn!! Anh đại Red Bull Vietnam chơi lớn ship cho mỗi người vài thùng tiếp năng lượng đê!

#RedBull #BanLinhToiCungHucToiDi",7228,3056,4,,https://www.facebook.com/hhsb.vn/posts/pfbid0cnmLPonE4QTcU6HwEqoMQG4pBkUQrrbyc9h3DfXj3xariEDHo1CNwZ1BGvYTTiQpl,260.0,50.0,4.0,1.0,0.0,2.0
⛈️☔️ Dự báo sắp xảy ra mưa lớn diện rộng,302,1,7,,https://www.facebook.com/phapluattp.vn/posts/pfbid0FbH4nAyUUS7JH4NYDRtygLEEG8F6Sj5zXWGb2s2C6zHMGRSZrNwZ3VqKVRwiDQnsl,40.0,10.0,0.0,0.0,0.0,0.0
"(PLO)- TAND tỉnh Đắk Lắk đã tuyên án đối với nữ tài xế uống tám lon bia, lái ô tô gây t.a.i n.ạ.n khiến chủ tịch xã ở Đắk Lắk t.ử v.o.n.g.

#plo #baophapluattp #baophapluattphcm",239,1,3,,https://www.facebook.com/phapluattp.vn/posts/pfbid0g84qxXfKGqfuyweJCG9A1PRh51cSp2JezLgtZByPxNYc777g6mUkX46SqxSH89T2l,177.0,35.0,0.0,0.0,0.0,3.0
"(PLO)- Tòa liên bang Mỹ bác đơn kiện của Elon Musk với công ty công nghệ OpenAI, song vị tỉ phú Mỹ cho biết sẽ kháng cáo.

#plo #baophapluattp #baophapluattphcm",65,1,0,,https://www.facebook.com/phapluattp.vn/posts/pfbid0dJ2tz83prz8WFWRw2c3QrFQUpCpXmomj3fw9BZEm5F3E1tw76u5L3h1QZ6VLgyPYl,160.0,30.0,0.0,0.0,0.0,3.0
"Thiều Bảo Trâm chính thức ra mắt MV Thỏ Săn Mồi kết hợp cùng CoolKid.

“Thỏ Săn Mồi” gợi mở một sự đối lập thú vị, khi hình ảnh “thỏ” vốn thường được liên tưởng đến sự hiền lành và có phần mong manh dễ tổn thương, nay lại được đặt vào vị thế của một “kẻ đi săn”, là một chú thỏ không còn ở vị thế bị động hay chờ được lựa chọn nữa.",9464,776,68,,https://www.facebook.com/reel/4263158117281319/,331.0,76.0,0.0,0.0,0.0,0.0
"TÍN NGUYỄN THỈNH MA XÓ VÌ SỢ MẤT CON, NHƯNG CÁCH NÀY NÓ CẤM KỴ QUÁ CHỪNG! 😭 

Ranh giới giữa tình mẫu tử thiêng liêng và sự mù quáng nó mỏng như tờ giấy! Đau đớn vì xém sảy thai thì ai cũng xót, mà tự nhiên nghe lời của bà Tánh thỉnh ma xó về nhà để ""bảo vệ thai nhi"" thì tui lạy chị Thảo 3 lạy.

Đụng vô cõi âm đâu có dễ ăn! Rước vong vô nhà xong người mẹ chồng lăn ra c.h.ế.t. Cha mẹ ơi, tới khúc đám tang mà xót xa cộng thêm rén ngang. Không lẽ mạng đổi mạng là có thiệt?

Tháng 6 này có kèo phim xịn rồi ó! Tag ngay đứa bạn “hệ tâm linh” để 05.06.2026 ra rạp coi MA XÓ liền!

#phimmaxo #maxo",2024,152,16,,https://www.facebook.com/reel/837347712329936/,595.0,137.0,5.0,1.0,0.0,2.0
"💥GIỮA “CƠN KHÁT"" ARIRANG TOUR, ĐÂU SẼ LÀ LỐI ĐI ĐỂ ARMY VIỆT CHẠM TAY VÀO GIẤC MƠ?✨

Cả thế giới đang phát sốt vì ARIRANG, nhưng câu hỏi lớn nhất của ARMY Việt mình lúc này là: Làm cách nào để chạm tay đến, khi mọi ""ngả đường"" truyền thống dường như đều đang bít cửa? 🥹

Thách thức hiện tại không chỉ là giá vé nữa, vì thực tế ARIRANG là concert không thể sở hữu theo cách thông thường. Hụt vé các đợt mở bán, giá chợ đen thì ""trên trời"", nỗi buồn còn nhân đôi khi Việt Nam mình không nằm trong lịch diễn 😭

Bất kỳ một ""Special Access"" nào lúc này cũng sẽ trở thành thứ được săn đón nhất cộng đồng fan Việt. Bởi vì khi ""cửa chính"" đã đóng sập, thì một lối đi riêng đầy quyền năng như thế này là hy vọng duy nhất để giúp Army có thể có mặt cùng các anh tại ARIRANG. ✨✨

Câu hỏi mà mọi người đang xôn xao nhất là: Nếu “special access” thực sự mở ra tại Việt Nam - ai sẽ là người nắm giữ chiếc chìa khóa để mở cánh cửa đó cho Army Việt Nam? 🔍

Vừa mới nổ ra thêm tín hiệu, check liền map ở link bên dưới nhaa!",2657,112,26,,https://www.facebook.com/hhsb.vn/posts/pfbid0RWbXxbH7HSqP8KockNQhwuwCe4pEjbes8GCnrLVS1LwxdcSDcTHDMtec3uT1dzjrl,1006.0,222.0,1.0,3.0,0.0,0.0
"Khi bạn cao 1m5 nhưng hồ bơi lại sâu tận 2m 😂

Cre: Sưu tầm (Nếu ai biết nguồn xin thông báo cho ad để chúng mình thêm nguồn nhé, cảm ơn các Sen).
#Ki",1060,81,23,,https://www.facebook.com/hoiyeuchomeo.tv/posts/pfbid02AaZQHSyFiwLtfkYC9y5V963ob6mWPDaaS1JyYsj45X81KxHP9EkW1nZuGtqwoHhsl,150.0,35.0,0.0,0.0,0.0,1.0
"Nữa đi anh ơi!... Tí nữa anh ơi! Rồi Rồi Ok!
Việc gì cũng đến tay tao! Chán!
#Ki",663,28,29,,https://www.facebook.com/hoiyeuchomeo.tv/posts/pfbid0dwvqPDJXAai8fq85wLL2qoUGRjdBRPbL6Fb5qV1oLXQAP2XU5mSPswF47WAWfMS4l,80.0,19.0,5.0,0.0,0.0,1.0
Đây chính là gương mặt vàng trong làng hóng hớt đây!,176,14,11,,https://www.facebook.com/hoiyeuchomeo.tv/posts/pfbid0351qoC7By7kcyg88he5DFk3JmtMZpjip1iu6mVqgc3krEiaexGd8q5dYbaRojhqnfl,52.0,11.0,1.0,0.0,0.0,0.0
"Kim Jaewon ngây ngô ngỡ ngàng hỏi Hyeri: ""Chị cắn 3 miếng rồi sao"" 🤣

Fan: Thực sự nhìn Hyeri mà thấy hình ảnh Duk Sun luôn đó 🥹😎",1560,16,8,,https://www.facebook.com/hhsb.vn/posts/pfbid0Ao7tmyfVvELkExYsGNJDuvtere48pX2rFjAgPDkA9Wwx8j8WD8RkN2GYFYj7cnkyl,129.0,29.0,0.0,0.0,0.0,0.0
Jang Wonyoung khẳng định visual ở sự kiện của Bvlgari khi diện chiếc váy của Alex Perry kết hợp với trang sức cao cấp.,1238,38,10,,https://www.facebook.com/hhsb.vn/posts/pfbid038AmZPaNU8tXkRq9EeastUCYF7cfTWDv4qnFYSa1bFJiqWdxsLmZ4CRgqeGez8oM3l,118.0,24.0,0.0,0.0,0.0,0.0
"Sức ảnh hưởng kinh tế của BTS, hay còn được gọi là 'BTSnomics', đang thu hút sự chú ý lớn. Phòng Thương mại Thành phố Mexico dự tính buổi biểu diễn lần này sẽ mang lại hiệu quả kinh tế khoảng 107,5 triệu USD (khoảng 2.830,3 tỷ đồng), bao gồm doanh thu bán vé, hàng không, lưu trú, ăn uống và tiêu dùng tại các khu thương mại địa phương. 

Theo lượng khách du lịch trong và ngoài nước đổ về, lĩnh vực lưu trú ước tính thu về khoảng 17 triệu USD (khoảng 447,6 tỷ đồng), trong khi tiêu dùng dịch vụ và ăn uống ước tính đạt quy mô khoảng 2,18 triệu USD (khoảng 57,4 tỷ đồng).

Hiệu quả kinh tế mà BTS mang đến cho mỗi quốc gia, vùng lãnh thổ là rất lớn và được chính quyền địa phương quan tâm. Phía tổng thống Mexico tuyên bố nhóm sẽ trở lại nước này trong năm 2027, khiến cho công chúng tin rằng đã có cuộc đàm phán thành công tại Cung điện Hoàng gia hôm trước. 

Đứng trước những ""con số biết nói"" về kinh tế, nhiều quốc gia khác cũng đang trông đợi nhóm nhạc 7 thành viên này ""ghé qua"", cũng như gia tăng đêm diễn để đẩy hiệu quả tối ưu.",4528,125,71,,https://www.facebook.com/hhsb.vn/posts/pfbid0PSFG7FZUDkrjXLRNmxVPBnDVFNpSKqPsYEm4Fzb7Msb4HSNQ3uRe6mM9zs1CqiDrl,1036.0,218.0,0.0,0.0,0.0,0.0
🚦 Đèn xanh đèn đỏ bị hỏng mà người lái xe vẫn chạy thì có bị xử phạt?,65,1,1,,https://www.facebook.com/phapluattp.vn/posts/pfbid0rxF4R3FsQwVVYNs2J4tsfMptAMKq6cA5UuDqx5t4Ls7mU1AefGXyCsiNwva85vYEl,69.0,18.0,0.0,1.0,0.0,0.0
9 thiết bị công nghệ đáng chú ý trong tháng 5-2026 👇,22,1,0,,https://www.facebook.com/phapluattp.vn/posts/pfbid0sme7zETAAiyTiCbLhU6cR2FbsnKYd2HtLWUsn3hha5oUzzAGXaQ3qgFpQWasD2kxl,52.0,12.0,0.0,0.0,0.0,0.0
Khánh thành Trường Tiểu học Trần Đại Nghĩa: Điểm sáng trong chiến dịch 1.000 phòng học của TP.HCM,251,1,2,,https://www.facebook.com/phapluattp.vn/posts/pfbid0KNnknJMNf2pkU3XzqM1JkM9EYJ2Z6uC6bZexFunMBHkdQ3Hp3gKvXrzruchPfcXMl,97.0,18.0,0.0,0.0,0.0,0.0
"KHÔNG CHỈ 680 GIA ĐÌNH, PHAN ĐÌNH TÙNG VÀ LOẠT KOL CŨNG KHÔNG THỂ BỎ LỠ NGÀY HỘI THÔI NÔI KỶ LỤC CỦA NUTREN JUNIOR 💙🔥

📸 Cuối tuần vừa rồi, ba mẹ có thấy không khí ""Ngày hội Thôi nôi"" phủ sóng khắp mạng xã hội không? Lướt đâu cũng thấy vibe ""ông hoàng sinh nhật"" Phan Đinh Tùng cực cháy trên sân khấu, rồi đến cặp bài trùng bố Long Chun & bé Cốm sôi nổi khắp sân bóng Đạm Whey, Trinh Phạm cùng bé Phô Mai vui vẻ trải nghiệm các trạm kỹ năng,...

🌈 Sự đổ bộ của dàn hot mom, hot dad này đã khuấy động không gian, tạo nên những khoảnh khắc ""chiếm sóng"" tiệc thôi nôi ấn tượng hơn bao giờ hết! Có thể nói, đây là đại tiệc thôi nôi độc nhất vô nhị khi lần đầu tiên hội tụ tận 500 gia đình cùng tham gia 🎂

🏆 Đứng sau đại hội hoành tráng này chính là Nutren Junior cùng đối tác Con Cưng, đồng hành cùng con từ những bước đầu đời và tạo nên Ngày hội Thôi nôi có nhiều bé tham gia nhất Việt Nam!

👇 Ba mẹ có tấm hình check-in cùng con tại ngày hội không? Khoe ngay dưới comment nhé!

#NutrenJunior #CongThucBIG #NgayHoiThoiNoi",1189,441,0,,https://www.facebook.com/hhsb.vn/posts/pfbid02Lh1xWYFuE4V1DYe4ZyT3avV3hmU196hBxYhbtpD7sZivzAjbWyoPX1Uq8BVbrLp8l,1019.0,218.0,3.0,2.0,0.0,3.0
"Giữa ồn ào của Miu Lê sử dụng trái phép maithuy, nữ diễn viên Phi Thanh Vân - người từng đóng cùng trong phim Những Thiên Thần Áo Trắng đã có những chia sẻ vào lúc 1h về ""cô học trò nhỏ trên màn ảnh"". Đây cũng là bộ phim đưa Lê Ánh Nhật đến với nghệ thuật.

Nguyên văn bài viết: 

""1h sáng

Có những tin tức đọc xong… tự nhiên ngồi lặng rất lâu.

Không ngủ được.

Nhớ về một cô bé nhỏ ngày nào trong đoàn phim “Những thiên thần áo trắng”… ánh mắt trong veo, cười rất vô tư, lúc nào cũng ríu rít kể chuyện đời, chuyện nghề cho chị nghe.

Em từng kể chị nghe chuyện tự dưỡng tóc…  
Rồi tự làm tóc giả luôn vì chưa có điều kiện đặt tiệm.

Cái cách em cười khi kể mấy chuyện đó làm chị nhớ mãi.

Ngày đó em đúng kiểu một đứa trẻ rất hồn nhiên… rất trắng… như một đám mây nhỏ.

Rồi thời gian qua nhanh thật…

Cô bé ngày nào thành ngôi sao.  
Có nhiều bản nhạc hit. Có phim. Có cả một sự nghiệp mà bao người mơ ước.

Mỗi lần em ra sản phẩm mới chị vẫn nghe.  

Mỗi lần ai nhắc về em chị vẫn tự hào:

“Con bé đó từng đóng chung với chị…”

Nhiều lần ngồi nói chuyện với anh Lê Hoàng, Chị và Anh đều nhắc về em, vui lắm.  
Kiểu vui của một người nhìn thấy đứa em nhỏ mình từng thương nay trưởng thành và thành công bằng chính nỗ lực của nó.

Nên hôm nay…

những thông tin đang lan truyền……hicccc… chị không giận.

Chị tiếc!…

Tiếc cho một tài năng.  
Tiếc cho một hành trình đẹp.  
Tiếc cho cô bé từng rất nhiều mơ ước ngày nào.

Maithuy thật sự đáng sợ

Nó không phá người ta trong một ngày.  
Nó kéo người ta đi khỏi chính mình từng chút một.

Showbiz áp lực là thật.  
Cô đơn là thật.  
Mệt mỏi là thật.

Nhưng xin các em trẻ đừng bao giờ nghĩ chất kích thích sẽ cứu được mình.

Không có đâu…

Nó chỉ lấy đi ánh mắt trong trẻo ban đầu…  
Lấy luôn cả tương lai mà mình đã mất bao năm để xây dựng.

Hôm nay chị không muốn viết để phán xét ai.

Chỉ tự nhiên nhớ em.  
Nhớ cô học trò nhỏ năm nào của “Những thiên thần áo trắng”.

Nếu em đọc được…

Thì chị chỉ muốn nói:

Nếu mệt quá thì nghỉ.  
Nếu sai thì đối diện.  
Nếu lạc đường thì quay lại.

Một sai lầm không nên là dấu chấm hết của cả cuộc đời.

Chị vẫn mong em bình an.

Và chị vẫn nhớ em của ngày xưa…  
Rất trắng.  
Rất thật.  
Và đầy khát vọng… 🤍""",26890,992,327,,https://www.facebook.com/hhsb.vn/posts/pfbid02TyLHFVTV5DCbiijy2qSXuSgs5CidtxUJ5B396E3ZqxFtoSsFbsdTwU36JrA9EuWzl,2199.0,475.0,1.0,0.0,0.0,0.0
"KARIK phản ứng trước thông tin sai sự thật về mình trên 1 kênh truyền thông liên quan đến anh và Miu Lê: ""Tôi viết như vậy khi nào? Đùa vậy không vui!""",9969,468,32,,https://www.facebook.com/hhsb.vn/posts/pfbid032AwCbKBP83AbMkQ2m6Tr84KZ9dUDiuh1w8EhHQvLshUu7mhB3NgsMtZyz39gSaTBl,151.0,33.0,1.0,1.0,0.0,0.0
Được cả đôi nhà nó đều thích hóng hớt cơ mà!,1279,101,52,,https://www.facebook.com/hoiyeuchomeo.tv/posts/pfbid0FLCvWyBUXC4UAEsZZbvfniyi7NKgoy5V12A1X7hYnousB9ymtdeSiNMMTSD6CJQVl,44.0,11.0,1.0,0.0,0.0,0.0
"Cố tình trồng hoa, hoa không nở
Vô tình hít thở, lại tăng cân.
Nguồn ảnh: Văn Như
Cre: #Ki",2859,187,95,,https://www.facebook.com/hoiyeuchomeo.tv/posts/pfbid025s6bjy7b5wtNi1M46tC3m2N5UHbcFvqgboUNqJiyutQpkkS9WV8zFFKXBqwpYPbsl,90.0,20.0,0.0,0.0,0.0,1.0
"Thiên thần hạ phàm nhà mi nè Sen, mang chúc chích ra mời thiên thần đi nà!
Cre: Mai Sơn
#Ki",3171,247,81,,https://www.facebook.com/hoiyeuchomeo.tv/posts/pfbid02SK1WBW9AQj96xv228NwYgmFZP6wJZU4sBchkcqqwYddN7m5zLwyLp1EmwjE3Nfcnl,91.0,21.0,1.0,0.0,0.0,1.0
"Ca sĩ Phương Thanh có những chia sẻ của bản thân về công việc, những cám dỗ của nghề cũng như ""lấy sự việc của người khác làm bài học kinh nghiệm rồi tìm cách tránh & né cho chinh mình"". 

Cô cũng chia sẻ lý do 15 năm qua buông bỏ danh lợi vì ""sợ sa chân - do tâm trí mình còn non dại không trờ tay kịp""",5844,222,89,,https://www.facebook.com/hhsb.vn/posts/pfbid01FeDHd2b6ouHnqgKzyfD1ijte27BDJWjsUJLVp43WWUtgwkTuWT6Lq6GpUxTp6FAl,303.0,70.0,0.0,0.0,0.0,0.0
"Vụ việc Miu Lê bị bắt cùng 5 người khác tại Hải Phòng vì sử dụng trái phép maithuy đã trở thành tâm điểm MXH chiều ngày 11/5. Bên cạnh các kênh thông tin truyền thông MXH, các kênh Bộ Công An, Thông Tin Chính Phủ cũng đưa tin về sự việc này. 

Trên Google, lượng người tìm kiếm về Miu Lê tăng đột biến lên hơn 5000%, từ khoá liên quan đến cô dẫn đầu Google Trends với 200 nghìn lượt tìm kiếm.

Trên trang đo lường tương tác MXH, Miu Lê nhanh chóng lên top 4 chỉ trong vài giờ với hàng chục nghìn bài đăng thảo luận và gần 500 nghìn tương tác.",10235,555,68,,https://www.facebook.com/hhsb.vn/posts/pfbid02mVKC3g7jrVziG6k9PT6FAHEnbBM44vZDCiBbfUi6gQ6gCJAR1WNWtwU1xrsRuQCKl,542.0,116.0,0.0,0.0,0.0,0.0
"Sơn Tùng M-TP tiếp tục tung hint: Một chữ C khổng lồ được tạo thành bởi rất nhiều mặt nạ. Dân mạng đang đoán đây là hint về nghệ sĩ quốc tế, có chữ cái bắt đầu là C sắp hợp tác với nam ca sĩ",5083,558,39,,https://www.facebook.com/hhsb.vn/posts/pfbid0U1r2XNiTrjYaxZL8dri4mAYzMxiLohjfXZGpyMFNuF2XvU3BoEAGkKpaqYg73QDZl,190.0,46.0,0.0,0.0,0.0,0.0
"LCK Roadshow 2026 đã khép lại sau 3 ngày bùng nổ cảm xúc! Không chỉ đơn thuần là một giải đấu, sự kiện lần này còn cho thấy Việt Nam hoàn toàn có thể trở thành điểm đến lớn của Esports quốc tế trong tương lai.

Từ những trận đấu đỉnh cao, bầu không khí cuồng nhiệt cho đến sự kết nối của cộng đồng fan, tất cả đã tạo nên một cột mốc đáng nhớ cho esports Việt. Cộng đồng có thêm niềm tin để hy vọng một ngày nào đó được chứng kiến một kỳ Chung kết Thế giới thực sự diễn ra tại Việt Nam.

Đồng hành cùng hành trình ấy, TV360 không chỉ xuất hiện với vai trò thương hiệu tài trợ mà còn góp phần tạo nên một không gian lễ hội nơi đam mê game, âm nhạc và văn hoá cộng đồng được lan toả mạnh mẽ hơn bao giờ hết.

Hẹn gặp lại ở những sân khấu còn bùng nổ hơn nữa!",2520,6,0,,https://www.facebook.com/hhsb.vn/posts/pfbid02qwbYNz4jSy7ozPcNNxQWbP1DYbP9vobGAXrheeXAqcG8L66A79W2NaGsy3tFQswbl,755.0,169.0,2.0,0.0,0.0,0.0
"Lý do Yoongi hỏi liệu Mexico có sân vận động nào lớn hơn nữa không, khi mà số khán giả đứng bên ngoài sân vận động Estadio GNP Seguros để ""nghe ké"" vào các ngày 7, 9 và 10/5 (theo giờ địa phương) lần lượt là 30 nghìn, 40 nghìn và 70 nghìn người. 

Trước đó, hơn 150 nghìn vé đã được ""bán sạch"" cho 3 đêm diễn tại Mexico của BTS. Ở buổi giao lưu qua ban công của Cung điện Hoàng gia, BTS cũng chào đón hơn 50 nghìn fan",3008,83,50,,https://www.facebook.com/hhsb.vn/posts/pfbid022r2u76GrujekGeVbeaRuzRXb3kWR4y2sP79HSQ5Qrkdfcs4vD2eksUiJtQPPfZM3l,417.0,92.0,0.0,0.0,0.0,0.0
"Lê Ánh Nhật (tức ca sĩ Miu Lê) bị bắt quả tang cùng nhóm bạn sử dụng maithuy tại một bãi biển ở Cát Bà.

Khoảng 12h30 ngày 10/5, từ tin báo của người dân, công an kiểm tra khu vực bãi tắm ở thôn 2 Cát Bà, đưa 6 người nghi sử dụng maithuy về trụ sở.

Trong nhóm này, Trần Đức Phong (35 tuổi, trú Hà Nội) bị nghi là người chuẩn bị M-D-M-A, Me-thamphetamine và Ke-tamine. Đoàn Thị Thúy An (36 tuổi, trú Cát Bà, hai quốc tịch Việt Nam và Mỹ) chuẩn bị địa điểm.

Những người tham gia còn lại là Lê Ánh Nhật (ca sĩ Miu Lê, 35 tuổi, trú TP HCM), Vũ Khương An (31 tuổi, trú TP HCM, hai quốc tịch Việt Nam và Canada), Trần Minh Trang (30 tuổi, trú Hà Nội) và Vũ Tài Nam (24 tuổi, Bắc Ninh).

Kết quả xét nghiệm nhanh cho thấy 6 người dương tính. Trong đó, Phong, Nam, An và Nhật dương tính với Me, Ke và M-D-M-A.

Công an TP Hải Phòng đang tiếp tục làm rõ sự việc.

Theo: VnExpress",25775,1988,472,,https://www.facebook.com/hhsb.vn/posts/pfbid02NjjF45J2CmvVAGPKXoV6DH4fRz4oZ16vw9iTgci1vCbc5wgL8P5hf3e2W3ZN6gRml,872.0,188.0,0.0,0.0,0.0,0.0
"(PLO)- Tuyến đường dài hơn 36 km sẽ được mở rộng lên 16 làn xe, kết nối từ Vành đai 1 đến nút giao Cầu Giẽ, kỳ vọng trở thành trục giao thông hiện đại bậc nhất cả nước.

#plo #baophapluattp #baophapluattphcm",33,1,0,,https://www.facebook.com/phapluattp.vn/posts/pfbid02nvKAyhiTR6YMGvQqnJbaJVeFthAt6TjL54K2zMJLP8Wv4HcQtfehBsy81xqKd7wPl,207.0,42.0,0.0,0.0,0.0,3.0
"(PLO)- UBND TP Hà Nội cho biết toàn thành phố đang triển khai công tác giải phóng mặt bằng (GPMB) đối với khoảng 1.428 dự án, trong đó có 27 công trình, dự án lớn, trọng điểm nhằm khơi thông nguồn lực đất đai, thúc đẩy phát triển hạ tầng và tăng trưởng kinh tế - xã hội của Thủ đô.

#plo #baophapluattp #baophapluattphcm",23,1,0,,https://www.facebook.com/phapluattp.vn/posts/pfbid0v98qWA2K9GeowGPuXJEhT2hUAJeEf7MCG4syGbHFssXPnuMncpFk4yyC8mR3y4Z4l,320.0,64.0,0.0,0.0,0.0,3.0
"(PLO)- Bộ Công Thương yêu cầu các cửa hàng xăng dầu phải hoàn tất chuyển đổi và triển khai bán xăng E10 đúng lộ trình từ ngày 1-6, tuyệt đối không để xảy ra tình trạng trì hoãn hoặc gián đoạn nguồn cung.

#plo #baophapluattp #baophapluattphcm",194,1,4,,https://www.facebook.com/phapluattp.vn/posts/pfbid0RL17pw4yEZDiXTwe4txjyGkcqVmmqKAo7VaUzYHRGquV1VJ3Qhq21zYtx6x81QsNl,242.0,46.0,0.0,0.0,0.0,3.0
Tao chán mày quá Tom🙄🙄 Chẳng làm được chuyện gì ra hồn!,858,55,37,,https://www.facebook.com/hoiyeuchomeo.tv/posts/pfbid03PpBY4ALf6fPwGX9ZYaygM9dgFZFaoX8u4fuwGWyU359Vy9jAH763GpgwJVSJXUXl,55.0,12.0,1.0,0.0,0.0,0.0
"Có những ngày bực bội kinh khủng Nhưng soi gương thấy mình đẹp nên tha thứ cho cả thế giới!
#Ki",2912,235,134,,https://www.facebook.com/hoiyeuchomeo.tv/posts/pfbid04HoFkXR4ZT9LixviiuC1jBVs1E7AhxuCu5Grv8avtKtJF8PEMPJo1hQF9PEsF1NXl,95.0,21.0,1.0,0.0,0.0,1.0
"(PLO)- Hai dự án thành phần thuộc cao tốc Bắc-Nam qua tỉnh Đắk Lắk đã thông xe toàn tuyến.

#plo #baophapluattp #baophapluattphcm",59,1,0,,https://www.facebook.com/phapluattp.vn/posts/pfbid0iZbvdxA8bnQJhHMFGW6mEbQbsQ3TjqSmwf2a9EXdVuJ1RpgeLRp12eM6Eunaw4w4l,129.0,22.0,0.0,0.0,0.0,3.0
"(PLO)- Tọa đàm “Pháp lý về sử dụng năng lượng tiết kiệm, hiệu quả"" do Báo Pháp Luật TP.HCM tổ chức sẽ diễn ra vào sáng ngày 20-5, với sự tham gia của các cơ quan quản lý nhà nước, ngành điện, chuyên gia pháp lý...

#plo #baophapluattp #baophapluattphcm",19,1,0,,https://www.facebook.com/phapluattp.vn/posts/pfbid05yeiBMJEDj2CUq2fx1ihm2jpXHJtVQYvjKy3syheHpTYfHy7mw8gygwuTe9WLS9ql,252.0,49.0,0.0,0.0,0.0,3.0
"(PLO)- Ông Huỳnh Xuân Long, Chánh án TAND tỉnh Đồng Tháp được điều động, bổ nhiệm giữ chức vụ Chánh án TAND tỉnh Vĩnh Long.

#plo #baophapluattp #baophapluattphcm",169,1,5,,https://www.facebook.com/phapluattp.vn/posts/pfbid02eFQFARAJGoGR1Qz5w1DEocBaMicaM5cLbfEjDiAqMZi2PCzaXQD5NLHyfirZcXZwl,162.0,28.0,0.0,0.0,0.0,3.0
"Mới đây, công ty quản lý lên tiếng về những luồng thông tin lan truyền trên mạng xã hội liên quan đến nghệ sĩ Miu Lê:

""Hiện tại, phía công ty đang khẩn trương phối hợp cùng các cá nhân và đơn vị liên quan để tiến hành xác minh thực hư, cũng như xử lý sự việc một cách chính xác và khách quan nhất.

Công ty hiểu rằng Quý vị đang rất quan tâm và lo lắng. Tuy nhiên, để đảm bảo tính xác thực và bảo vệ quyền lợi của tất cả các bên, chúng tôi sẽ sớm đưa ra thông tin phản hồi chính thức ngay khi có kết luận cuối cùng từ các cơ quan chức năng.

Chúng tôi hiểu rằng việc trả lời thắc mắc của Quý vị là điều cấp bách và cần độ chính xác, chính thống. Rất mong Quý anh chị thấu hiểu và dành cho công ty thêm thời gian để hoàn tất quá trình xác minh một cách chính xác nhất""",7279,504,57,,https://www.facebook.com/hhsb.vn/posts/pfbid0R3qfAwNKqSzJqypdD2bqFg3zVrKPjmfGrgtkUZiiLXWyqB3Mx15mBM7Ai7LCPBHYl,768.0,172.0,0.0,0.0,0.0,0.0
"Sau ồn ào của Miu Lê mới đây, những hình ảnh trong MV Yêu Anh của cô và ca sĩ Chi Dân viral trở lại, với câu chuyện chàng trai mắc kẹt ở trong chiếc lồng sắt và cô gái đã vượt qua nhiều khó khăn để bước vào những chiếc song sắt hội ngộ với anh.",9337,697,128,,https://www.facebook.com/hhsb.vn/posts/pfbid02sYRbmFbAZZW4RdzWh2m55JkNYX2K9KJ9Hrz6UDkzuRaSF92Cquotp96r7onQQX6El,244.0,57.0,0.0,0.0,0.0,0.0
"Lê Ánh Nhật (SN 1991, tức ca sĩ Miu Lê) làm việc với cơ quan công an liên quan đến nghi án sử dụng trái phép chất maithuy.

Công an xã Cát Hải (TP Hải Phòng) đã nhận được tin báo của quần chúng nhân dân về việc một số đối tượng có hành vi tổ chức sử dụng trái phép chất maithuy. 

Qua kiểm tra, lực lượng chức năng xác định nhóm đối tượng có hành vi sử dụng trái phép chất maithuy gồm: Lê Ánh Nhật (SN 1991, tức ca sĩ Miu Lê, trú tại TP.HCM); Vũ Khương An (SN 1995, trú tại TP.HCM); Trần Đức Phong (SN 1993, Hà Nội) và 3 đối tượng khác.

Qua test nhanh, lực lượng chức năng xác định ca sĩ Miu Lê cùng Phong và An dương tính với maithuy.

Hiện, lực lượng chức năng đang tiếp tục xác minh, làm rõ, xử lý theo quy định của pháp luật.

Theo: VOV",53982,6386,1163,,https://www.facebook.com/hhsb.vn/posts/pfbid034eDeqDPh96tL2NBUmavmTE4WrUnTn3LFEstw2fnWZKJgZNDqASKPMbxrm7T1qLtWl,741.0,161.0,0.0,0.0,0.0,0.0
"(PLO)- Tehran tuyên bố sẽ đưa Mỹ và Israel ra tòa quốc tế vì cáo buộc t.ấ.n c.ô.n.g 149 di tích văn hóa và bảo tàng tại 20 tỉnh của Iran, trong đó có 5 di sản UNESCO.

#plo #baophapluattp #baophapluattphcm",168,1,3,,https://www.facebook.com/phapluattp.vn/posts/pfbid02akpMVhmTzJ1Uf3gSp1z7TjN6zTQPmQa3VseadRW1ofMaMKhmgB5KHbE8DdvmpynEl,205.0,41.0,0.0,0.0,0.0,3.0
"(PLO)- Cơ quan CSĐT Công an TP.HCM đang tìm chủ sở hữu hai xe máy hiệu Nouvo là vật chứng trong vụ án làm giả con dấu, tài liệu của cơ quan, tổ chức xảy ra tại phường Bình Đông.

#plo #baophapluattp #baophapluattphcm",94,1,6,,https://www.facebook.com/phapluattp.vn/posts/pfbid0W7qHgX7d1LaBxAHLMgkBPBYEvZALgdq1n9z6SxjR4wmMPihexgTZC4thY5Qo3dERl,216.0,43.0,0.0,0.0,0.0,3.0
"(PLO)- Đang trên đà để sửa chữa thì 3 tàu cá mang số hiệu của TP.HCM bất ngờ bị cháy.

#plo #baophapluattp #baophapluattphcm",40,1,1,,https://www.facebook.com/phapluattp.vn/posts/pfbid0qKZKXKuGX65XKZj5WLzjwCyB2o9Rosxo6LV3b8gVG8NdT6zCoCsRXjvn8gvYN5FFl,124.0,23.0,0.0,0.0,0.0,3.0
"ĐIỀU KHÔNG CẤM NHƯNG CŨNG ÍT AI DÁM LÀM: KHI 5 THÀNH VIÊN CỦA CORTIS CHỤP ẢNH BÌA W KOREA VỚI 5 LUXURY BRAND KHÁC NHAU

✨ KEONHO: GUCCI
✨ MARTIN: YSL
✨ SEONGHYEON: LOEWE
✨ JAMES: PRADA
✨ JUHOON: DIOR",6982,276,256,,https://www.facebook.com/hhsb.vn/posts/pfbid0mSFtoDtDHykyG7q4cw72SCgnH3gmzhNGeyuYcizkeoDkE3hS6BtsAvtLMKuwfvfel,199.0,41.0,0.0,0.0,0.0,0.0
"🐄 Cuối cùng cũng có lời giải cho câu hỏi: Bò có biết bay không?!

Không chỉ biết bay, sữa của giống đặc biệt này trong phim điện ảnh ""Bò Sữa Bay"" còn có khả năng chữa lành vết thương và trẻ hoá, hứa hẹn mang đến một câu chuyện vừa kỳ lạ vừa đầy bất ngờ trên màn ảnh rộng 👀

Bên cạnh concept độc lạ, bộ phim còn gây chú ý khi quy tụ những gương mặt đang được yêu thích như Nguyễn Hùng, Võ Điền Gia Huy cùng dàn cast trẻ Lãnh Thanh, Ngọc Xuân, Huy Tít…

🐮 Bò Sữa Bay dự kiến khởi chiếu 06.11.2026

#BoSuaBay",1271,9,7,,https://www.facebook.com/hhsb.vn/posts/pfbid025jtX3MfMyVfqL471gX2TH5bvzqN5LRsfoNy7GvvVaCC7NNEZMcxPodeEmgEtf2hKl,505.0,110.0,1.0,1.0,0.0,1.0
"Tổng cộng hơn 100.000 người hâm mộ đã tham dự buổi concert cháy vé ngày thứ 2 của BTS tại Mexico, biến toàn bộ khu vực thành màu tím.

Con số này bao gồm hơn 40.000 người hâm mộ tập trung bên ngoài sân vận động, một đám đông khổng lồ đủ để lấp đầy một sân vận động khác.",5484,117,71,,https://www.facebook.com/hhsb.vn/posts/pfbid02jtvUCDcQTCcEbsQJGVvq5H4Tb7EiSS9uMBnzkw8MvvwYDKkJAzRRqfC7XLHECMnAl,270.0,60.0,0.0,0.0,0.0,0.0
"Những anh em có người iu vào xác nhận cho ad đi nà!
Ad chưa có ny nên hông có biết nha!
#Ki",2829,447,70,,https://www.facebook.com/hoiyeuchomeo.tv/posts/pfbid02Akw8DU2k5PbxNdDg1PE4SG3jiGUiYZhDFjLBmUzFWJdA1XFTyKRCQaVgzEopaoDSl,91.0,23.0,2.0,0.0,0.0,1.0
"Nhìn mặt có khác gì cái mâm không?
#Ki",869,119,57,,https://www.facebook.com/hoiyeuchomeo.tv/posts/pfbid0TFizSGAQxKmRiUVCbLNMYDfFAbLM4cGcs1aHgzhxjqV1mjMgJMfZHJxm9NnCfSr1l,38.0,9.0,0.0,1.0,0.0,1.0
Rất khớp nhạc👍👍😂,514,126,49,,https://www.facebook.com/hoiyeuchomeo.tv/posts/pfbid0sPFb5T6G1eh8BK1M93A1q6aytsrsR6BSy9CvNQe2R4zJFok18Pb67jMHVvr68XBSl,16.0,3.0,0.0,0.0,0.0,0.0
"(PLO)- Nhu cầu về việc sử dụng tạm thời lòng đường, vỉa hè của người dân để phục vụ kinh doanh, sản xuất ở TP.HCM tăng mạnh hơn 200%.

#plo #baophapluattp #baophapluattphcm",61,1,2,,https://www.facebook.com/phapluattp.vn/posts/pfbid0ynM9r7gScNb2URXmRCkfUnnv6WM8mDTUzTbq5XEK3ddPQ5eZ7WX1etKCqRpUbUYQl,172.0,32.0,0.0,0.0,0.0,3.0
"(PLO)- Theo thông tin từ đài truyền hình Al Hadath của Saudi Arabia, Iran được cho là đã đưa ra ý tưởng này như một phần trong đề xuất hòa bình mới nhất của họ gửi tới Mỹ.

#plo #baophapluattp #baophapluattphcm",95,1,0,,https://www.facebook.com/phapluattp.vn/posts/pfbid0VvhE55mi9ooQsXCnoS7RfsM3qosxMocBYRU9NHr8xyz1mP4xNrTkv57U4Mx77e8Hl,210.0,41.0,0.0,0.0,0.0,3.0
"Lãnh đạo Đảng, Nhà nước vào Lăng viếng Chủ tịch Hồ Chí Minh",298,1,7,,https://www.facebook.com/phapluattp.vn/posts/pfbid02BQwRRzgK9cxXMiCR1218xjZr7F883ftxC6dLhQbMZ3Xdcw8AQcrtbe9HrjdeYmzVl,59.0,13.0,0.0,0.0,0.0,0.0
"Tóc Tiên hoạt động thiện nguyện đến thăm các bệnh nhi ở mái ấm nhân dịp sinh nhật của mình. Nữ ca sĩ chia sẻ:

""Nếu bạn tin vào chuyện tốt, thì chuyện tốt sẽ đến🌸
Nếu bạn tin vào duyên lành, thì duyên lành sẽ nên🎀""",1298,44,5,,https://www.facebook.com/hhsb.vn/posts/pfbid0VYk48M51YqzvaCBdPWuxLPbhnNhCfg7Msw8pbNFRN6XtPmkD1izmEMpCUkNvPF2Hl,214.0,47.0,0.0,0.0,0.0,0.0
"Mới đây, nam ca sĩ Duy Mạnh vừa xuất hiện trở lại nhạc đàn với MV Cứ Như Vậy Đi Em. Anh chia sẻ bản thân đã tập nhảy liên tục 2 tháng, giảm 5kg (từ 76kg xuống còn 71kg) và đó là một thử thách không hề dễ với người ở tuổi U50 như anh. 

Mặc dù Duy Mạnh khẳng định làm những điều đó để quay MV mới, nhưng những sự thay đổi mạnh mẽ về hình tượng từ sâu lắng trầm mặc sang trẻ trung năng động, khiến cho nhiều dân mạng trên Threads nghi anh là ""sít rịt"" chưa tung hint của show Anh Trai Vượt Ngàn Chông Gai 2026. 

Về phần mình, Duy Mạnh phát hành EP mới ""Vì tình yêu mà em trân trọng"" gồm tổng cộng 5 MV được phát hành theo hình thức mỗi tuần ra mắt một sản phẩm. Trong đó, Cứ như vậy đi em là MV mở màn cho toàn bộ dự án. 

Một trong những điểm nhấn đáng chú ý nhất của EP lần này chính là sự xuất hiện của con gái anh - ca sĩ trẻ Cầm. Không chỉ góp mặt trong dự án âm nhạc mới của bố, Cầm còn có màn song ca cùng Duy Mạnh trong bản hit kinh điển Vì tình yêu mà em trân trọng - ca khúc từng gắn liền với thanh xuân của nhiều thế hệ khán giả Việt.",1695,31,5,,https://www.facebook.com/hhsb.vn/posts/pfbid02eP3dxbzXFvJLK43Tfx1K7M6wjamJXwb1tApaCevGjt4z6j73od8evgZ2Qp5yUdgfl,1044.0,240.0,0.0,0.0,0.0,0.0
"TOÀN CẢNH DRAMA GIA TỘC SINGHA ĐÌNH ĐÁM THÁI LAN: Thiếu gia Psi Scott khóc nức nở tố bị anh trai ""X-HT-D"", diễn viên Mind Lapassalan bất ngờ vướng tai bay vạ gió dù đang mang thai

Dư luận Thái Lan rúng động trước đoạn clip đẫm nước mắt của Psi Scott (Siranat Scott) - người được biết đến là thành viên của một gia tộc danh giá Singha. 

Theo lời kể của Psi Scott, anh từng nhiều lần bị chính anh trai ruột có hành vi XHT-D nghiêm trọng khi còn là một thiếu niên, trong suốt hơn chục năm. Đáng chú ý, anh khẳng định mọi người trong gia đình đều biết rõ sự việc này vì họ đã nghe đoạn băng ghi âm lời thú tội của người anh. 

Thế nhưng, điều khiến anh đau lòng nhất là không một người lớn nào trong dòng họ đứng ra bảo vệ hay giúp đỡ. Việc anh phải tự mình gồng gánh mọi thứ là vì không còn sự lựa chọn nào khác.

Chưa dừng lại ở đó, nam thiếu gia cho biết thêm, hiện tại anh đang phải đối mặt với vụ kiện tụng từ chính mẹ ruột để đòi lại số tài sản mà ông ngoại đã trao cho. Khi anh cố gắng tìm kiếm sự giúp đỡ từ các bậc trưởng bối trong dòng họ về những bất công mình phải chịu đựng, anh lại bị trách móc là ""đứa con bất hiếu"" và bị yêu cầu phải đi xin lỗi mẹ. 

Ngay sau khi đoạn clip của Psi Scott bùng nổ trên mạng xã hội, sự việc càng trở nên ồn ào hơn khi Mind Lapassalan - diễn viên nổi tiếng và là vợ của Pi Sunith Scott (anh trai Psi Scott) - bất ngờ trở thành mục tiêu công kích của một bộ phận cư dân mạng.

Dù đang trong thời kỳ mang thai đứa con đầu lòng, trang cá nhân của Mind Lapassalan vẫn nhận hàng loạt bình luận gay gắt và chất vấn. Nhiều người liên tục để lại các câu hỏi như: ""Chị đã xem tin tức chưa?"", ""Những gì anh Psi kể là sự thật hả?"", ""Đang đợi bên này lên tiếng"", ""Ai đó làm ơn đòi lại công bằng cho Psi Scott với""... 

Tuy nhiên, giữa tâm bão, vẫn có rất nhiều khán giả tỉnh táo lên tiếng bảo vệ nữ diễn viên. Họ cho rằng sự việc này xuất phát từ góc khuất trong quá khứ giữa Psi Scott, anh trai và mẹ ruột, hoàn toàn không liên quan trực tiếp đến Mind Lapassalan.

Hiện tại, ồn ào này vẫn đang là tâm điểm chú ý của truyền thông. Người hâm mộ vẫn đang chờ đợi những phản hồi chính thức và rõ ràng hơn từ những người trong cuộc để sự việc sớm được làm sáng tỏ.",4711,313,344,,https://www.facebook.com/hhsb.vn/posts/pfbid02TwUaJozDTAgJonUXitRbUBDPVHh2yZY8hHthsExCP6cou6X7uWsvi7ThSZ8UYpb2l,2192.0,480.0,0.0,2.0,0.0,0.0
Khộ thân con tôi! Khộ thân! Nhưng vẫn đáng yêu lắm nha con!,722,58,40,,https://www.facebook.com/hoiyeuchomeo.tv/posts/pfbid02UxZPqgwPYGT8dS2tTTsiADtAWY82hSiKvULGCTxHfQELVXVAxkzdXDhXmeY9LW94l,59.0,13.0,3.0,0.0,0.0,0.0
"Ai cho mầy tranh quạt của tao hả Sen:))))))
Cre: Tiktok",826,87,61,,https://www.facebook.com/hoiyeuchomeo.tv/posts/pfbid021PHYcaxeexVYocLZ7bpS3V8imZwpMMuAdQ7ry9rp2fPi2hrLaieUqsNiUyNmLxvgl,55.0,11.0,0.0,0.0,0.0,0.0
"Con này nó bị ngáo chó rồi Sen ạ!
#Cre: Yêu Lu
#Ki",1086,103,79,,https://www.facebook.com/hoiyeuchomeo.tv/posts/pfbid02Bhdmwd2eJHCqH5QzEsMm77ALKiZw7E8WPiuBM2HqUPSfZUV8Ky4soYJ2vNg5dWLl,50.0,13.0,1.0,0.0,0.0,2.0
"TOÀN CẢNH SÂN KHẤU OCB OSUNFEST: MÀN HÌNH LED HOÀNH TRÁNG DÀI 130 MÉT, KHÔNG GIAN 360 NGẮM IDOL LUNG LINH DƯỚI MỌI GÓC ĐỘ CHÍNH THỨC LỘ DIỆN 👀✨ 

Không còn lăn tăn khoảng cách xa-gần bởi mỗi góc đều là một trải nghiệm bùng nổ. Từ những màn tương tác cận sân khấu đến không khí cuồng nhiệt giữa biển người,  mỗi vị trí đều là một trải nghiệm đáng nhớ tại OSUNFEST 🎉

Sẵn sàng chào đón 8 nghệ sĩ SOOBIN, HIEUTHUHAI, CHI PU, QUANG HÙNG MASTERD, RHYDER, PHÙNG KHÁNH LINH, PHÁP KIỀU, UPRIZE làm nên một mùa hè bất tận 🤩 Không còn nỗi lo chen chúc khi số queue bảo đảm công bằng ở mọi nơi! Cỡ này không FANZONE thì CAT cứ múc thôi!!!

━━━
Music Concert OSUNFEST
📅 06.06.2026 (Thứ bảy)
📍 Vạn Phúc City, TP.HCM

#OSUNFEST #OSun #OCB #OCB30  #NganHangPhuongDong #BinhMinhThinhVuong",779,177,71,,https://www.facebook.com/hhsb.vn/posts/pfbid033J8i8JkqMmuk1mw8tuaNkZh5fsxLSGdR91dbKroFKPH7Jj7GjxnEHY6jccLKiKsnl,772.0,149.0,4.0,0.0,0.0,6.0
"Khi chị Mai mở sự kiện ký tặng sách nhưng anh Dũng mua nước mía mang qua để hàn huyên tâm sự: 

Phim: Bóng Ma Hạnh Phúc - Tập cuối",6988,316,61,,https://www.facebook.com/hhsb.vn/posts/pfbid0X89k6k9Gkn4NVKKZqfHirY2VzKwsqwHNmvZwT28MbZWVg2LAFbhapzu2mnqxVd3sl,130.0,30.0,0.0,0.0,0.0,0.0
"Theo hệ thống công khai điện tử của Cơ quan Giám sát Tài chính vào ngày 10 tháng 5 năm 2026, công ty quản lý của cô, OA Entertainment đã trả cho nữ nghệ sĩ tổng cộng khoảng 17,4 triệu USD (gần 460 tỷ đồng) thù lao trong hai năm qua. 

Con số này bao gồm 10,4 triệu USD được trả vào năm 2024 và khoảng 6,9 triệu USD được trả vào năm ngoái, cho thấy cấu trúc tài chính hiệu quả mà cô đã xây dựng kể từ khi hoạt động độc lập.

Kể từ khi rời YG Entertainment để thành lập OA Entertainment, Jennie đã kết hợp thành công tầm nhìn sáng tạo của mình với mô hình kinh doanh mang lại doanh thu cao. Doanh thu hàng năm của công ty tăng 26%, đạt 23,8 tỷ won. 

Mặc dù lợi nhuận hoạt động có giảm tạm thời do đầu tư chủ động vào cơ sở hạ tầng nhân sự và mở rộng kinh doanh, nhưng quỹ đạo tăng trưởng tổng thể của công ty vẫn rất mạnh mẽ. Hiện tại, Jennie sở hữu 100% cổ phần của công ty, do mẹ cô làm CEO. 

Thành tích tài chính này bắt nguồn từ vị thế của Jennie như một biểu tượng toàn cầu hàng đầu. Hiện tại, cô được lên lịch là nghệ sĩ chính (headliner) tại bảy lễ hội âm nhạc quốc tế lớn, có tầm ảnh hưởng mạnh mẽ khắp Bắc Mỹ, Châu Âu và Châu Á. Đặc biệt, cô là nghệ sĩ K-pop duy nhất được chọn vào danh sách ""100 người có ảnh hưởng nhất năm 2026"" của tạp chí TIME . 

Các chuyên gia trong ngành cho rằng thành công của Jennie là một trường hợp điển hình về việc một nghệ sĩ đạt được sự độc lập và lợi nhuận chưa từng có bằng cách tách khỏi hệ thống quản lý truyền thống của các công ty lớn để xây dựng phong cách và thương hiệu riêng.",3481,197,38,,https://www.facebook.com/hhsb.vn/posts/pfbid0Pri9HtG621Q7kvyHTLKX1KtXcSTxgruAY5NwfWYJkQvExuioLkpvfuwbFr1DrE7bl,1527.0,335.0,0.0,0.0,0.0,0.0
"(PLO)- Một phái đoàn hùng hậu quan chức trong nội các, lãnh đạo tập đoàn, ngân hàng sẽ tháp tùng Tổng thống Nga Vladimir Putin trong chuyến thăm cấp nhà nước tới Trung Quốc lần này.

#plo #baophapluattp #baophapluattphcm",123,1,5,,https://www.facebook.com/phapluattp.vn/posts/pfbid0BVkBk8nZS1BGcoSmx3uL4DoMsssdXVbgJeDzhrnBtJQENJAgFA2sgGdRaq8vamVgl,220.0,39.0,0.0,0.0,0.0,3.0
"📰 Mời quý bạn đọc xem báo in số 103, phát hành ngày hôm nay (19-05-2026), dưới bình luận 👇

#plo #phapluattp #baophapluattp #epaper",8,1,0,,https://www.facebook.com/phapluattp.vn/posts/pfbid02jWkdV5Q9zaw2uN48NuALiEVQJuEhPt2H75WuSAXv2ixMCvZKXEgZgN7mrtq5p2wWl,131.0,24.0,0.0,0.0,0.0,4.0
Bí thư Thành ủy TP.HCM Trần Lưu Quang dẫn đầu đoàn đại biểu dâng hoa viếng Bác,214,1,4,,https://www.facebook.com/phapluattp.vn/posts/pfbid0gKRaLNWmz63NwZSEP7kR8gYLVJq8PhEahVMkBLWjveejnrTpg7QZLSLNrVgoa9TTl,78.0,17.0,0.0,0.0,0.0,0.0
"Tóm tắt tập cuối của phim Bóng Ma Hạnh Phúc bằng 2 câu thoại của Mai (Lê Phương): Vẫn tốt để phút cuối cùng đối với Trang (Ngân Hoà), và vẫn trân trọng 20 năm hôn nhân với Dũng (Lương Thế Thành). Ai sai với cô, tự họ đã nhận kết cục thích đáng.",5649,231,79,,https://www.facebook.com/hhsb.vn/posts/pfbid02ccwB37KFEWYdzzwX7wAspBccpFJwHoo66Wws4W4gGwDnMhPyDUX4NZr56btpVVtEl,244.0,54.0,0.0,0.0,0.0,0.0
"“Sít rịt” Binz bất ngờ xuất hiện tại Sao Nhập Ngũ Concert 2026

Fan: Bùi Công Nam ""cầm đầu"" Binz tại Concert 😬",2942,63,13,,https://www.facebook.com/reel/756105534158220/,110.0,23.0,0.0,0.0,0.0,0.0
"Khoảnh khắc HIEUTHUHAI ngoài biển trong video mới đây, đang viral trên MXH:",4394,200,27,,https://www.facebook.com/hhsb.vn/posts/pfbid0df14V2xZ7HWCPdzJQJREsvphBaKLbU4Di7JZKWasHoz7wRsv3w4kN8QJFi4Evu4Cl,75.0,13.0,0.0,0.0,0.0,0.0
Công an Khánh Hòa công bố đường dây nóng tiếp nhận tố giác vi phạm quyền sở hữu trí tuệ 👇,39,1,2,,https://www.facebook.com/phapluattp.vn/posts/pfbid02Zsvbg2RPXgirTSxx9hxhZVrYzktxJaR7G7fGXYGYcCcPnMXsjkBbWHW2WZRvNEEDl,89.0,21.0,0.0,0.0,0.0,0.0
"(PLO)- Tại đoạn cao tốc sát khu vực thi công ở Quảng Ngãi, bụi phát tán dày đặc, có thời điểm phủ mù mịt.

#plo #baophapluattp #baophapluattphcm",35,1,1,,https://www.facebook.com/phapluattp.vn/posts/pfbid0sEQYWGbcesHUWTWiVE6CnBZYT5odePu3DLw1YydLnyprXAAK81L3tjyE1qpgRwUol,144.0,27.0,0.0,0.0,0.0,3.0
"(PLO)- Trung tâm Kiểm soát và Phòng ngừa Dịch bệnh Mỹ (CDC) cho biết một công dân Mỹ tại Cộng hòa Dân chủ Congo đã nhiễm virus Ebola và Mỹ đang áp dụng biện pháp sàng lọc sân bay để ngăn chặn lây lan.

#plo #baophapluattp #baophapluattphcm",29,1,4,,https://www.facebook.com/phapluattp.vn/posts/pfbid0MsbupGmdWoWN4vQg3XRbVBPCHQovEcddFuroUjnwTd79ruTurh8X4UomNfPFM6fWl,239.0,47.0,0.0,0.0,0.0,3.0
"Chúng m nói xem lương của t ở đâu?
#Ki",980,122,45,,https://www.facebook.com/hoiyeuchomeo.tv/posts/pfbid02b8LBudT4smyiH4GF24pWGJZNtb9VfJvvTAi1E5bHrFXt9aYqQvZ4igKKRYPnsQHzl,38.0,10.0,0.0,1.0,0.0,1.0
"Em thật là phiền nhưng mà anh thích <3
Cre: Yêu lu
#Ki",724,20,29,,https://www.facebook.com/hoiyeuchomeo.tv/posts/pfbid0LfGfrX5fohoi9m5Mb7MxtH1wzEqCnu8kqRxZhdeuyzGopC8CaDkDk7nxfdxSBU4hl,54.0,13.0,0.0,0.0,0.0,1.0
"Niềm vui cuối ngày sau 1 ngày bị khách, sếp hành!
#Cre: Welax 
#Ki",1217,41,17,,https://www.facebook.com/hoiyeuchomeo.tv/posts/pfbid02SpVjYDvK529wc3DZexWP5CF3hx3hozcm62FGsT25gLP72mF2nK6ve8xzmy3qmN7gl,66.0,14.0,1.0,0.0,0.0,2.0
"(PLO)- Mỗi phần mộ xây mới, chủ đất bán với giá 7-8 triệu; nếu lo trọn gói bao gồm san lấp, làm đường, xây kè, xây mộ giá là 30-50 triệu/phần.

#plo #baophapluattp #baophapluattphcm",90,1,2,,https://www.facebook.com/phapluattp.vn/posts/pfbid02N1gZEp5gwczy6SSF3A6sYW2zBEmXkL18yC5RhTi1fLxRdvzkt1ehVuVTACoNTVTUl,181.0,34.0,0.0,0.0,0.0,3.0
"(PLO)- Cho doanh nghiệp nhỏ và vừa vay vốn dựa trên dữ liệu và dòng tiền được đánh giá là phù hợp nhưng cần xây dựng hạ tầng dữ liệu kết nối và doanh nghiệp cần minh bạch tài chính.

#plo #baophapluattp #baophapluattphcm",14,1,0,,https://www.facebook.com/phapluattp.vn/posts/pfbid0AoLY79Xww6p5uvwDz71TQh2NdpKXLZfvFzv7fHSimumX2C2rwcSTUULTP17tosHWl,220.0,43.0,0.0,0.0,0.0,3.0
"(PLO)- Xảy ra vụ xả s.ú.n.g tại Trung tâm Hồi giáo San Diego ở bang California (Mỹ), khiến 3 người t.h.i.ệ.t m.ạ.n.g, 2 nghi phạm thiếu niên được cho là đã t.ự s.á.t.

#plo #baophapluattp #baophapluattphcm",95,1,4,,https://www.facebook.com/phapluattp.vn/posts/pfbid02KDqHvTZh6mZdbt8KYy9rZ5wqjEEzWbU777J4MNhMQuVeLPJqDMXtSQ5cGidweJzal,205.0,36.0,0.0,0.0,0.0,3.0
"(PLO)- Việc học và làm theo tư tưởng Hồ Chí Minh phải trở thành áp lực tự thân để mỗi cán bộ dám nghĩ, dám làm, tạo ra những giá trị thực chất cho người dân.

#plo #baophapluattp #baophapluattphcm",34,1,4,,https://www.facebook.com/phapluattp.vn/posts/pfbid0Lv89MKN7uKDNs6wzFwVc4xvUSR72n1Thj5xjzxczj8Gt82XddDNGyhBMKJdCSbA6l,196.0,39.0,0.0,0.0,0.0,3.0
"(PLO)- Mỹ gia hạn thêm 30 ngày cơ chế miễn trừ trừng phạt dầu Nga nhằm giúp đỡ các quốc gia dễ bị tổn thương do cuộc chiến ở Iran.

#plo #baophapluattp #baophapluattphcm",55,1,3,,https://www.facebook.com/phapluattp.vn/posts/pfbid0dNcudQ7G1hWtX8hqi3KrdpvttCkNwVchCqgrnh2oJUWT3YQFfFKbC1KrBA1qZKN8l,169.0,33.0,0.0,0.0,0.0,3.0
"(PLO)- Tổng Bí thư, Chủ tịch nước Tô Lâm yêu cầu kiến tạo mô hình tăng trưởng mới, đưa Đồng Nai vượt khỏi giới hạn của một trung tâm công nghiệp truyền thống.

#plo #baophapluattp #baophapluattphcm",116,1,7,,https://www.facebook.com/phapluattp.vn/posts/pfbid0Lwm8f83dzESEHGWQ6Gpb9rttJXa5QueHJcpTRAHFBx4KobibjUNRR1M3frw6TYv7l,197.0,36.0,0.0,0.0,0.0,3.0
Toàn cảnh chiếc màn hình LED cực to chiếu hình ảnh mặt nạ của Sơn Tùng M-TP tại toà nhà chọc trời ở TP.HCM khiến cộng đồng fan trầm trồ choáng ngợp 🔥,5006,283,53,,https://www.facebook.com/hhsb.vn/posts/pfbid0VhomTw5CmKL3W37GKYjV2i5KaxBvJxiVMx3sJDXxKFvJCGZQomgES2zXwL8whLAXl,149.0,33.0,0.0,0.0,0.0,0.0
"Sau 24 giờ Sơn Tùng M-TP thay ảnh đại diện trên trang, dù không phải chân dung chính chủ, chỉ là hình chiếc mặt nạ nhưng lượng tương tác vẫn vượt qua chiếc avatar của đợt comeback gần nhất hồi 2024. Trong đó, lượng người chia sẻ (share) gấp 8 lần.",8693,439,44,,https://www.facebook.com/hhsb.vn/posts/pfbid0386qZ3WqgZLKxNWEHM4UjttRKKbDgXFKvHv9NeK8dXpLgmGqj7nzHFpShmofidfBQl,247.0,51.0,0.0,0.0,0.0,0.0
"Gì mà dễ trúng quá vậy nè, dạo quanh check var xíu thôi mà thấy anh em khoe trúng giải quá trời. 

Tầm này đi Bật lon Coolpack, săn Tiger vàng là có lời nha anh em. 

#TigerBeer #BatLonCoolPack #SanTigerVang #HợptáccùngHeinekenViệtNam",885,134,0,,https://www.facebook.com/hhsb.vn/posts/pfbid0AMEh3wnutgsfLvnSJjYuF9zHooqv49Q4386ug7thSLUL56HVRKdwwXYFzhjhK3rbl,234.0,41.0,0.0,0.0,0.0,4.0
"Đây đích xác là Mèo nhà cậu Bảnh rồi nha! Múa quạt điêu luyện thế này cơ mà!
#Ki",280,11,11,,https://www.facebook.com/hoiyeuchomeo.tv/posts/pfbid02Vs68yAxz5pYLhwC5mpkdTsM5Tx5Jzhie3dkwtdsABCLc1iQzPHGHXRexvsb4ERKdl,80.0,19.0,2.0,0.0,0.0,1.0
"Nhặt liêm sỉ lên đi em ơi!
#Ki",3075,338,66,,https://www.facebook.com/hoiyeuchomeo.tv/posts/pfbid0w6HdFjobovVQ6aT34tpai25PzR9TqdNujUZmDXBJ9VZ6KwBE6iTViHYusfHShmqSl,30.0,8.0,1.0,0.0,0.0,1.0
"Papa em đấy á 🤣🤣🤣
Nhìn mặt thằng con mà tháy cuwngg!
Cre: Tiktok
#Ki",612,39,24,,https://www.facebook.com/hoiyeuchomeo.tv/posts/pfbid02xth2K2nt4aR5SMUpuuGcyCncDrihJG7nU1rD7RRCsWoh39m46WAR8d3fGnpqks5tl,68.0,15.0,1.0,0.0,0.0,1.0
"(PLO)- Theo lời mời của Chủ tịch Trung Quốc Tập Cận Bình, Tổng thống Nga Vladimir Putin sẽ thăm cấp nhà nước tới Trung Quốc trong hai ngày 19 và 20-5.

#plo #baophapluattp #baophapluattphcm",56,1,3,,https://www.facebook.com/phapluattp.vn/posts/pfbid02tyKFK5S7CLNnDDyqNFc9LiNNGBMDFURA1Mn7Gc3LByPpoj5YnruoPBRroB4TXmV5l,189.0,34.0,0.0,0.0,0.0,3.0
"(PLO)- Tổng Giám đốc Tập đoàn Năng lượng Nguyên tử Quốc gia Liên bang Nga (Rosatom) Alexey Likhachev nói rằng tình hình xung quanh Nhà máy điện hạt nhân Zaporizhzhia đang trở nên nghiêm trọng do các cuộc t.ấ.n c.ô.n.g của Ukraine.

#plo #baophapluattp #baophapluattphcm",59,1,3,,https://www.facebook.com/phapluattp.vn/posts/pfbid02srSjvh7yk5G4mrZTKtfYHfmSvdifWu2bfPbM5gjnxi6mkswyhTQXfCYYqYBKkDAKl,269.0,45.0,0.0,0.0,0.0,3.0
"(PLO)- Nam tài xế xe tải thừa nhận do thiếu quan sát, nhìn nhầm biển báo nên đã điều khiển xe đi ngược chiều gần 500 m trên đường Liên Phường, TP.HCM.

#plo #baophapluattp #baophapluattphcm",96,1,1,,https://www.facebook.com/phapluattp.vn/posts/pfbid02YGDsE8rkz9FtoZEuen55uCx7vQv5vADpgV7XesMiu9Aj2xdSQpZvXDigzprdDRxzl,189.0,35.0,0.0,0.0,0.0,3.0
"Người hâm mộ Sơn Tùng M-TP đang chờ đợi những hint tiếp theo cho màn comeback sau 700 ngày ""lặn sâu""",7434,430,87,,https://www.facebook.com/reel/2123907675009626/,100.0,21.0,0.0,0.0,0.0,0.0
"Jimin, Suga, Jungkook và Jin đi xem đấu vật, đeo mặt nạ đố bạn nhận ra ai là ai 😎🥹",4743,94,35,,https://www.facebook.com/hhsb.vn/posts/pfbid02KN2MdfAnjDo7vDpft4PSUDNshhFcu29L9Qock6SLCAnYFgZqUHJNuuT5ZfD3QSxEl,82.0,20.0,0.0,0.0,0.0,0.0
"Nam diễn viên Nine Naphat Siangsomboon mở lòng trong một cuộc phỏng vấn về mối quan hệ với mẹ ruột là 'Moo Pimpaka' (hay còn gọi là Mẹ Moo). 

Anh thừa nhận cả hai đã không liên lạc với nhau cả năm trời, tuyên bố hiện tại đã 30 tuổi nên xin phép được tự chọn con đường sống của riêng mình và đây sẽ là lần cuối cùng anh nhắc đến chuyện này.

Nine Naphat trải lòng rằng từ sau buổi họp báo lớn lần trước cho đến nay, anh và mẹ không hề liên lạc với nhau. Hiện tại mỗi người có một cuộc sống riêng và anh mong mọi người tôn trọng sự riêng tư này. Anh coi đây là lần lên tiếng cuối cùng để làm rõ mọi thắc mắc.

Nam diễn viên chia sẻ: ""Từ buổi họp báo lớn lần trước, chúng tôi đã không còn liên lạc nữa. Tôi cũng có cuộc sống của riêng tôi, mỗi người tự sống cuộc đời của mình. Tôi mong mọi người tôn trọng điều này. Bản thân tôi năm nay cũng 30 tuổi rồi, trưởng thành rồi, tôi muốn được hạnh phúc nên xin phép tự chọn con đường đời cho mình. Như đã nói, chuyện này sẽ ám ảnh tôi không dứt, mà tôi lại là người rất xem trọng sức khỏe tinh thần và trái tim của mình. Tôi muốn được hạnh phúc và tin rằng đã đến lúc tôi phải được hạnh phúc, tôi cũng mong tất cả mọi người đều được hạnh phúc.""

Ngoài ra, Nine cũng tuyên bố rằng bản thân hiện không còn độc thân, vì đang tìm hiểu một cô gái ngoài ngành giải trí. Nhưng anh xin phép không chia sẻ chi tiết vì muốn giữ sự riêng tư cho nhà gái.

""Tôi SOLD OUT rồi ạ. Hiện tại tôi đang quen một người ngoài ngành. Tôi muốn mọi thứ diễn ra tự nhiên, cứ từ từ từng bước một, muốn giữ mối quan hệ này ở trong một không gian riêng tư. Và tôi cũng muốn dành sự riêng tư cho cô ấy cũng như gia đình của cô ấy nữa.""",6846,364,116,,https://www.facebook.com/hhsb.vn/posts/pfbid02kQJPbyGt2V5vxr2FcAA1Aa5oKencRAYRC3f9nCJtqjGxAddaJSRQLAkExYRUQmCkl,1647.0,363.0,0.0,0.0,0.0,0.0
"(PLO)- Tổng Bí thư, Chủ tịch nước Tô Lâm dự Lễ công bố thành lập Thành phố Đồng Nai và trao Huân chương Lao động hạng Nhất cho Đảng bộ, chính quyền và Nhân dân thành phố Đồng Nai.

#plo #baophapluattp #baophapluattphcm",327,1,17,,https://www.facebook.com/phapluattp.vn/posts/pfbid024x2AGEg24DMKrHHLrcjnVvYhewbBnLagoBPUFHiVYCoDGW3zxmd9pQ5Afaf2hWHhl,218.0,42.0,0.0,0.0,0.0,3.0
"(PLO)- Thủ tướng Chính phủ và Đại sứ Nga đã trao đổi và thống nhất về các phương hướng và biện pháp thúc đẩy hợp tác song phương trên tất cả các lĩnh vực.

#plo #baophapluattp #baophapluattphcm",54,1,2,,https://www.facebook.com/phapluattp.vn/posts/pfbid0V5L9cEzUgwCNeBhP4qg9WtRqdbXWBKGaU9T67pyz8NYSvZxLScQrbr6c7gEmCYgPl,193.0,37.0,0.0,0.0,0.0,3.0
"(PLO)- Thấy cháu bé quấy khóc, người phụ nữ bế,  n.é.m mạnh cháu xuống nệm trải dưới nền nhà nhiều lần khiến bé chấn thương sọ não, t.ử v.o.n.g sau đó. 

#plo #baophapluattp #baophapluattphcm",180,1,8,,https://www.facebook.com/phapluattp.vn/posts/pfbid0v9Ts5zvjmXJ7xcL11twp8wjsp6TdzccvGbVPWrtMP5KQ69YRH5HFE3JjWXkAxfp3l,191.0,34.0,0.0,0.0,0.0,3.0
"Thứ Mèo kém sang, m giỏi, mày hay rồi!",2001,132,50,,https://www.facebook.com/hoiyeuchomeo.tv/posts/pfbid02dTCtEgudaLG6y9UtdXKuBfdaAMQb59HBhWuNKbYkLAXLNMTUbbWaM14c9XyMMcc4l,38.0,9.0,1.0,0.0,0.0,0.0
"Ta không ngủ ngáy, ta thở đó 🤤😴
Cre: An Lê Nguyễn
#Ki",1652,219,126,,https://www.facebook.com/hoiyeuchomeo.tv/posts/pfbid02E2CJ3vdGnPY9J81DALjGxzUhYJJgdo45hsLNQNfaHiFtVduQynhxcgTUVY58bxzql,53.0,13.0,0.0,0.0,0.0,1.0
"Mỏi chân sương sương..
Tu luyện 900 năm rồi quý dị ạ!! :""))
Cre: Tuyết Nhi Trần",849,67,49,,https://www.facebook.com/hoiyeuchomeo.tv/posts/pfbid036V8pbdH41jcyKV4iSPYdiphGW8jkaFSWFjFUS2YhAjXBSE2kfKs5CAWwL4EqUEf5l,79.0,17.0,2.0,0.0,0.0,0.0
"Love Language của phụ nữ U40

Người ta tặng hoa lấy lòng crush
Tôi quyết trở thành ""boss"" để tặng deadline cho cô ấy
Vì tôi là U40 nổi loạn",1474,31,6,,https://www.facebook.com/hhsb.vn/posts/pfbid02ymh7WutjSyjdYskdnnS4HWx7dzYLBwn9QNJxGxCTu4JZp3pZSotWTBHsuVfrVTA4l,139.0,30.0,0.0,0.0,0.0,0.0
"FIFA vừa thông báo các ngôi sao toàn cầu LISA, Katy Perry, Future, Anitta, Rema và Tyla sẽ là những nghệ sĩ chính biểu diễn tại lễ khai mạc World Cup 2026 ở Los Angeles vào thứ Sáu, ngày 12 tháng 6.

Ngoài ra sẽ còn các nghệ sĩ nổi tiếng thế giới khác sẽ được công bố sau.

Lần đầu tiên trong lịch sử FIFA World Cup khi ba lễ khai mạc hoành tráng diễn ra tại Thành phố Mexico (11 tháng 6), Toronto và Los Angeles (12 tháng 6), khi Canada, Mexico và Hoa Kỳ cùng nhau khai mạc sự kiện thể thao lớn nhất hành tinh.

Tại Toronto, lineup biểu diễn khai mạc bao gồm Alanis Morissette, Alessia Cara, Elyanna, Jessie Reyez, Michael Bublé, Nora Fatehi, Sanjoy, Vegedream, William Prince.

Còn tại Mexico, Alejandro Fernández, Belinda, Danny Ocean, J Balvin, Lila Downs, Los Ángeles Azules, Maná và Tyla là những ngôi sao trình diễn khai mạc.",2709,130,23,,https://www.facebook.com/hhsb.vn/posts/pfbid0mmoiKVysUEyf5BFbghbMgSWTk3VGXrj9kvZ5dw9ifdk1GMNRLpVK7bg43e59UTiFl,836.0,159.0,0.0,0.0,0.0,0.0
Fan hiểu vợ chồng Son Ye Jin và Hyun Bin quá mà 🤣,9470,59,26,,https://www.facebook.com/hhsb.vn/posts/pfbid0RXMse1ZXnWBgtdAjd2Hr4jyqPeGuavXb55JPsCfger44iaK6rwsmifTe1bFadcyvl,49.0,13.0,0.0,0.0,0.0,0.0
Chính thức thông xe toàn tuyến cao tốc Biên Hòa - Vũng Tàu,120,1,5,,https://www.facebook.com/phapluattp.vn/posts/pfbid0rGAQvfGahnuVQx6X3JWP3zCeEU6aLNQuLkynnKGr8kueEMEY6QME9GscbfHNpM8xl,58.0,13.0,0.0,0.0,0.0,0.0
"(PLO)- Theo cấp phúc thẩm, bị cáo Đoàn Hữu Lượng - Chủ tịch HĐTV Công ty TNHH Khoa học TSL giữ vai trò chính, cầm đầu và trực tiếp hưởng lợi từ việc cấp phiếu kiểm nghiệm giả.

#plo #baophapluattp #baophapluattphcm",159,1,6,,https://www.facebook.com/phapluattp.vn/posts/pfbid02wjkAeo92yKrrze9uABMsZb6zrw1KWZWLk9rXFFCnatXqVtU6WDLXVueauAiW98zpl,214.0,41.0,0.0,0.0,0.0,3.0
"(PLO)- Lâm mang theo máy in màu, máy tính xách tay rồi chạy xe điện dọc nhiều tỉnh, liên tục thuê nhà nghỉ để in thêm tiền giả mang đi tiêu thụ.

#plo #baophapluattp #baophapluattphcm",676,1,17,,https://www.facebook.com/phapluattp.vn/posts/pfbid0cRgp5TUd3UzmoSFpkfysZviCuyvbeUKfCcLc9Cz7oZ7yyzfg6bUYeUDFMUwt9K9El,183.0,35.0,0.0,0.0,0.0,3.0
Đề xuất bỏ hình phạt t.ử h.ì.n.h với hàng loạt tội danh 👇,186,1,6,,https://www.facebook.com/phapluattp.vn/posts/pfbid02yRpHr2XkVAix3fB1EtaWaqowV6g4SJGTY7cPd57YZUh3Ht1xXaEKfMS2bwWE1gdJl,57.0,13.0,0.0,0.0,0.0,0.0
"(PLO)- Chủ tịch Quốc hội Trần Thanh Mẫn lưu ý không để xảy ra tình trạng bộ máy đã được sắp xếp nhưng cách làm vẫn cũ, giảm đầu mối về hình thức nhưng lại phát sinh thêm khâu trung gian, phân công nhiệm vụ nhưng không xác định rõ trách nhiệm.

#plo #baophapluattp #baophapluattphcm",118,1,7,,https://www.facebook.com/phapluattp.vn/posts/pfbid0qP43D3hA4jUVq2tq6T9z39K3Me4pkmn37g7YLvkMbdaZtVeFdfyHZjx15TwZNRRnl,281.0,55.0,0.0,0.0,0.0,3.0
"(PLO)- Trận động đất 5,2 độ richter tại tỉnh Quảng Tây (Trung Quốc) ngày 18-5 đã khiến 2 người t.h.i.ệ.t m.ạ.n.g, hơn 7.000 người sơ tán, nhiều công trình đổ sập.

#plo #baophapluattp #baophapluattphcm",81,1,6,,https://www.facebook.com/phapluattp.vn/posts/pfbid02SeSzKaV3fDEgyeqCgiLvLQPdvyii8tC15uLFxXkRYNVjdQMX5t1QX9L1Yw4ja9Xol,201.0,34.0,0.0,0.0,0.0,3.0
"Màn ""đụng hàng"" đặc biệt: Khi Yoona và Suzy diện cùng mẫu váy nhà mốt Alex Perry với hai phong cách trang điểm, tóc và phụ kiện khác nhau trên thảm đỏ Baeksang Awards 2025",2587,76,11,,https://www.facebook.com/hhsb.vn/posts/pfbid02zqwaHCTAnACQw7nghwZ253uHyaxq4hdaMRP283QTQeeQKBiDqxNmWXtqrVTMCMRtl,171.0,35.0,0.0,0.0,0.0,0.0
Khi Hyun Bin cảm ơn vợ con lúc nhận giải Thị Đế Baeksang 2026 và nụ cười hạnh phúc rạng rỡ của Son Ye Jin trong lúc nghe chồng nhắc tới hai mẹ con 😍,9956,104,44,,https://www.facebook.com/hhsb.vn/posts/pfbid0o5NyDkFuuHZXEWdTXjcxonKGhdYwF8uKrutiP892x8omR5Q8jvcUmztCjLEE6Pvsl,148.0,35.0,0.0,0.0,0.0,0.0
"Phí Phương Anh vừa chia sẻ bức hình chiếc mặt nạ phi hành gia với dòng trạng thái: ""coming soon"", báo hiệu một tháng 5 mà Vbiz có nhiều màn comeback rộn ràng 👽👽👽",1498,54,2,,https://www.facebook.com/hhsb.vn/posts/pfbid025es9S2wjGbDnhCZ3PUAqdryzMJpGNnv646MLHmdeQAzXWNaHgRJh2QZ5RtD61WP8l,161.0,34.0,0.0,0.0,0.0,0.0
"(PLO)- Phó Bí thư Thường trực Thành ủy TP.HCM Lê Quốc Phong đã trao Huy hiệu 80 năm tuổi Đảng tặng cụ Nguyễn Văn Thơ tại nhà riêng.

#plo #baophapluattp #baophapluattphcm",64,1,3,,https://www.facebook.com/phapluattp.vn/posts/pfbid0nT1iBVa4bVVweMSDa5J3U58D4GBzXe3ScqLk3bkiDcVW4xwH79MCAyji7pSHsvQdl,170.0,31.0,0.0,0.0,0.0,3.0
"(PLO)- Khi mức lương cơ sở tăng lên 2,53 triệu đồng từ ngày 1-7, mức tiền lương làm căn cứ đóng BHXH bắt buộc cũng được điều chỉnh. Trong đó, mức tối đa để đóng BHXH là 50,6 triệu đồng/tháng.

#plo #baophapluat #baophapluattphcm",64,1,2,,https://www.facebook.com/phapluattp.vn/posts/pfbid02niC5VCwUN9bUXryCd2NiC2LqnHtNFvic7s33M8u3rgfsDZDeuo3wyPgDfFMZPGLRl,228.0,43.0,0.0,0.0,0.0,3.0
"(PLO)- Đại tướng Lương Tam Quang, Ủy viên Bộ Chính trị, Bộ trưởng Bộ Công an dự lễ công bố thành lập Công an Thành phố Đồng Nai. 

#plo #baophapluat #baophapluattphcm",214,1,9,,https://www.facebook.com/phapluattp.vn/posts/pfbid022PpfoDVrG4MrJteiV3LJeytLdToYGNJUsvD3dGdgDMv5rwXRkyHf1za2RjjnBMwpl,166.0,31.0,0.0,0.0,0.0,3.0
"(PLO)- Sau 12 giờ tiếp nhận tin báo về vụ đột nhập t.r.ộ.m máy tính tại trường học, Công an phường Tây Thạnh, TP.HCM, đã bắt giữ thủ phạm và thu hồi tài sản.

#plo #baophapluattp #baophapluattphcm",142,1,3,,https://www.facebook.com/phapluattp.vn/posts/pfbid02kv1GHrvUhkDQNbV3nYVvbABHM1sLSH361aGmCP6gdVmw9MrPqJ4cEdSV6icJWJY9l,196.0,37.0,0.0,0.0,0.0,3.0
"(PLO)- Công an xác định Lê Dương Nghĩa có liên quan đến cái c.h.ế.t của bà T tại nhà nghỉ Kiều Vy ở phường Ba Ngòi, hiện người này không rõ tung tích.

#plo #baophapluat #baophapluattphcm",220,1,5,,https://www.facebook.com/phapluattp.vn/posts/pfbid034MjAbNnd7j8CXxe6oRjYqaiDJPBgxZR67pS7iNUtR8M1tqAvCepHvQzCAtKfr4nbl,187.0,36.0,0.0,0.0,0.0,3.0
"(PLO)- Chủ cơ sở sửa chữa lốp ô tô khai nhận hành vi cạo xoá số điện thoại đường dây nóng trên cao tốc là do có mâu thuẫn với cơ sở sửa lốp ô tô khác.

#plo #baophapluat #baophapluattphcm",178,1,0,,https://www.facebook.com/phapluattp.vn/posts/pfbid0ktofz6ADmD7F8WDQHWrfDcPMTJNVZsUSGW9sqoMjVVCdj2LY5Rrz4JphbHMZYkzEl,187.0,40.0,0.0,0.0,0.0,3.0
"Hyun Bin đã giành giải Thị Đế Baeksang (Nam diễn viên xuất sắc nhất) cho màn trình diễn trong phim ""Made in Korea"" và Son Ye Jin ngồi bên dưới cầm điện thoại quay chồng nhận giải với ánh mắt đầy tự hào 💞",8296,171,34,,https://www.facebook.com/hhsb.vn/posts/pfbid02UGv4StL6hVz8AN2WHecViwEdxmTQ3E9qJjCWcZYkmLGufqZ8TNs8Pt6wcmp5KEVml,203.0,44.0,0.0,0.0,0.0,0.0
"CHÍNH THỨC! Mỹ Tâm Live in USA tháng 6 này

Mỹ Tâm chính thức sẽ quay trở lại Mỹ sau 2 năm với đêm nhạc My Tam Live in USA vào ngày 7/6/2026. Các khán giả hải ngoại đang rất hào hứng để gặp lại chị với hoà mình vào show diễn bùng nổ 1 lần nữa. Thời gian, địa điểm rõ ràng còn chần chừ gì mà không tham gia!!!! 

Liveshow sẽ được diễn ra vào 7pm ngày 07/06/2026 tại Pechanga Resort Casino. Vé mở bán vào 3:00 PM ngày 12/5/2026 (giờ California).

#MyTam #MyTamLiveinUSA2026",1531,27,6,,https://www.facebook.com/hhsb.vn/posts/pfbid028tpHEpqrzWTqsrVo2DnX2oqHZ9zXCb39yVvbHSeYKKxCgzCEJVMxasbumFzMULaEl,471.0,96.0,5.0,0.0,0.0,2.0
"Giữa những tranh luận gần đây xoay quanh dòng nhạc mang màu sắc yêu nước, Phúc Du trở lại sau Anh Trai Say Hi với sản phẩm kết hợp cùng Đoàn Thúy Trang, mang nhiều yếu tố Việt Nam trong phần âm nhạc lẫn hình ảnh.

Liệu ca khúc này có tạo được hiệu ứng như Tình Yêu Màu Nắng trước đó của Đoàn Thúy Trang 🤔",3167,17,18,,https://www.facebook.com/reel/1681926379749680/,304.0,67.0,0.0,0.0,0.0,0.0
"Bình tĩnh đi sen, ta đã ăn hết đâu 😒 còn chừa lại 1 chiếc mà
Làm gì căng🙄?
#Ki",4814,584,176,,https://www.facebook.com/hoiyeuchomeo.tv/posts/pfbid0uXCtZUiTiCBEXrtn8HcQhAHEpGaAL8uBBmtFaMQUCaFVSzPA27RX1d8M1oRutZ9Hl,78.0,20.0,0.0,1.0,0.0,1.0
"Làm gì để cuộc đời bớt nhạt 🤧
#Ki",2553,342,331,,https://www.facebook.com/hoiyeuchomeo.tv/posts/pfbid02ibgDSabgomgCzaBeQ4EtrdYaqEQUNt98zERpivd3mDzoGDodr71axJARDsaUwPzBl,33.0,9.0,0.0,0.0,0.0,1.0
"Có đúng thế không nào các Sen?
#Ki",1584,254,17,,https://www.facebook.com/hoiyeuchomeo.tv/posts/pfbid02UPMn2qroUTFvmUWHzvPUGfuxnnAWqkZuNUfMAmujcvnFL8ks6PK4gNWi2dMFhEvSl,34.0,8.0,0.0,1.0,0.0,1.0
"Lương cơ sở tăng lên 2,53 triệu đồng từ 1-7, người lao động hưởng bao nhiêu?",63,1,2,,https://www.facebook.com/phapluattp.vn/posts/pfbid0s2im7MCdUkKcpdVppmGQ6g4VfTTFiAZwvWVQq5PS2QFoD488ifrt7oaque9BWGZXl,76.0,16.0,0.0,1.0,0.0,0.0
"(PLO)- Sở Nội vụ TP.HCM vừa trình UBND TP dự thảo quy định đánh giá, xếp loại đối với cơ quan hành chính và công chức. Điểm nhấn đáng chú ý là đề xuất phân loại nhiệm vụ thành 5 nhóm cấp độ phức tạp để làm cơ sở ""chấm điểm"" thực chất hiệu quả công việc.

#plo #baophapluat #baophapluattphcm",53,1,1,,https://www.facebook.com/phapluattp.vn/posts/pfbid02AvysS7U1VJxMxNvcxQBDmfQoybHu9umdGnKX2PFnAKTBtFWRjzz4ePdkuvJcgTael,290.0,60.0,0.0,0.0,0.0,3.0
TP.HCM triển lãm tranh cổ động kỷ niệm 136 năm Ngày sinh Chủ tịch Hồ Chí Minh,58,1,4,,https://www.facebook.com/phapluattp.vn/posts/pfbid0bRUiUfqr4V7cjf2LiN2zvLJuetzTVguD6csx55UKQwmf8iQNr77PCbtvmo4TYyi2l,77.0,17.0,0.0,0.0,0.0,0.0
Sơn Tùng M-TP đổi avatar chiếc mặt nạ bí ẩn sau loạt dấu hiệu sắp comeback 🔥🔥🔥,4740,535,40,,https://www.facebook.com/hhsb.vn/posts/pfbid062bjWpg9HVxXwEDU2vFwH7ZDuefqNMGueHquqfjXeDSCYvpeafsVHyBDrTNK3Rk5l,78.0,17.0,0.0,0.0,0.0,0.0
"Những bí kíp quá uy tín như mở lon bằng 1 tay, gõ lon trước khi mở được hội anh em chia sẻ gần đây khi đi bật lon Coolpack đã được Neko Lê và nhiều người kiểm chứng, tầm này cứ áp dụng và thu thập khoén lon để đổi thưởng nào

Anh em cũng đừng quên đổi khoén lon trúng thưởng, kẻo bỏ lỡ là tiếc lắm nha

#TigerBeer #BatLonCoolPack #SanTigerVang #HợptáccùngHeinekenViệtNam",2399,130,0,,https://www.facebook.com/hhsb.vn/posts/pfbid0Zxx2ka3BfUbvBBJSTymH1DZuCXfWMf2gkqDG2AxA8gVS8aCau8eASYqgRgSShnDkl,370.0,74.0,0.0,0.0,0.0,4.0
"Cười xỉu khi Kim Taehyung đã tách đoàn chạy đi gọi món ""Banderilla"" ở mấy quầy đồ ăn trong lúc diễu hành IDOL! Và các thành viên đã cười lăn khi thấy V cầm đồ ăn trên tay 🤣

(Banderilla"" là một loại xúc xích tẩm bột bắp chiên)",3391,101,36,,https://www.facebook.com/reel/4504904683164231/,226.0,49.0,1.0,0.0,0.0,0.0
"(PLO)- Lực lượng Công an đã bắt giữ đối tượng t.r.u.y n.ã đặc biệt nguy hiểm Trịnh Thị Phụng Kiều để điều tra về hành vi l.ừ.a đ.ả.o chiếm đoạt tài sản.

#plo #baophapluattp #baophapluattphcm",329,1,14,,https://www.facebook.com/phapluattp.vn/posts/pfbid02YSVHDBoaFe8uXFqBuv8UZhPUxeGWVCkT4ac8qjMLLKk8CnrF9hw7ALRQDYcLe34ul,191.0,35.0,0.0,0.0,0.0,3.0
Hôm nay tổ chức Lễ công bố thành lập Thành phố Đồng Nai,151,1,6,,https://www.facebook.com/phapluattp.vn/posts/pfbid0va9PboVoahBfLDQcnRopWgersxxZRgwuTxSuDJj4Kpqb5HJnoWaxrSEqmCJDjGkEl,55.0,13.0,0.0,0.0,0.0,0.0
"(PLO)- Cơ quan chức năng đang xác minh, xử lý sau khi clip ghi lại cảnh người đàn ông chở thùng bia bị h.à.n.h h.u.n.g trên đường Phạm Hùng, xã Bình Hưng, TP.HCM đăng trên mạng xã hội.

#plo #baophapluat #baophapluattphcm",5040,14,175,,https://www.facebook.com/reel/1958991961388205/,221.0,41.0,0.0,0.0,0.0,3.0
"Nó lườm mình như kiểu mình khiến nó phải đẻ ấy 🤦‍♀️
Edit : Bố lũ này màu vàng nhé, Mỡ nhà tôi không ngoại tình 📷:))
Cre: Nguyễn Linh Anh",3208,175,28,,https://www.facebook.com/hoiyeuchomeo.tv/posts/pfbid022wPGs2FpQ6KUuNq4KHD1MVssgfbmgrJ7Ar7tAJYrksCQYyu8CFR2UG6s7mYi2YzNl,136.0,31.0,0.0,0.0,0.0,0.0
"Trả tao về với hành tinh của tao đi 😱
Cre: Tiktok",656,33,21,,https://www.facebook.com/hoiyeuchomeo.tv/posts/pfbid0cK2Rj6SNR1M4kMCbEz8wipUsQe9pRAugPwKEH6zbFdZyH1sbL7u1wvCZue4d8WEgl,49.0,12.0,0.0,0.0,0.0,0.0
"Mọi ngày vợ em nó hay cho mèo ăn, nó mặc cái váy này, nay nó đi vắng, em phải mặc váy thì mèo nó mới chịu ăn😞 . Như e có phải 1 single mom ko các Sen.
Cre: Toàn Văn Đỗ 
#Sen",1678,139,26,,https://www.facebook.com/hoiyeuchomeo.tv/posts/pfbid038DHFCEjHVMNQNvSEhYsMRbSEt1j4B7uHRwCg5KW58hbGuDXkrBpe8QWwy4fLTYopl,173.0,44.0,0.0,0.0,0.0,1.0
TP.HCM: Xuyên đêm lập lại trật đô thị tuyến đường ẩm thực Hoàng Diệu 2,377,1,5,,https://www.facebook.com/phapluattp.vn/posts/pfbid035Rkz2VUcS3xgonsCP7xDAwRWBxKA4MkqwJn9Npz6z5mPqNHH5aPZJ7y7uHZZ4uTEl,70.0,15.0,0.0,0.0,0.0,0.0
"(PLO)- Tổ chức Y tế Thế giới (WHO) đã tuyên bố đợt bùng phát Ebola mới nhất tại Cộng hòa Dân chủ Congo và nước láng giềng Uganda là “tình trạng khẩn cấp y tế công cộng gây quan ngại quốc tế”.

#plo #baophapluattp #baophapluattphcm",121,1,2,,https://www.facebook.com/phapluattp.vn/posts/pfbid02FUwbfxfHMnusVk6DDheHVxKq8VU4d5mc2hGfP9aFnixFpyC2XTz5j6Y5isrPngK9l,230.0,45.0,0.0,0.0,0.0,3.0
"(PLO)- Trần Văn Quận (trú TP.HCM) đã bị khởi tố, bắt tạm giam về tội vận chuyển trái phép gần 10 tấn quặng phóng xạ.

#plo #baophapluattp #baophapluattphcm",206,1,7,,https://www.facebook.com/phapluattp.vn/posts/pfbid02mY3Ycjz74ftFppXwKwPndD3twkYAY6joGoDXiR4FBpbMHi3pJXmDUiohUBqkfNTLl,155.0,28.0,0.0,0.0,0.0,3.0
"(PLO)- Sáng 18-5, vụ cháy kèm nhiều tiếng nổ xảy ra tại trạm biến áp ở phường An Phú Đông, TP.HCM, khói đen bốc cao hàng chục mét.

#plo #baophapluattp #baophapluattphcm",111,1,3,,https://www.facebook.com/phapluattp.vn/posts/pfbid086HydiE2wRFkPg8vngvQoVbKzrKgvuLToXxNVG8SrbWH2PENUxDz4SpVb6aDJQ5tl,169.0,31.0,0.0,0.0,0.0,3.0
Điều tra 2 vụ tàu lửa t.ô.n.g 2 công nhân đường sắt t.ử v.o.n.g,209,1,6,,https://www.facebook.com/phapluattp.vn/posts/pfbid029Gf7oMnnfgqKZcfhiBJgW7LCiJj1k4tiKkwfbdQfdyjXXXp2eQiD82efDiic3nC8l,63.0,14.0,0.0,0.0,0.0,0.0
"(PLO)- Giá dầu tiếp tục tăng sau khi một nhà máy điện hạt nhân tại Các Tiểu vương quốc Ả Rập Thống nhất (UAE) bị t.ấ.n c.ô.n.g, cũng như thông tin rằng Tổng thống Mỹ Donald Trump sẽ thảo luận các phương án quân sự liên quan Iran.

#plo #baophapluattp #baophapluattphcm",89,1,1,,https://www.facebook.com/phapluattp.vn/posts/pfbid0Q5htQmSAerS5WX8KYUNxvAQfmXS1YesXLSjCYRy9xih9rYhWH9HUNXGdueggLvk8l,268.0,51.0,0.0,0.0,0.0,3.0
"Đọc cái tagline mới của phim Anh Hùng mà thấy nghẹn nghẹn “Vì ba không bao giờ biết đau” 😭 Có lẽ đó là một siêu năng lực mà người đàn ông nào khi làm ba cũng sẽ kích hoạt được...

Phim đang chiếu tại rạp

#AnhHung #AnhHungMovie",167,22,1,,https://www.facebook.com/hhsb.vn/posts/pfbid08nvJ36zCHwsqTKZ29gKUhLZu1aoMk2YmkEQd6zjNMcvYkRnNDvTCZW4FmRbepnYMl,227.0,48.0,0.0,0.0,0.0,2.0
FAKER & KARINA - Tưởng không hợp mà hợp không tưởng: Khi Top 1 League of Legends và Top 1 Gardenscapes gặp nhau 🤭,3022,81,25,,https://www.facebook.com/hhsb.vn/posts/pfbid02Bf8sCLo1qXVyRVLgRrXbuF8Ki2PBA7wBghvRtJLtLm81FXqD9Th7b2c1mVkjFeDJl,113.0,24.0,0.0,0.0,0.0,0.0
Tóc mới của Kim Taehyung trong buổi soundcheck Day 1 ở Mexico đang viral trên X:,6220,152,53,,https://www.facebook.com/hhsb.vn/posts/pfbid02c8YJweiwhWjYauzJVgb5Fn1Ekzo8H5ihN9S5JJvCQPaQzSkzdaXR2MqDLezVHGCil,80.0,16.0,0.0,0.0,0.0,0.0
Khi Faker và Karina chung một khung hình khiến fan đòi mang ngay một kịch bản phim chứ không phải chỉ là clip quảng cáo,6022,264,86,,https://www.facebook.com/hhsb.vn/posts/pfbid0fgqeXiKNpVTuraBeRU35TA3imkXiEY8nRRhGT5hB6Y8kt5kWpHtYCKti9tuKYTQBl,119.0,25.0,0.0,0.0,0.0,0.0
"Em bé khổ s1tg: Cam ăn vội miếng bánh sợ bác Trung đòi mất 😂😂

#mevangnhabalasieunhan2026 #MVNBLSN2026 #Giadinhtruyenhinh #GrowwithMinhee",7482,21,23,,https://www.facebook.com/reel/1758832712163557/,137.0,19.0,0.0,0.0,0.0,4.0
"Chiều tối 7/5, kênh truyền thông của concert Sao Nhập Ngũ lẫn show sắp lên sóng Say Hi Rực Rỡ đồng loạt gỡ bỏ hình ảnh, video của Hải Đăng Doo trên các nền tảng MXH của mình. 

Trước đó những hình ảnh được cho là Hải Đăng Doo gây tranh cãi trên mạng, mặc dù phía đại diện quản lý phủ nhận đó là nghệ sĩ, cho rằng đó là nội dung được tạo dựng bằng AI.",7818,550,58,,https://www.facebook.com/hhsb.vn/posts/pfbid036ZBAKtZcXKXRyGjJ2Yt7MwfpPf41dbk655HLdcyWJeVoTBaad8TsL2beHpQQd6q4l,350.0,78.0,0.0,0.0,0.0,0.0
"(PLO)- Điện Kremlin cho rằng Đại diện cấp cao phụ trách chính sách đối ngoại của Liên minh châu Âu (EU) Kaja Kallas sẽ gặp nhiều khó khăn nếu trở thành đại diện đàm phán giữa khối này và Nga.

#plo #baophapluattp #baophapluattphcm",49,1,1,,https://www.facebook.com/phapluattp.vn/posts/pfbid02Yj66qEARCtM457MPf52Au1qjN7DsCYN1VjvFEp5wXDJyyU12TR5iJ6bbBTBonDptl,230.0,43.0,0.0,0.0,0.0,3.0
"(PLO)- Cầu Phước Khánh thuộc gói thầu J3-1 của dự án cao tốc Bến Lức - Long Thành đã hoàn thành 98% khối lượng, dự kiến sẽ hợp long vào tháng 6 tới. 

Xem chi tiết dưới phần bình luận 👇

#plo #baophapluat #baophapluattphcm",46,1,2,,https://www.facebook.com/phapluattp.vn/posts/pfbid0CkhStkb7RM1cSXUe1xFbcB3qiKFCABG9KgvFzuHWTPYzXmu6eWAEraZ39ZMdNWYMl,222.0,44.0,0.0,0.0,0.0,3.0
"📰 Mời quý bạn đọc xem báo in số 102, phát hành ngày hôm nay (18-05-2026), dưới bình luận 👇

#plo #phapluattp #baophapluattp #epaper",16,1,2,,https://www.facebook.com/phapluattp.vn/posts/pfbid02S1s35geYf9WGRsv5xb5FuBKzJKqJ8jkMtYbjKK1eQBBNdqTXMJYw3cfg4CsdH5EDl,131.0,24.0,0.0,0.0,0.0,4.0
"(PLO)- 2 cựu viện trưởng và nhiều Phó Viện trưởng của Viện Pháp y tâm thần Trung ương Biên Hòa hầu tòa vì ""bán"" bệnh án tâm thần cho những người phạm tội.

#plo #baophapluattp #baophapluattphcm",98,1,6,,https://www.facebook.com/phapluattp.vn/posts/pfbid02U4aJBz3Zo2hHBFEjTyNCbnggqgC6hxanFjbkbRK6FKxJyDZ8TeFiEDSWDyQ1rSMVl,193.0,36.0,0.0,0.0,0.0,3.0
"Công an xử lý 2 người thi hộ, nhờ thi hộ chứng chỉ tiếng Anh để lấy bằng thạc sĩ",550,1,30,,https://www.facebook.com/phapluattp.vn/posts/pfbid0FRtJRWRknyPGZ9TszxtEt1ZKbFLmhSBr8bbU5g7A8RRe9Af6CX2PMCHkUYdrPs4ol,80.0,20.0,0.0,0.0,0.0,0.0
"(PLO)- Chiến sự Nga-Ukraine tiếp tục leo thang; Ông Zelensky nói cục diện chiến trường đang thay đổi; Nga nói chưa nhận được tín hiệu từ Kiev về vòng đàm phán mới, nêu điều kiện để đàm phán thành công.

#plo #baophapluat #baophapluattphcm",23,0,2,,https://www.facebook.com/phapluattp.vn/posts/pfbid0i7W49Wmzin53cYipbd8sKHpT8gBaGK2XPy6625FEbH7jstFPNNuD6E1bifQGojQnl,238.0,43.0,0.0,0.0,0.0,3.0
"Không biết ai đúng ai, thằng mồm to là người chiến thắng!
Cre: Welax
#Ki",963,104,75,,https://www.facebook.com/hoiyeuchomeo.tv/posts/pfbid0tAaGwZJjHXqdFjoY6eFzXFftbArXF51GHxqRfmGLW3FQruMRFpb96X4Z542qKFDzl,72.0,15.0,1.0,0.0,0.0,1.0
"Thế gian mỹ nhân nhiều vô kể,
Mặt nọng như em được mấy người ?! 😏

---
@catsgram",1426,138,65,,https://www.facebook.com/hoiyeuchomeo.tv/posts/pfbid028siwQoJ7hzvhNdZSJazkLv12ffgFJCD7FyF9S3pxkP9gPyS3yZLF4NjaLNFdBU3Ql,80.0,18.0,1.0,1.0,0.0,0.0
"1 chút klq đến các quàng thượng, nhưng rất liên quan đến các Cháu nhà! Nhớ học thuộc để tối mai hát đi chơi Trung Thu nha!
#Ki",122,5,3,,https://www.facebook.com/hoiyeuchomeo.tv/posts/pfbid02C4wieXKtDwoKZiUHpP43TY8AJvnVNUW7dwtCHwm9NBZB1QTSwYw7hDeLZvh1unJ4l,126.0,28.0,2.0,0.0,0.0,1.0
"(PLO)- Sau khi tạt sơn pha mắm tôm vào 3 căn nhà ở TP.HCM nhằm giải quyết mâu thuẫn mua bán xe, 2 thanh niên bị công an bắt giữ.

#plo #baophapluat #baophapluattphcm",178,1,4,,https://www.facebook.com/phapluattp.vn/posts/pfbid02wFMH86udbQex39cdHoXe3bQocXPy7nk1LBmiC9rZ9XbtaSvq5sZxbrWZnj2xT29Nl,165.0,33.0,0.0,0.0,0.0,3.0
Xem chi tiết dưới phần bình luận 👇,152,1,8,,https://www.facebook.com/phapluattp.vn/posts/pfbid04b44EYfTF3QT9TrCBn9UjmLTeZS5nRzV3NeueZ9QkeS6bFNofDMtz5NL3BB3ePaxl,34.0,8.0,0.0,0.0,0.0,0.0
Ông Kim Jong-un triệu tập họp các chỉ huy quân đội Triều Tiên,161,1,4,,https://www.facebook.com/phapluattp.vn/posts/pfbid0x9LSF2hcmehFW4NcvLmLjF4T1DRhk2PzAjR8DmtnLnEXTsQSCs1wZkzZwe61ZCkml,61.0,13.0,0.0,0.0,0.0,0.0
"Thôi xong Tau roài Sen ơi!
Tau sắp thành Mèo cá sấu, mau đưa tau sang Hô - Ly - Út đóng phim đi
#Ki",2093,85,39,,https://www.facebook.com/hoiyeuchomeo.tv/posts/pfbid02A5WWTYDCmyKtz38G6aM1stEpyaVQx55xdkh5NSF3DDsrnKyhv8YTHsrHjk54wptYl,99.0,25.0,1.0,0.0,0.0,1.0
"Đa phong cách ghê vầy ta? Các mẹ cũng mua quần áo cho con đi nà!
#Ki",1736,230,174,,https://www.facebook.com/hoiyeuchomeo.tv/posts/pfbid034A44ox1PaLyTk7fUcmnW23aM5g76QRc1DgeGPXDohNd15FxLJs46Do2ARpvJ2Tml,68.0,17.0,1.0,1.0,0.0,1.0
"(PLO)- Hàng loạt vụ thịt heo c.h.ế.t, mì chứa chất cấm, thực phẩm làm từ thịt nhiễm bệnh… được phanh phui; người tiêu dùng hoang mang vì thực phẩm bẩn đang len sâu vào từng bữa ăn.

#plo #baophapluattp #baophapluattphcm",170,1,18,,https://www.facebook.com/phapluattp.vn/posts/pfbid025aH7MXFCH2SSMyaeRrKcm8CJKyo8rSTVpAQfWtNBHUfLNwmDgufhWSWuvzE2zUQel,219.0,40.0,0.0,0.0,0.0,3.0
"(PLO)- Nhà Trắng cho biết Trung Quốc dự kiến ​​mua ít nhất 17 tỉ USD sản phẩm nông nghiệp của Mỹ mỗi năm, trong khi đó Bắc Kinh cho hay cả hai bên đều hướng tới việc thúc đẩy thương mại hai chiều thông qua các biện pháp như giảm thuế đối ứng.

#plo #baophapluattp #baophapluattphcm",80,1,3,,https://www.facebook.com/phapluattp.vn/posts/pfbid033ipDCsgoL7JFY3EBhUdepLPHigYrWC5wMD35Tq1ekEdM4zQLJn85L4sVdkagNzS9l,281.0,56.0,0.0,0.0,0.0,3.0
Công an vào cuộc xác minh nghi vấn 'mua thịt bò thành thịt heo' 👇,118,1,4,,https://www.facebook.com/phapluattp.vn/posts/pfbid0pNQaeDQBXoTR6pihMBS6ns6K8ChrWjJXqxNuq1zFiEUWdww9o1wf6epXeHqyhf5Sl,65.0,15.0,0.0,0.0,0.0,0.0
"(PLO)- UAV t.ấ.n c.ô.n.g Nhà máy Điện hạt nhân Barakah ở UAE; Anh triển khai “hệ thống chống UAV chi phí thấp” tại Trung Đông; Kazakhstan gửi 30 toa hàng viện trợ tới Iran.

#plo #baophapluattp #baophapluattphcm",237,1,2,,https://www.facebook.com/phapluattp.vn/posts/pfbid02FRfaBt23WLQ7inH6QHGE5V4DGVm76HinDr4Hc1CwzjogKG9K5bVW1duJK73b2a7Tl,211.0,37.0,0.0,0.0,0.0,3.0
"(PLO)- Công an đang điều tra nguyên nhân người đàn ông t.ử v.o.n.g bất thường tại công trình nhà ở trên địa bàn phường Đông Hưng Thuận, TP.HCM.

#plo #baophapluattp #baophapluattphcm",128,1,8,,https://www.facebook.com/phapluattp.vn/posts/pfbid02hV2Npbo7DMwfu7w2TdUu2jDFuVuRhwBh8vhy9dWW4htikFjpMPhyS5gxYqywfmq1l,182.0,31.0,0.0,0.0,0.0,3.0
"(PLO)- Bộ Quốc phòng Nga cho biết đã bắn hạ tổng cộng 586 UAV trên khắp cả nước trong đợt t.ấ.n c.ô.n.g quy mô lớn từ Ukraine trong đêm 16, rạng sáng 17-5.

#plo #baophapluattp #baophapluattphcm",143,1,3,,https://www.facebook.com/phapluattp.vn/posts/pfbid02quxXdwk7XDYFw65J3x8JLQ4Yx9UHdjizrPiXHCGydxh8Sn423QHycfEUgV5d637ol,194.0,36.0,0.0,0.0,0.0,3.0
"Thứ gì đâu đã lười còn hay dỗi 😐 làm như mình còn bé bỏng lắm ấy 😭

IG: banhbaonhanthit_",1581,45,30,,https://www.facebook.com/hoiyeuchomeo.tv/posts/pfbid0M6wCp9ShyQsNbJBt4hC5jQqEm5Hia7mCyAbsVVGfdSGbDYX6RFEpnqATCPiuhSVal,88.0,20.0,0.0,0.0,0.0,0.0
"Cầu trời hôm nay đừng mưa để tau còn đi đu đưa Trung thu :)))
#Ki",3084,228,197,,https://www.facebook.com/hoiyeuchomeo.tv/posts/pfbid02oTmRE55YnbBNMUSsR7TiSkYHyNt3f5uayJRFd8Yprrstiqe6iPwAt8ebrYQpB2Xal,65.0,16.0,0.0,0.0,0.0,1.0
"Bạn thích Boss nào nhất? ♥
#Ki
Cre: Yêu Husky",768,66,51,,https://www.facebook.com/hoiyeuchomeo.tv/posts/pfbid02CXUvfmj7pJdywUYPqS6zQSGjkniGQg55eXrLaQumJBUBvxGQofDZGviZtGbnrU7zl,45.0,10.0,0.0,1.0,0.0,1.0
Mưa lớn gió giật làm tốc mái tôn đổ cây xanh ở TP.HCM,489,1,14,,https://www.facebook.com/phapluattp.vn/posts/pfbid02A9fD1Ete42cLY5FAmcTKUJPYg7tzi5vEzcujmwCTe1VRX3uQ1ztKFSa484x8rDbzl,53.0,13.0,0.0,0.0,0.0,0.0
"(PLO)- Nguyên cán bộ Ban giải phóng mặt bằng thuộc UBND TP Hải Dương (cũ) bị khởi tố, bắt tạm giam về hành vi l.ừ.a đ.ả.o chiếm đoạt tài sản.

#plo #baophapluattp #baophapluattphcm",229,1,13,,https://www.facebook.com/phapluattp.vn/posts/pfbid02PiqzpqP3uNXyYZaenkeySZtXdpPio84tUfrRjexkm1vSdZuQu5sdaL7bTxXZTjqNl,180.0,33.0,0.0,0.0,0.0,3.0
"(PLO)- Cao tốc Biên Hòa - Vũng Tàu thông xe tạm toàn tuyến nhưng ô tô từ cao tốc TP.HCM - Long Thành muốn vào tuyến để đi Vũng Tàu phải đi vòng qua Quốc lộ 51 khoảng 17km.

#plo #baophapluattp #baophapluattphcm",177,1,4,,https://www.facebook.com/phapluattp.vn/posts/pfbid02oFeKjaJZjcpgUG8vcy2yxWZKcwMHRtjebbDkjeHNGUaHTxXXbWAviZAsMneRQPv3l,210.0,42.0,0.0,0.0,0.0,3.0
"(PLO)- Công an TP.HCM vừa phát động cao điểm 45 ngày đêm tổng rà soát, đấu tranh làm sạch địa bàn, tiến tới mục tiêu xây dựng TP không m.a t.ú.y vào năm 2030.

#plo #baophapluattp #baophapluattphcm",1408,1,113,,https://www.facebook.com/phapluattp.vn/posts/pfbid09tonyfWMPVhiw9mcgqYFRFo2nFm2ETL5wkKpKbyCFZi81K9UCych9Assha8d4CdAl,197.0,37.0,0.0,0.0,0.0,3.0
"(PLO)- Công an xác định bị can Hương đã lợi dụng các quyền tự do ngôn luận, quyền khiếu nại, tố cáo để gửi đơn với nhiều nội dung sai sự thật, xúc phạm tổ chức, cá nhân.

#plo #baophapluattp #baophapluattphcm",119,1,3,,https://www.facebook.com/phapluattp.vn/posts/pfbid02q2JTa5kiQMVob6aHNcQXLPbhF35qBHfTQGCvzgfH9yQDvTY8wSwLZr3v2DuiE2zkl,208.0,41.0,0.0,0.0,0.0,3.0
"(PLO)- Nhân kỷ niệm 136 năm Ngày sinh Chủ tịch Hồ Chí Minh, Tổng Bí thư, Chủ tịch nước Tô Lâm đã có bài viết ""Ánh sáng Hồ Chí Minh soi đường cho chúng ta đi"". Pháp Luật TP.HCM trân trọng giới thiệu toàn văn bài viết này.

#plo #baophapluattp #baophapluattphcm",58,1,3,,https://www.facebook.com/phapluattp.vn/posts/pfbid0LtV8cH3VydvCWqjUbbTk46ghbn3oijmUQSjJHymzFvCfucRb9HUgMXvvBDQeV4Aml,259.0,51.0,0.0,0.0,0.0,3.0
Con gái nhà ai mà cưng quá đi nà! Yêu tóa <3,2488,242,253,,https://www.facebook.com/hoiyeuchomeo.tv/posts/pfbid0ry1Q6TYHv4LpuEWhhWn7mKUf7JRYAMroEsUU6KGkkgc97NP8obsX86r5YPjLkTSLl,44.0,12.0,1.0,0.0,0.0,0.0
"Giống chó vui tính nhất hành tinh!
Mày Ngáo vãi luôn con ạ!
Cre: yêu Lu
#Ki",440,18,2,,https://www.facebook.com/hoiyeuchomeo.tv/posts/pfbid0ufHeKiCtFQYjec3QGQ2CMyXkTsbPgYNNruTScFQSnHdzJitUuLFjXVKhfsaDx5Ynl,75.0,17.0,2.0,0.0,0.0,1.0
"CÁCH DẠY MÈO ĐI VỆ SINH ĐÚNG CHỖ CỰC ĐƠN GIẢN, 100% THÀNH CÔNG
-----------------
Sau các boss Cún sẽ cách huấn luyện các Boss Mèo, chảnh chảnh vậy thôi chứ các Boss Mèo sẽ dễ huấn luyện hơn 1 chút. Boss nào chưa vào quy củ, Sen vào đây tham khảo ngay nha!
1, Vật dụng cần chuẩn bị
Khay hoặc chậu nhựa để mèo đi vệ sinh vào đó, nên chọn loại tối màu vì bản năng của mèo thường tìm chỗ tối để vệ sinh.
Một ít xỉ than hoặc cát vệ sinh cho mèo (1 ph tự PR: cát nhà ad có bán nè ).
Xẻng hoặc bay hót phân định kỳ (cũng có bán nốt nè)
Túi nilon hoặc bất kỳ thứ gì có thể chứa được chất thải. (hạn chế dùng nilon để bảo vệ môi trường nha Sen)
2, Thấu hiểu lòng Boss
Mèo đi vệ sinh thường chọn những chỗ kín, tối và rất khó dọn để ị bậy. Đơn giản vì đây là bản năng của mèo, chúng không muốn ai nhìn thấy phân của mình. Cho nên Sen hãy giữ cho mèo tránh xa những khu vực tối hoặc góc khuất trước khi rèn thói quen vệ sinh đúng chỗ nhé.
3, Cách dạy MÈO CON đi chưa đúng chỗ
Với mèo con, Sen cần phải kiên nhẫn, hãy buộc mèo hoặc nhốt nó cố định vào một chỗ nào đó khuất hoặc tối, gần nhà vệ sinh hoặc sân vườn. Sau đó đặt chậu cát bên cạnh mèo và đảm bảo cát trong chậu dày từ 8 tới 10cm.
Bạn có thể thỉnh thoảng đặt mèo vào chậu cát hoặc để ý khi mèo ăn xong, khi ngủ dậy thì làm như vậy để rèn thói quen vệ sinh cho mèo. Tránh không nên nhìn trộm em nó đi vệ sinh vì bản năng của nó rất dễ xí hổ không muốn người, hay con vật nào nhìn nó đi bậy :))) Cứ duy trì như vậy trong khoảng 1 tuần là bé mèo của Sen sẽ tự biết vệ sinh vào chậu cát.
4, Cách dạy MÈO LỚN đi chưa đúng chỗ
Mèo đã trưởng thành thì đơn giản hơn và bạn cũng có thể áp dụng cách làm như với mèo con. Tuy nhiên vẫn cần lưu ý một vài vấn đề sau:
Thay cát cho mèo thường xuyên và đúng cách
Nếu chậu cát quá bẩn, mèo sẽ không vệ sinh vào đó nữa nên Sen cần lưu ý thay cát thường xuyên.
Chậu cát vệ sinh cho mèo phải đặt cố định một chỗ trong tầm mắt của nó.
Tốt nhất, mỗi khi mèo đi vệ sinh xong Sen nên hót phần cát dính bẩn vào túi nilon vứt đi, nhưng nếu không có quá nhiều thời gian thì tối thiểu phải dọn cát 1 lần mỗi ngày để bé mèo không có cảm giác khó ở vì như vậy rất có thể mèo sẽ đi vệ sinh ra ngay bên cạnh chậu cát đấy.
5, Nếu em đi vệ sinh chưa đúng chỗ nên làm gì?
Nếu em nhà Sen chưa biết đi vệ sinh đúng chỗ thì đừng đánh nó vì mèo không hiểu được đâu. Ngược lại, nó chỉ hiểu đơn giản mỗi khi bị đánh là phải tránh xa và cảnh giác với đối tượng này. Khi chưa biết đi vệ sinh đúng chỗ, mèo thường có thói quen đánh hơi và tìm những nơi khuất, chỗ tối để “ị bậy”. Nếu phát hiện, Sen phải lập tức lau rọn ngay khu vực đó, tránh để bé mèo nhiễm thói quen vệ sinh bừa bãi nhé.
Chúc Sen thành công và chúc các Boss nhà chúng ta sẽ  thành Mèo khỏe Mèo Ngoan có giấy chứng nhận nhé!",194,22,15,,https://www.facebook.com/hoiyeuchomeo.tv/posts/pfbid02CGjozQqYV8MpS856i75wRZp1zgmHvNerj3FeQs2XMrAK5rS8BVECbXnhZioao6mwl,2748.0,637.0,2.0,1.0,0.0,0.0
"(PLO)- Một chuyến bay của hãng hàng không Qantas, đi từ Melbourne (Úc) đến Dallas (Mỹ), đã buộc phải chuyển hướng do một hành khách cắn tiếp viên trên chuyến bay.

#plo #baophapluattp #baophapluattphcm",77,1,2,,https://www.facebook.com/phapluattp.vn/posts/pfbid02v9F7R8sveG1MgXSYebn3N5X4XEtVmn8vZHACFrQdepYh2o9effdH5sUBU4uEPJC8l,201.0,34.0,0.0,0.0,0.0,3.0
"(PLO)- Các Bộ trưởng, Thủ trưởng cơ quan ngang bộ chịu trách nhiệm cá nhân trước Thủ tướng Chính phủ nếu để xảy ra tình trạng chậm, muộn Thông tư...

#plo #baophapluattp #baophapluattphcm",100,1,7,,https://www.facebook.com/phapluattp.vn/posts/pfbid02FAGTDJbpc1mZoKEZJqcnC6GSoyENrLNzBiPALrETTJKWyFQPN9XURU7PfhTScVRpl,187.0,33.0,0.0,0.0,0.0,3.0
Câu chuyện về ý tưởng phân luồng đảo chiều ở đường Cộng Hòa 👇,46,1,2,,https://www.facebook.com/phapluattp.vn/posts/pfbid02JhukUAQYZng1a8NTc6UGBVJAu72KWhYQ44wkbsiduWz35QeHEDMoNNVnnQfLoNuhl,61.0,14.0,0.0,0.0,0.0,0.0
"Say đâu mà say! Mày mới say nhé, zô, tao với mày nhậu con cá tiếp theo!
Cre: Xàm
#Ki",1072,213,91,,https://www.facebook.com/hoiyeuchomeo.tv/posts/pfbid09tG9VtNab3s4b5HB7nsYmyoqFiZv3npmEVYMN3jHCjeqtBGU3wJ1VZPz5Lpsu57rl,84.0,20.0,2.0,0.0,0.0,1.0
"Khi các boss tấu hài cực mạnh...😂😂🤣

Timo Pets
#Ki",466,11,20,,https://www.facebook.com/hoiyeuchomeo.tv/posts/pfbid023aQYCVUKGtiHcdo278LqCWhE3GaqDpkqeJWoiS8gTck7wy1DHEZ6UdPSw6yRGBJwl,50.0,10.0,0.0,0.0,0.0,1.0
"Tại sao yêu nhao không đến được với nhao! Sao mài nỡ để chúng nó thế nay hả Sen?
#Ki",3043,153,84,,https://www.facebook.com/hoiyeuchomeo.tv/posts/pfbid0QJV1diNu7TZYFtKiSEg5hVNBCQn1pphEK8fjeu5KKSeFiapeWshVcRVjFtoECFARl,84.0,20.0,1.0,1.0,0.0,1.0
"(PLO)- Lầu Năm Góc đang tìm kiếm các gương mặt mới trong ngành công nghiệp quốc phòng nước này nhằm mở rộng kho dự trữ tên lửa với giá cả phải chăng.

#plo #baophapluattp #baophapluattphcm",65,1,1,,https://www.facebook.com/phapluattp.vn/posts/pfbid0ibZwXbk5K4ZDkXYsBkJDGR2sTB4Dq1AywZysznT77m5cZ46TPWTjFqsxP3hZaQunl,188.0,35.0,0.0,0.0,0.0,3.0
"(PLO)- Ngoài việc tăng số lượng câu hỏi thi lý thuyết thi bằng lái xe, dự thảo còn bổ sung nhiều nội dung mới như kiến thức về Bộ luật Hình sự liên quan các vi phạm giao thông.

#plo #baophapluattp #baophapluattphcm",48,1,2,,https://www.facebook.com/phapluattp.vn/posts/pfbid02Aiy7KpSoNHDcoVsKeXws7oZBt8ryryxoPEofC2P4eFuQVRAnWQT8k1BcfcnPb3Zfl,215.0,42.0,0.0,0.0,0.0,3.0
"Cảnh sát giao thông Đắk Lắk xác minh nam thanh niên đứng trên xe máy, buông tay lái khi xe đang chạy trên Quốc lộ 1.

#plo #baophapluattp #baophapluattphcm",1337,1,95,,https://www.facebook.com/reel/1454651403013071/,155.0,29.0,0.0,0.0,0.0,3.0
"Giống loài lạ lone nhất hành tinh...mỏi cả hàm vs bọn này 😂😂😂 :))))))))

Cre: Timopets
#Ki",1003,64,58,,https://www.facebook.com/hoiyeuchomeo.tv/posts/pfbid02jrdT9xm8xVWQxLKyBetKiY39N6cCQZP9Tzszbf6zwig3TBRbVLnwzGY6392rKroel,90.0,17.0,0.0,0.0,0.0,1.0
"Thanh niên thảo mai nhất năm 😎
Nhìn cười mà cưng quá đi mà!
Cre: yêu Lu",779,31,5,,https://www.facebook.com/hoiyeuchomeo.tv/posts/pfbid0RWACRnG1aF3yNxpnxSwfnYsDqzCjPbpkUbkvCMMSfgPL5sHBipeU5roKvWUzcLpAl,71.0,17.0,1.0,0.0,0.0,0.0
"Hãy nói rằng tao không cô đơn đi!
#Ki",2132,208,58,,https://www.facebook.com/hoiyeuchomeo.tv/posts/pfbid0utHPSbNxtKdbMzd1xbqT5FnV6uTeDy1bCUWRXe9pzr4w1gCHn6pYsKsDK8wqWAdnl,37.0,9.0,1.0,0.0,0.0,1.0
"KHÓ VẬY MÀ CŨNG LÀM ĐƯỢC: OPPO đưa “Nữ hoàng giải trí” Hồ Ngọc Hà đứng giữa sông Hoài để show ngay khả năng zoom cực đỉnh của OPPO Find X9 Ultra, cộng thêm Thu Diễm đổi nghề hóng hớt trà trộn bắt trọn visual Khoai Lang Thang.",4140,63,27,,https://www.facebook.com/reel/1589287385506093/,225.0,48.0,0.0,0.0,0.0,0.0
"LISA DẪN ĐẦU GIÁ TRỊ TRUYỀN THÔNG LAN TRUYỀN Ở MET GALA 2026, JISOO LẦN ĐẦU XUẤT HIỆN VẪN CHỄM CHỆ TOP 3

EMV - Earned Media Value là Giá trị truyền thông lan truyền. Đây là một chỉ số cốt lõi trong lĩnh vực PR và Influencer Marketing, được các nền tảng phân tích dữ liệu (như Lefty) sử dụng để quy đổi mức độ tương tác trên mạng xã hội thành giá trị tiền tệ.

Dựa trên số liệu từ Lefty ở Met Gala 2026, có thể thấy rõ những xu hướng nổi bật của bức tranh showbiz và thời trang quốc tế:

• Sự thống trị của các biểu tượng K-Pop: Lisa dẫn đầu toàn bộ bảng xếp hạng với con số áp đảo 19.7 triệu USD, theo ngay sau ở top đầu là Jisoo (13.7 triệu USD) và Karina (9.8 triệu USD). Số liệu này chứng minh khả năng ""khuấy đảo"" mạng xã hội của các thần tượng K-pop hiện tại là không có đối thủ. Fandom đông đảo và có tính tổ chức cao giúp họ dễ dàng tạo ra lượng tương tác vượt trội so với các minh tinh phương Tây.

• Thế lực gia tộc Kardashian - Jenner: Kylie Jenner (15.2 triệu USD), Kendall Jenner (8.9 triệu USD), và Kim Kardashian (8.3 triệu USD) vẫn tiếp tục duy trì vị thế ""nữ hoàng mạng xã hội"". Sự xuất hiện của họ tại Met Gala luôn là tâm điểm của truyền thông và sự chú ý, tạo ra độ thảo luận cực lớn bất kể khen chê.

• Gương mặt nổi bật khác: Sự vươn lên của ngôi sao nhạc pop Sabrina Carpenter (10.5 triệu USD) hay sức hút từ giới WAGs như Georgina Rodriguez (12.2 triệu USD) phản ánh tệp khán giả rộng lớn và đa dạng trên các nền tảng mạng xã hội hiện nay.

Thay vì các thương hiệu (Dior, Chanel,...) hay ban tổ chức sự kiện phải bỏ ngân sách ra chạy quảng cáo (Paid Media) để thu về lượt tiếp cận, sự xuất hiện và các bài đăng của những ngôi sao này đã tự động tạo ra một lượng ""buzz"" truyền thông khổng lồ một cách tự nhiên.

EMV định lượng số tiền tương đương mà một thương hiệu sẽ phải chi trả để mua được lượng tương tác, mức độ hiển thị, lượt nhắc đến (mentions), chia sẻ và độ phủ sóng tương đương. 

Do đó, chỉ số này là thước đo thực tế nhất về sức mạnh lan truyền và chỉ số ROI (Tỷ suất hoàn vốn) mà một nghệ sĩ mang lại cho các chiến dịch quảng bá thời trang.",4256,97,56,,https://www.facebook.com/hhsb.vn/posts/pfbid02GsDE2vPdiAMA5Y62jLScPzpJWX8VuesB62KbbDkWBgHdjJKajETCNRN2NzNTkXb4l,2077.0,445.0,0.0,0.0,0.0,0.0
"Hậu Met Gala 2026, Jennie (BLACKPINK) và Ningning (aespa) bất ngờ lên vị trí số 1 và số 3 trên hotsearch Weibo với từ khoá đi xem ""show 🔞"" 

Cụ thể một số tài khoản tung tin Jennie cùng Lisa, Ningning đã đến câu lạc bộ ""THE BOX"" - nơi diễn ra một bữa tiệc có các yếu tố biểu diễn táo bạo.

Khác với những đồn đoán ồn ào, các bằng chứng và lịch trình công khai đã nhanh chóng ""giải oan"" cho Jennie. Thực tế, sau khi Met Gala kết thúc, Jennie chỉ tham dự tiệc tối của thương hiệu Ray-Ban (Ray-Ban Party) và không hề đặt chân đến hiện trường The Box. 

Những hình ảnh và video gây tranh cãi lan truyền trên mạng thực chất là sản phẩm của công nghệ AI tổng hợp, hoặc bị cắt ghép, bóp méo ác ý. Tương tác của cô trong các bức ảnh tại bữa tiệc Ray-Ban cũng được xác nhận là những giao tiếp xã hội văn minh, bình thường.

Nếu như trường hợp của Jennie đã được làm sáng tỏ là tin đồn thất thiệt, thì câu chuyện của Ningning (Ninh Nghệ Trác) lại phức tạp hơn và hiện vẫn đang là tâm điểm tranh cãi giữa nhiều luồng ý kiến.

Hình ảnh Ningning cùng Lisa đi chung xe đến câu lạc bộ The Box đã châm ngòi tranh cãi. The Box từng được tạp chí Vogue miêu tả là một không gian nghệ thuật thể nghiệm ""khét tiếng"" với các màn trình diễn vô cùng táo bạo. Các bức ảnh rò rỉ từ hiện trường (dù đã bị bôi mờ) cho thấy vũ công mặc trang phục màu da khiến nhiều người lầm tưởng đây là một ""show 🔞"".

Nhiều ý kiến bày tỏ sự lo ngại rằng việc Ningning - một nghệ sĩ người Trung Quốc có lượng fan trẻ đông đảo - xuất hiện tại đây sẽ gây ảnh hưởng xấu đến định hướng giá trị của giới trẻ. Thậm chí, một số người còn nhắc lại các quy định khắt khe của giới giải trí Hoa ngữ, yêu cầu ""phong sát"" cô tương tự như các trường hợp nghệ sĩ vướng ồn ào trước đây.

Phản bác lại các cáo buộc, người hâm mộ và nhiều trang tin thời trang chỉ ra rằng:
 - Đây là bữa tiệc thời trang đẳng cấp cao do Met Gala hợp tác tổ chức, được chủ trì bởi siêu mẫu huyền thoại Kate Moss.
 - Vogue đã định nghĩa rõ ràng đây là ""không gian thể nghiệm nghệ thuật tiên phong"". 
 - Trang phục gây hiểu lầm của vũ công thực chất là đồ diễn màu da, hoàn toàn không có việc 🔞 như những bức ảnh bị cố tình bôi mờ (censor) ác ý trên mạng.",1009,31,24,,https://www.facebook.com/hhsb.vn/posts/pfbid0MjQr75AXtRavts6ABvFPT2T93JQfFtZy5oedGxYaXP39zWQiKNWgkJKYF63Cn5mol,2172.0,470.0,0.0,0.0,0.0,0.0
"Sáng 7/5, mạng xã hội lan truyền loạt ảnh được cho là có liên quan đến Hải Đăng Doo. Cụ thể, lùm xùm xuất phát từ việc một cô gái đăng tải hình ảnh tại một khách sạn ở Đà Nẵng và nhắc trực tiếp tên nam ca sĩ. 

Trong căn phòng có sự xuất hiện của một đồ vật nghi là b-óng cười. Ngoài ra, bức ảnh còn để lộ một nam giới được cho là Hải Đăng Doo trong trang phục áo choàng khách sạn

Khi Tri Thức - Znews liên hệ, đại diện Hải Đăng Doo bác bỏ tin đồn nam ca sĩ sử dụng b-óng cười.

“Những thông tin đang lan truyền là không xác thực. Hình ảnh đó không phải là Hải Đăng. Chúng tôi cũng không biết người đăng bài là ai hết”, người này cho hay.

Trước làn sóng bàn tán, phóng viên Báo Lao Động đã liên hệ phía quản lý Hải Đăng Doo. Đại diện nam ca sĩ cho biết, ê-kíp bất ngờ khi những hình ảnh này xuất hiện trên mạng xã hội.

Theo phía quản lý, họ không rõ nguồn gốc đoạn clip và cho rằng đây là sản phẩm AI có nội dung bị cắt ghép nhằm gây ảnh hưởng đến danh tiếng của Hải Đăng Doo.

“Chúng tôi không biết những hình ảnh này từ ai đăng tải. Đây là sản phẩm AI, cắt ghép với mục đích gây hại hình ảnh của Hải Đăng Doo”, đại diện quản lý cho biết.

Theo: Znews / Báo Lao Động",6704,813,79,,https://www.facebook.com/hhsb.vn/posts/pfbid02gXKy2UX9arhmnPs4zMQw3vEbpT1VqR4oW9hrqXbESsQ19hWJFm64RV7C3iwKuSb7l,1170.0,261.0,0.0,0.0,0.0,0.0
"Màn test cam chưa từng có: Oppo Find X9 Ultra zoom nét căng Hồ Ngọc Hà hoá nữ thần giữa lòng sông Hoài - Hội An trong đêm tối mắt thường khó thấy được!

Oppo chơi lớn với màn test cam chưa từng có trong lịch sử smartphone. Hồ Ngọc Hà thì cứ việc “phiêu"" giữa lòng sông Hoài, còn zoom nét căng cho khán giả xem đã có OPPO Find X9 Ultra lo. Quả là một lời khẳng định mạnh mẽ cho sức mạnh thấu kính zoom quang học 10x với cảm biến lớn 50MP của con tướng Ultra mà OPPO lần đầu mang tới Việt Nam!",2930,18,4,,https://www.facebook.com/hhsb.vn/posts/pfbid02fmKGKZiscN5E4eyXNCSHxvDuzbzd7QTHVhA29CvqT41wXvdG7h1uDGGns3DJieLkl,491.0,108.0,2.0,0.0,0.0,0.0
Bức ảnh khoe tấm lưng của Uyển Ân đang viral trên MXH:,9104,101,38,,https://www.facebook.com/hhsb.vn/posts/pfbid06PgCxhhYd5B5K1Q9dFKK7UjwLY1TBa2XtPSwYqSStWGwqaVipyRzRcupcsACdHYgl,54.0,12.0,0.0,0.0,0.0,0.0
"(PLO)- Chính phủ vừa ban hành Nghị định số 162/2026/NĐ-CP điều chỉnh lương hưu, trợ cấp bảo hiểm xã hội và trợ cấp hằng tháng.

#plo #baophapluattp #baophapluattphcm",60,1,3,,https://www.facebook.com/phapluattp.vn/posts/pfbid02nK9ZiSh2UkroQ46KP4R6619Qwenyz2d3tf31SNbnH6LEDwFJm9GmNGHfkRN927dvl,165.0,28.0,0.0,0.0,0.0,3.0
"(PLO)- Người dân Iran lo lắng về nguy cơ chiến tranh tiếp diễn, khi các cuộc đàm phán hòa bình vẫn chưa có kết quả.

#plo #baophapluattp #baophapluattphcm",93,1,3,,https://www.facebook.com/phapluattp.vn/posts/pfbid07Y5PhvaX56qbpdbpT8VhEhzhYHGGWPcQv8STPrsFMRaq2H2MgS2opYN7okuv4G6Dl,154.0,28.0,0.0,0.0,0.0,3.0
"(PLO)- Từ ngày 1-7, mức lương cơ sở áp dụng cho cán bộ, công chức, viên chức và lực lượng vũ trang sẽ chính thức tăng từ 2,34 triệu đồng lên 2,53 triệu đồng/tháng.

#plo #baophapluattp #baophapluattphcm",37,1,2,,https://www.facebook.com/phapluattp.vn/posts/pfbid0Z7gY3nXe9NzecMcjfJHW63KdM6xaGAwAeMEzoNLGxWJztMo9SbqMoUfLLjCbYAMl,202.0,37.0,0.0,0.0,0.0,3.0
Thông tin quan trọng dành cho 3 tỉ người dùng Google Chrome 👇,36,1,1,,https://www.facebook.com/phapluattp.vn/posts/pfbid02mJW79cQ3wsSsUoS76t4KhFxpaFtwF4TxSQ2tZ5HjFKtkoxLVKdkMWA1fRJq5ZfD9l,61.0,13.0,0.0,0.0,0.0,0.0
"(PLO)- Sau khi khống chế đám cháy ở phường Linh Xuân, lực lượng chức năng phát hiện nam thanh niên 20 tuổi t.ử v.o.n.g trong phòng ngủ với nhiều vết bỏng nặng.

#plo #baophapluattp #baophapluattphcm",81,1,2,,https://www.facebook.com/phapluattp.vn/posts/pfbid035wgYv2GrobBNwYh5BUUiFFpwTb1G2zq5PoSrQvo9mGABvCXEYeABLkUBR8BEshB9l,198.0,35.0,0.0,0.0,0.0,3.0
"(PLO)- Ca sĩ Quang Lập và Nguyễn Hải Bình đã không xin phép, không trả phí quyền tác giả để thực hiện việc sử dụng bản ghi, trong khi Công ty BH Media được YouTube chi trả hơn 6 tỉ đồng.

#plo #baophapluattp #baophapluattphcm",198,1,1,,https://www.facebook.com/phapluattp.vn/posts/pfbid025mRCQCECyHTuQEW3xdH9PqgqFReXvMDc5ihaW21no9p8K6xaM98mRx4ZRsv9RmnKl,225.0,44.0,0.0,0.0,0.0,3.0
"(PLO)- Xã Đàm Thủy và một số khu vực lân cận của tỉnh Cao Bằng xảy ra mưa lớn cục bộ với cường suất rất lớn tàn phá quốc lộ 4A, cuốn trôi ô tô khách.

#plo #baophapluattp #baophapluattphcm",105,1,3,,https://www.facebook.com/phapluattp.vn/posts/pfbid02Dz1axdtgNpiG4gLYZJ7zocXZQ9GoKJaJ7Ab3Upv5vUkUmXF92zyCors2naDy76Zql,188.0,39.0,0.0,0.0,0.0,3.0
"(PLO)- Ba xe đầu kéo container bốc cháy dữ dội tại bãi đất ở phường Tân Đông Hiệp, Cảnh sát PCCC nhanh chóng khống chế, ngăn cháy lan sang các phương tiện xung quanh.

#plo #baophapluattp #baophapluattphcm",67,1,7,,https://www.facebook.com/phapluattp.vn/posts/pfbid02pFR7EnZLqy8gkrFTu1HLr3dMwzHwVdui8umnMJEbJwjVjLPpgJhoVXY8WWConjh8l,205.0,37.0,0.0,0.0,0.0,3.0
"(PLO)- Kiểm tra cư trú tại xã An Nhơn Tây, công an lật tẩy người phụ nữ dùng CCCD của chị ruột để trốn lệnh t.r.u.y n.ã tội mua bán trái phép chất m.a t.ú.y.

#plo #baophapluattp #baophapluattphcm",115,1,5,,https://www.facebook.com/phapluattp.vn/posts/pfbid0UyyoHYed3AqEYi55MTM8tzJcRRxZkcR84ahmAjzTZyKrJ1z83iZCX1hzGBH3nwyHl,196.0,38.0,0.0,0.0,0.0,3.0
"Tao có võ Aikido đấy, ngon thì nhào zô lần nữa xem!
#Ki",569,42,27,,https://www.facebook.com/hoiyeuchomeo.tv/posts/pfbid0ap6ST1JsGhmABNr8b99YqfpUgecp3mFWjtTRPJUEa6P52vHm7quPNV9CpEaMvSNPl,55.0,13.0,1.0,0.0,0.0,1.0
"Chơi sạch quá nha bây! May mà tau vẫn nhận ra mày là con tau nha!
#Ki",1125,151,70,,https://www.facebook.com/hoiyeuchomeo.tv/posts/pfbid0C2Kkvt7TNgcYH2jvStXjc4YUNG1gZoQSYrqY6LsnMBfbj9tePem9ZpmUw191hnSEl,69.0,17.0,2.0,0.0,0.0,1.0
Lầy thế này ai chơi lại tụi bây! Chán ghê nha!,1016,68,82,,https://www.facebook.com/hoiyeuchomeo.tv/posts/pfbid02wWK4ZsJknFANUJ7mzx6i8KNWht2HXXSfETD5Me66r7b6BYrJ5ptr2Wu2VEGVqTxJl,46.0,11.0,2.0,0.0,0.0,0.0
"(PLO)- Gió lốc đã thổi bay tủ kính bán hàng của tiệm vàng ở Đắk Lắk và khiến nhiều cây xanh gãy đổ, nhiều nhà tốc mái.

#plo #baophapluattp #baophapluattphcm",73,1,2,,https://www.facebook.com/phapluattp.vn/posts/pfbid05aAqSYPanGwgaKnuBjG43rgDyoF2h3c2mCg2PgT1Bc3CoXay1Nep6EJvL1TVgbp2l,157.0,30.0,0.0,0.0,0.0,3.0
"(PLO)- Tàu sân bay USS Gerald R. Ford đã trở về cảng nhà, kết thúc đợt triển khai nhóm tác chiến tàu sân bay với thời gian kỷ lục trong hơn nửa thế kỷ qua.

#plo #baophapluattp #baophapluattphcm",82,1,1,,https://www.facebook.com/phapluattp.vn/posts/pfbid02uV2AsSMuZ2qzV3USC8dD2FPGdEPbDRAV4mW5bSLS2vJJ3GWkw8cLWhSg3NQCvDiPl,194.0,38.0,0.0,0.0,0.0,3.0
"(PLO)- Sau khi ca sĩ Miu Lê bị khởi tố liên quan đến m.a t.ú.y, công ty quản lý ca sĩ Miu Lê cho biết không bao che cho bất kỳ hành vi vi phạm pháp luật nào; đồng thời sẽ đại diện làm việc với các đối tác, nhãn hàng liên quan để giải quyết các vấn đề phát sinh trong hoạt động nghề nghiệp của ca sĩ Miu Lê.

#plo #baophapluattp #baophapluattphcm",158,1,3,,https://www.facebook.com/phapluattp.vn/posts/pfbid07D5F6fFjXpAh62vdPBodJRJT4EZw2WqCYGaXA946qZpEPsqsmkTqTs8Goz5XN9axl,345.0,74.0,0.0,0.0,0.0,3.0
"Mấy ai là người khi yêu! Các ông cũng phải hiểu cho con gái chứ nà!
#Ki",1945,236,40,,https://www.facebook.com/hoiyeuchomeo.tv/posts/pfbid017nouHfTwjn5VVNGvbQ2MRMbjfGDs5GkCSoBoHEscwAuds7vNkak3hazpL2JCxil,71.0,17.0,2.0,0.0,0.0,1.0
"Ngại lắm, sợ lắm, sợ lắm, ngại lắm! Ahihi!
Cre: Hoàng Duy
#Ki",1865,189,137,,https://www.facebook.com/hoiyeuchomeo.tv/posts/pfbid02RakCUJhUyPZuVw91XrBXL912i3nHNvmZYYe38CEn1y49kwSn7aZb7BFoLGVBoBNTl,61.0,13.0,2.0,0.0,0.0,1.0
"Oảnh tù tì dành con nà nhaaa =)) !!
#Ki",1004,106,107,,https://www.facebook.com/hoiyeuchomeo.tv/posts/pfbid06upSce1LrFYtKtrqLK256sgiyZFbAUTsrf3wBnX4ct974VVhMtxFYPVhLVPPkCfSl,39.0,10.0,2.0,0.0,0.0,1.0
"Hình ảnh của Hải Đăng Doo do một cô gái đăng lên story, đang gây chú ý trên MXH. Sau đó, cô gái này khẳng định đó chỉ là ảnh AI vì ""muốn chụp hình chung mà không được nên tự làm content cho kênh mình"".",4153,621,79,,https://www.facebook.com/hhsb.vn/posts/pfbid028RQQ9xQRyP7ETLLmd2DdffWJ67eHUWpVYLNsfXFKhLmrq2Pse1hmiXnCGTGZ3ajgl,201.0,46.0,0.0,0.0,0.0,0.0
"JISOO ĐANG CHUẨN BỊ CHO FULL ALBUM MỚI, KHẲNG ĐỊNH 2016 - NĂM RA MẮT VỚI BLACKPINK LÀ CHƯƠNG QUAN TRỌNG NHẤT TRONG CUỘC ĐỜI MÌNH

JISOO xuất hiện trên bài viết trang bìa của V Magazine. Nữ nghệ sĩ tiết lộ ""đang chuẩn bị một full album, đang cố gắng thể hiện nhiều thể loại âm nhạc hơn. Tôi nghĩ tôi sẽ rất vui nếu mọi người nghe album này và nói rằng họ đã khám phá ra một khía cạnh mới của tôi""

Khi được hỏi ""Nếu viết một cuốn sách về cuộc đời mình, bạn sẽ đặt tên nó là gì? Những chương quan trọng sẽ là gì?"", JISOO thẳng thắn: 

""Tên quyển sách là “Thuận theo tự nhiên.” Điều đó không có nghĩa là sống mà không suy nghĩ hay chỉ đơn giản là trôi dạt. Thay vào đó, tôi nghĩ mình luôn cố gắng sống thật với chính mình trong từng khoảnh khắc và theo đuổi những điều mình thực sự yêu thích. 

Còn về chương quan trọng nhất, có lẽ đó là năm 2016, khi cuộc đời tôi hoàn toàn thay đổi với màn ra mắt cùng BLACKPINK"".",2479,31,13,,https://www.facebook.com/hhsb.vn/posts/pfbid02zSMPbRRrFemi6HqQFWEcUrVnvV33TuBN5EwYqMqeZccGFXZUijAkeyrvEQZq5Tt4l,912.0,194.0,0.0,2.0,0.0,0.0
"BTS vừa có cuộc gặp gỡ Tổng thống Mexico tại Cung điện Quốc gia cũng như giao lưu với 50 nghìn người hâm mộ tại quảng trường Zócalo. 

Tổng thống Claudia Sheinbaum cho biết: ""Tôi vui mừng chào đón một trong những nhóm nhạc được giới trẻ Mexico yêu thích nhất: BTS. Âm nhạc và những giá trị tốt đẹp đã gắn kết Mexico và Hàn Quốc.

Bằng sự giản dị tuyệt vời, BTS đã gửi lời chào tới cộng đồng ""A.R.M.Y"" của họ cùng khoảng 50.000 người đã tập trung tại quảng trường Zócalo để chào đón nhóm. Tôi rất hạnh phúc vì đã có thể mang đến cho mọi người khoảnh khắc hân hoan này. Thông qua các bài hát của mình, nhóm truyền tải những thông điệp tích cực nhằm thúc đẩy một nền văn hóa hòa bình và bao dung.""",8778,344,260,,https://www.facebook.com/hhsb.vn/posts/pfbid0G67GQSasiyBAMeiz1zhbmsk8mY4qahEMVfFuUgCGXppui6g1YVZ6dDoVNCq84B4Gl,694.0,144.0,0.0,0.0,0.0,0.0
"(PLO)- Chủ tịch Quốc hội Iran nói rằng “thế giới đang đứng trước ngưỡng cửa của một trật tự mới”; Mỹ chuyển hướng 78 tàu trong thời gian phong toả các cảng Iran; Tổng thư ký LHQ hoan nghênh việc gia hạn lệnh ngừng bắn tại Lebanon.

#plo #baophapluattp #baophapluattphcm",66,1,1,,https://www.facebook.com/phapluattp.vn/posts/pfbid02u5DKRFq3AhiMixdMhqtYXsqeiaLFnoYrbKwsgwrKnB3vHpmB1z9MCDeM5JLN2V9wl,269.0,50.0,0.0,0.0,0.0,3.0
"(PLO)- Ông Trịnh Văn Tuấn, Chủ tịch Hội đồng quản trị PC1 bị khởi tố để điều tra về vi phạm quy định kế toán gây hậu quả nghiêm trọng và tham ô tài sản.

#plo #baophapluattp #baophapluattphcm",83,1,4,,https://www.facebook.com/phapluattp.vn/posts/pfbid02EZKWiT5wXbEP5ni2XiU88bsxRL9V7p5HXut6X8PNsKMTZMDvZAaGny3pERYEYWJpl,191.0,38.0,0.0,0.0,0.0,3.0
"(PLO)- Liên quan đến vụ hai cô gái tố bị nhóm người h.à.n.h h.u.n.g rồi lên xe Lexus, công an đã ra quyết định khởi tố vụ án hình sự gây rối trật tự công cộng.

#plo #baophapluattp #baophapluattphcm",276,1,6,,https://www.facebook.com/phapluattp.vn/posts/pfbid024Z5ysgBM6iZJkboC6MkMpBKF5bPjUWKUonxiL5XLno9moE9cHc8gbMZ9HwSWejpKl,198.0,39.0,0.0,0.0,0.0,3.0
OT4 BLACKPINK chụp selfie qua gương trong WC ở Met Gala 2026:,5540,20,26,,https://www.facebook.com/hhsb.vn/posts/pfbid02G3hrWm5fsMh18bKN9bw9BZ2nT8JEsri8XRT3NhbDPvpzrqwdEhopyQaP9Ndg6YkAl,61.0,12.0,0.0,0.0,0.0,0.0
"BTS sẽ đến thăm Cung điện Quốc gia và gặp gỡ Tổng thống Mexico vào hôm nay! 🇲🇽

Tại cuộc họp báo mới đây, Tổng thống Claudia Sheinbaum thông báo rằng bà sẽ có buổi trò chuyện với BTS vào lúc 17h ngày 6/5 (theo giờ Mexico, tức 6h sáng ngày 7/5 theo giờ Việt Nam)

Bà cho biết thêm rằng một trong những ban công của cung điện sẽ được mở cửa để các nghệ sĩ có thể chào đón người hâm mộ.

BTS đang chuẩn bị cho các buổi diễn tại Mexico City (ngày 7, 9 và 10/5), thông tin này thực sự đang khiến cộng đồng fan hào hứng. Đây là một phần trong nỗ lực ngoại giao văn hóa giữa Mexico và Hàn Quốc. Tổng thống Sheinbaum trước đó đã rất tích cực trong việc hỗ trợ người hâm mộ (ARMY) và thậm chí còn viết thư gửi Chính phủ Hàn Quốc để bày tỏ sự ủng hộ đối với chuyến lưu diễn này.",3539,80,47,,https://www.facebook.com/hhsb.vn/posts/pfbid0Wq7cP8QRvvYWFptt3eEBqr7X3gnVCvRBpcCX8wkt7x3PHJiRfKUDrujPEzwHnvzDl,768.0,168.0,1.0,0.0,0.0,0.0
Khoảnh khắc JISOO và JENNIE má kề má tình cảm đang viral trên X:,7346,62,30,,https://www.facebook.com/hhsb.vn/posts/pfbid0iT3sfnseu1niJNzZnhduu5pSyte1Lz4sY9WDfNGFseGqEXEhjwe92GXrc3os5vzyl,64.0,14.0,0.0,0.0,0.0,0.0
"Đang nhớ người yêu nà!
Cưng quá!",750,32,45,,https://www.facebook.com/hoiyeuchomeo.tv/posts/pfbid02jpSmVufePdYAPtc2MqiJQTXqQJbDxo93mAPWKhyduQXa1RGPSwMFXJCccHeLJyxEl,32.0,7.0,2.0,0.0,0.0,0.0
"Có quánh lại người ta đâu mà bày đặt 🤣
Cre: Đại ngáo Husky",742,40,5,,https://www.facebook.com/hoiyeuchomeo.tv/posts/pfbid026yCk1hWCCVbzs2uGy2dRR6gMrtTJYHH17V6PHitaeqyPyEJZgQ2fiyTuWBzuEnbRl,58.0,14.0,0.0,0.0,0.0,0.0
"Em ơi đừng tin nó lừa đấy! 
#Ki",2335,107,50,,https://www.facebook.com/hoiyeuchomeo.tv/posts/pfbid02gcgKMAs1EapcVbv5Fm5UrRSx4wxQbiUeYN7AYJcqEVBrcWA5LkmFv3BMtZU51BiYl,31.0,8.0,1.0,0.0,0.0,1.0
"🔥 PEAK NHẤT TUẦN: CHÚ BA DUY CHÍNH THỨC ""CHẠM NGÕ"" VAI ĐIỆN ẢNH KINH DỊ ĐẦU TIÊN!

Từ người ""gieo rắc nỗi sợ"" trên Youtube với những câu chuyện ma ""lạnh sống lưng"" đến một nhân vật trong Ma Xó, lần xuất hiện này không biết Chú Ba Duy thủ vai gì đây…

Bình thường nghe Chú Ba Duy kể chuyện là ớn óc rồi, lên phim thì sao đây ta?!

-----
MA XÓ - Lấy cảm hứng từ câu chuyện tâm linh có thật của người Việt
DỰ KIẾN KHỞI CHIẾU 05.06.2026

#phimmaxo #maxo",1639,141,5,,https://www.facebook.com/hhsb.vn/posts/pfbid0NQcpXq7dB2sVsTg1dvj6zMN4MAyZXduxfaNgxAkzYaqMAvqUtpoKcPbokemHtq5pl,449.0,96.0,2.0,1.0,0.0,2.0
"🚨 CHẤN ĐỘNG: LÝ DO THẬT SỰ ĐẰNG SAU VIỆC “TRÙM SÒ” MÊ TIỀN BỊ PHANH PHUI 🐚

Không chỉ đơn giản là tính toán hay ham tiền như nhiều người vẫn nghĩ. Best cut mới nhất của Trùm Sò đã hé lộ một quá khứ khiến khán giả phải “đứng hình” bởi quá khứ của kẻ phản diện.

Theo diễn biến trong phim, khi còn nhỏ, Trùm Sò từng chứng kiến mẹ không thể cứu được cha chỉ vì không đủ tiền để thuê người chở đi thầy thuốc. Chính biến cố đó đã khiến nhân vật trở nên ám ảnh với tiền bạc, chi ly đến từng đồng từng cắc và tạo ra bao tình huống oái ăm, dở khóc dở cười.

Trùm Sò - một bộ phim hài dành cho gia đình dán nhãn K. Cuối tuần này, đặc biệt dịp Ngày của Mẹ, Trùm Sò là lựa chọn hợp lý để cả nhà cùng ra rạp.",1704,21,6,,https://www.facebook.com/reel/1332460462064691/,696.0,160.0,0.0,0.0,0.0,0.0
"Rumor: Noo Phước Thịnh bị bắt gặp tại phim trường, khả năng ảnh comeback sau 2 năm ngủ đông, tham gia đường đua VPop căng đét năm nay",6373,156,36,,https://www.facebook.com/hhsb.vn/posts/pfbid0246L762GZebQCwJFv8zTQ2ZtEp6vRscsb6GK58tvqQ9VzhtAzUxQDJLW23fsrPBN5l,133.0,28.0,0.0,0.0,0.0,0.0
Đã VietCharm Show còn Võ Hạ Trâm - chỉ vài nốt đầu của Hello Vietnam đã đủ khiến cả khán phòng “nổi da gà”,3378,14,8,,https://www.facebook.com/reel/4362004067392059/,106.0,24.0,0.0,0.0,0.0,0.0
Cận cảnh outfit cực slay của LISA trong buổi tiệc vừa qua đang viral trên MXH:,1935,22,13,,https://www.facebook.com/hhsb.vn/posts/pfbid032V4ehipsPVSRWKkfFFu8fAJDqiaKoj1DJJZycqQmCRX4Vz5cC5mBkh1AqwiTC7Xzl,78.0,16.0,0.0,0.0,0.0,0.0
"Khoảnh khắc nữ diễn viên Lan Phương nhảy lên vì sung sướng sau khi kết thúc phiên tòa phúc thẩm vụ ly hôn của cô và chồng người Anh

Lan Phương được tòa giao cho quyền nuôi hai con gái Lina Linh và Mia Mai. Tòa cũng ghi nhận thỏa thuận giữa hai bên về chi phí cấp dưỡng nuôi con là 40 triệu đồng mỗi tháng đến khi các bé trưởng thành, hoặc hai bên có thỏa thuận mới. 

Theo: Ngôi Sao",22264,691,94,,https://www.facebook.com/hhsb.vn/posts/pfbid02CrbQfEogHNzQivLEQjpTQ3Lmrp4nZ9gcXm69SepnFeTU3LbX454fxH6GqgDHfiStl,383.0,83.0,0.0,0.0,0.0,0.0
"(PLO)- Qua kiểm tra, công an còn phát hiện trên xe có hơn 7.000 bao thuốc lá nhập lậu cùng với số pháo nổ nói trên.

#plo #baophapluattp #baophapluattphcm",191,1,3,,https://www.facebook.com/phapluattp.vn/posts/pfbid0k5qyNwd8ZY7ELRkxWectPBFsBpgGqMyx5r9N5uCiudVPH1pNMZUWRMr7exv86gtPl,154.0,29.0,0.0,0.0,0.0,3.0
"(PLO)- Trung Quốc và Mỹ đã đồng ý mở rộng thương mại nông sản thông qua việc giảm thuế quan, đồng thời xử lý các rào cản phi thuế quan và vấn đề tiếp cận thị trường sau chuyến thăm của Tổng thống Mỹ Donald Trump đến Bắc Kinh.

#plo #baophapluattp #baophapluattphcm",45,1,1,,https://www.facebook.com/phapluattp.vn/posts/pfbid02TLRJRkiZSndVNkE2v7Zjdkk274TQmJx9jgJrF7xeQ6MeRiMagC5uYTN5ZSddDrDKl,264.0,52.0,0.0,0.0,0.0,3.0
"🍉 Nửa năm bám bãi bồi, nửa năm ngược Tây Nguyên theo những mùa dưa hấu",63,1,1,,https://www.facebook.com/phapluattp.vn/posts/pfbid0AxHwVmRU4XXjTuzQ19z2JHMt1xYX5JB8ufE5wNAUN9hF6N9uaW5go5APpj8RejLkl,70.0,16.0,0.0,0.0,0.0,0.0
"Diễn viên Lan Phương nhảy cẫng lên vì sung sướng sau khi phiên tòa phúc thẩm vụ ly hôn của cô và chồng người Anh, David Duffy, kết thúc sáng 6/5.

Phiên phúc thẩm vụ ly hôn giữa diễn viên Lan Phương và David Duffy diễn ra tại Tòa án Nhân dân Tối cao TP Hà Nội, xem xét kháng cáo của David Duffy về quyền nuôi hai con chung. Cụ thể, David Duffy mong muốn tòa hủy phán quyết ở phiên sơ thẩm, trao lại quyền nuôi hai con Lina Linh và Mia Mai cho anh.

Sau phiên tòa kéo dài ba tiếng, hội đồng xét xử đưa ra phán quyết bác bỏ kháng cáo của David Duffy, giữ nguyên bản án sơ thẩm để Lan Phương là người trực tiếp chăm sóc hai con chung. David Duffy có trách nhiệm cấp dưỡng 40 triệu đồng mỗi tháng cho hai bé, có quyền thăm nom các con.

Kết thúc phiên tòa phúc thẩm, Lan Phương nhảy cẫng lên khi trò chuyện với nhóm luật sư đồng hành với mình. Chia sẻ với Ngôi Sao, cô cho biết cảm thấy vô cùng sung sướng và đã chờ đợi ngày này từ lâu để cảm thấy thực sự tự do.

Theo: Ngôi Sao / VnExpress",6291,123,23,,https://www.facebook.com/hhsb.vn/posts/pfbid028CxKx61DydbamxMXHtSvAd8GmtbRiuSW4YiEbVSCNBogYgMcxAHvXF7snxXCdPbRl,986.0,214.0,0.0,0.0,0.0,0.0
"LẠI LÀ ANH NỮA HẢ DŨNG ... 😅

Bóng Ma Hạnh Phúc chưa hết hot, ekip phim điện ảnh Mesdames Thanh Sắc chính thức công bố nam chính: diễn viên Lương Thế Thành trong vai Bá Dũng.

Với vẻ ngoài tài tử, phong độ và từng trải, Lương Thế Thành là lựa chọn hoàn hảo cho Bá Dũng - một Trưởng Ty Cảnh sát hiểu rõ “luật chơi” của cả thế giới ngầm lẫn thế giới thực nơi Sài Gòn thập niên 60.

Là người chồng bên cạnh Madame Sắc - người đàn bà quyền lực và giàu có, đồng thời Bá Dũng cũng là mắt xích quan trọng trong câu chuyện giữa Madame Sắc và vũ nữ Cầm Thanh. 

Lại tên Dũng, lại làm khổ phụ nữ nữa hả anh Thành ơi 😅

Mesdames Thanh Sắc chiếu tại rạp từ 19/06/2026

#mesdamesthanhsac #bongmahanhphuc #luongthethanh",3174,174,22,,https://www.facebook.com/hhsb.vn/posts/pfbid03741QpdTDTFkNSVNjhTLLZWA8JUguKwzHztfe4GhBXWgXM5jEsB13Uqt1MtQDjj1Rl,705.0,145.0,0.0,0.0,0.0,3.0
"Bộ phim chuyển thể từ webtoon nổi tiếng Dạ Hoa Tập chuẩn bị lên sóng vào cuối tháng 5, vừa tung trailer với nhiều cảnh 🔥

Phim do Kim Kang-jae thủ vai Yoon Seung-ho và Ji Min-seo thủ vai Baek Na-gyeom, đạo diễn bởi Choi Bo-kyung, người từng đồng đạo diễn bộ phim ""Divorce Insurance"" (Bảo hiểm ly hôn).",828,157,57,,https://www.facebook.com/hhsb.vn/posts/pfbid02sB8TYy4DNS9JVsREaS16Bd6KwUQRcrwAE4gvqPJhN6ThsHdNJya7dGrT841ewt6wl,301.0,59.0,0.0,0.0,0.0,0.0
"Đang ăn thì thấy gái xinh đi qua!
Cái rơi ra từ mồm nó là liêm sỉ đấy!",1025,100,55,,https://www.facebook.com/hoiyeuchomeo.tv/posts/pfbid0NkpeMKjvvHSfbmhpHTPHUhFLmXyP5qEd2bVoiXiyHdJVS6LGWQvUYW1VSP5zV2rml,70.0,18.0,2.0,0.0,0.0,0.0
"Chơi cái quần què gì kì cục vậy? Kaoooo là trò đùa của mi hã Sen :)))
Moá nó tức =)))
Cre: Cutie Cutie",1175,78,141,,https://www.facebook.com/hoiyeuchomeo.tv/posts/pfbid0yL8wyUYXoZeRpJB7qNsxenJsQ7jLbBeHtbqk4W69hKi6rnTduXPuwXUf4ubEgkewl,102.0,24.0,0.0,1.0,0.0,0.0
"Siêu trộm Kaito Kid phiên bản Mèo là đây!
Nên xử lý thế nào đây?
#Ki",530,61,32,,https://www.facebook.com/hoiyeuchomeo.tv/posts/pfbid023Mr7BBgEWn5Mknnb1whgaEU3tZE1dUSbAhPmBo6hu2GeNdXUtLV2C6ojRefEaBVWl,68.0,16.0,1.0,1.0,0.0,1.0
"Tối 16-5, công an TP Hải Phòng cho biết, sau khi tiếp tục củng cố chứng cứ, đấu tranh với các đối tượng liên quan, cùng ngày, Cơ quan CSĐT Công an thành phố đã ra quyết định khởi tố bị can, áp dụng biện pháp ngăn chặn tạm giam đối với Lê Ánh Nhật (tức ca sĩ Miu Lê) và Vũ Khương An về hành vi Tổ chức sử dụng trái phép chất ma túy; đồng thời, khởi tố bị can đối với Trần Minh Trang về hành vi Không tố giác tội phạm.

#plo #baophapluattp #baophapluattphcm",394,1,4,,https://www.facebook.com/reel/1623518482275181/,455.0,98.0,0.0,0.0,0.0,3.0
"‼️ Khởi tố, tạm giam ca sĩ Miu Lê",300,1,9,,https://www.facebook.com/phapluattp.vn/posts/pfbid02Q9dtA5LzUzrMyKyjC9NgncaAcGoiEFswMBNJ1vAQsAEZweTbb1zntnxUBCMRXVe4l,33.0,9.0,0.0,0.0,0.0,0.0
"Mưa gây ngập một số tuyến đường phía Đông TP.HCM, khu vực chợ Thủ Đức thoát nước nhanh",184,1,1,,https://www.facebook.com/phapluattp.vn/posts/pfbid0494X8K36HsJQpQ21C4b2bRyYfKVzmyjbBTf2pTNFvCh8SUbzKSzcNDCA9RVnenkol,86.0,18.0,0.0,0.0,0.0,0.0
"""Thẩm Mỹ Viện Âm Phủ"": Khi Ngọc Trinh thử sức đóng vai tâm lý nặng, Xuân Lan bắt đạo diễn đổi cái kết

Thoát khỏi vùng an toàn của những vai diễn hài hước ngây ngô như các phim trước, Ngọc Trinh tham vọng một vai diễn nặng ký về tâm lý trong tác phẩm kinh dị mới nhất của đạo diễn Nguyễn Hữu Hoàng. Đây là đạo diễn của nhiều phim thriller trước đây như Ống Kính S-át nhân, Song Song hay Ma Da.

Trọng tâm của câu chuyện được đặt lên vai bác sĩ Thanh (Ngọc Trinh thủ vai) - một người tài năng, nhiệt huyết nhưng đang mang trong mình nỗi dằn vặt khôn nguôi. Bi kịch ập đến vào đúng ngày Thanh từ chối lời cầu hôn của bạn trai Thuận, khiến anh gặp tai nạn và chìm vào hôn mê sâu. Áp lực viện phí đã đẩy cô đến quyết định làm việc tại một cơ sở y tế hẻo lánh, nơi khởi nguồn cho những chuỗi sự kiện rùng rợn.

Vốn là một người học ngành Y, nhân vật của Ngọc Trinh rất lý trí, thay vì là một scream-queen thường thấy của dòng phim kinh dị. Cô đón nhận các hiện tượng tâm linh bằng lăng kính thực chứng và tư duy logic. 

Sự tỉnh táo ban đầu ấy càng làm nổi bật cảm giác chới với ở nửa sau bộ phim, khi những quy luật vật lý thông thường không thể giải thích được sự kỳ dị của bệnh viện. Lúc này, Thanh buộc phải nghe lời bà Xuân (Xuân Lan đóng), thực hiện nghi thức để bước vào ""Cõi Vô Thường"" nhằm giải cứu người yêu và các oán linh. 

Cuộc hành trình từ một người vô thần đến khi dấn thân vào cõi âm, đi từ tỉnh táo đến u mê rồi tự mình thoát khỏi hố sâu tội lỗi, đã được Ngọc Trinh thể hiện tốt, đánh dấu bước tiến mới trong kỹ năng diễn xuất.

Song hành cùng Ngọc Trinh là màn hóa thân của siêu mẫu Xuân Lan trong vai bà Xuân - chủ thẩm mỹ viện với hành tung bí ẩn. Dưới vỏ bọc của một người chỉ biết thực hiện nghi lễ ""đi thiếp"", bà Xuân thực chất đang giật dây, thao túng Thanh để phục vụ cho những mưu đồ đen tối.

Cái kết hiện tại của phim là thành quả sau 3 tuần Xuân Lan nỗ lực thuyết phục đạo diễn thay đổi so với kịch bản gốc.

Đạo diễn Nguyễn Hữu Hoàng thừa nhận bản thân chịu nhiều ảnh hưởng từ phong cách làm phim từ vũ trụ kinh dị của James Wan hay thương hiệu The Conjuring, nhưng anh không sao chép, chỉ học hỏi Điều đó được thể hiện rất rõ qua tư duy hình ảnh nhạy bén của anh. 

Dẫu vậy, khâu kể chuyện của Nguyễn Hữu Hoàng vẫn hiện hữu điểm yếu. Mạch phim còn rời rạc, lạm dụng âm thanh chát chúa... vô tình gây phản tác dụng, mang lại cảm giác ồn ào thay vì sự sợ hãi sâu sắc. Rõ ràng anh cần một sự tiết chế tinh tế hơn để đẩy mạnh yếu tố kinh dị tâm lý. Một chi tiết khác cũng gây lấn cấn khi nhân vật của Ngọc Trinh luôn được trang điểm trong mọi tình huống dù đêm hay ngày, thức hay ngủ. Ngọc Trinh phản hồi là làm theo ý đạo diễn chứ bản thân sẵn sàng để mặt mộc, không chấp niệm phải đẹp mọi lúc. Tuy nhiên, đạo diễn cho biết anh muốn chỉn chu cho nhan sắc này, là một ý đồ cho nhân vật chứ không phải là sai sót. 

Tựu trung lại, Thẩm Mỹ Viện Âm Phủ là một phim mang nhiều tham vọng với ý tưởng tốt và sự nỗ lực làm mới mình của dàn diễn viên chính. Phim đậm đặc yếu tố jump scare nên vẫn là một trải nghiệm giải trí, phù hợp cho những khán giả muốn tìm kiếm những giây phút giật gân, hồi hộp tại rạp chiếu.",921,8,6,,https://www.facebook.com/hhsb.vn/posts/pfbid0yXc4bzRy7zc3ehxxBo5GRMR1X1EmNfVXj1ta4DH1rhjJz5M2uAddFQZZEWs8VNPHl,3131.0,690.0,0.0,0.0,0.0,0.0
"Nhà thiết kế người Bỉ Benjamin Bortmans đã lên tiếng tố ekip của JISOO không hoàn trả 3 bộ trang phục đắt giá thuộc bộ sưu tập của mình sau 6 tháng mượn để chụp ảnh bìa album. 

Dù đã nhiều lần liên hệ, thậm chí gửi hóa đơn và hợp đồng để can thiệp pháp lý, nhà thiết kế vẫn không nhận được bất kỳ phản hồi nào từ phía ekip Hàn Quốc, khiến anh bức xúc đăng đàn yêu cầu trả lại đồ.

Trước phản ứng của dân mạng về câu nói  ""Jisoo (BLACKPINK) đã lấy cắp trang phục của tôi"", Benjamin Bortmans đính chính rằng anh không có ý công kích cá nhân Jisoo mà chỉ dùng tên cô (vốn có trong các email làm việc) để thu hút sự chú ý của ekip nhằm đòi lại đồ. 

Dù yêu cầu cộng đồng mạng ngừng các bình luận tiêu cực, anh vẫn bày tỏ sự thất vọng: 

""Là những nhà thiết kế trẻ, chúng tôi đã dành rất nhiều thời gian cho các tác phẩm. Thật tồi tệ khi không nhận được câu trả lời và không được tôn trọng trong suốt 6 tháng trời. Tôi sẽ không xin lỗi. Toàn bộ ekip lần sau nên đối xử với mọi người tốt hơn, và nếu có vấn đề gì thì phải thông báo"".

Hiện tại, Jisoo và công ty quản lý vẫn chưa đưa ra bất kỳ phản hồi chính thức nào về vụ việc này.",5428,195,42,,https://www.facebook.com/hhsb.vn/posts/pfbid02SwGTGniLdPDgAHKfzLCN6cyd6afVn7NASjhH79nKqJSSxZSetkHFTpe4XGRUXqM7l,1127.0,249.0,0.0,0.0,0.0,0.0
"""Anh Năm"" Oh Sehun và chiếc ảnh chụp với nón lá Việt Nam vừa đăng trên Bubble",1536,26,8,,https://www.facebook.com/hhsb.vn/posts/pfbid02wu8w1TgkebLTQx4m4w9etK7RZZo2r26xZvMbai2Lm1mE8Hxce9K5aBzbeysxxWWMl,77.0,17.0,0.0,0.0,0.0,0.0
"(PLO)- Công an TP.HCM khởi tố, bắt Dương Thị Yến Oanh (47 tuổi), Dương Thị Yến Xuân (56 tuổi) và Thạch Hiểu (47 tuổi), cùng cư trú tại TP.HCM về hành vi sản xuất, buôn bán hàng giả là phụ gia thực phẩm là bột ngọt giả nhãn hiệu.

#plo #baophapluattp #baophapluattphcm",6457,6,1385,,https://www.facebook.com/reel/26518045967897035/,267.0,52.0,0.0,0.0,0.0,3.0
"(PLO)- Lực lượng Phòng vệ Israel tuyên bố đã hạ sát ông Izz al-Din al-Haddad – lãnh đạo cánh quân sự của nhóm vũ trang Hamas trong cuộc không kích tối 15-5, phía Hamas xác nhận thông tin này.

#plo #baophapluattp #baophapluattphcm",121,1,4,,https://www.facebook.com/phapluattp.vn/posts/pfbid0F7kpss9Agk1NQm6mHkV9Dwj6mCkCX7QM3yZREm2dgoaxitjymJZRdfuQmGQDZrVKl,230.0,42.0,0.0,0.0,0.0,3.0
"Xem chi tiết dưới phần bình luận 👇

#plo #baophapluattp #baophapluattphcm #thitban",20,1,5,,https://www.facebook.com/phapluattp.vn/posts/pfbid0p9dTRGTT5BLKsJ5PB2uE8zBvUBK3uXyvgVj3TZVafsn3FvsMTMGCMoKGbcqY2syJl,82.0,12.0,0.0,0.0,0.0,4.0
"Tí nữa thì nhìn nhầm!
Nhìn anh có ngầu không Sen!
Mua quần áo đẹp cho anh đi nà!",744,66,51,,https://www.facebook.com/hoiyeuchomeo.tv/posts/pfbid02JexhhTPXfKrPRrkgX2Hv96KXNrTcRXuEKCRkKjekHAYVSKHAy4Fq86q3w4Do7bAUl,80.0,19.0,3.0,0.0,0.0,0.0
"CÁCH HUẤN LUYỆN CHÓ CON ĐI VỆ SINH ĐÚNG CHỖ HIỆU QUẢ 100%
PHẦN 2: LẬP THỜI GIAN BIỂU BỮA ĂN, CHUẨN BỊ DỤNG CỤ VÀ CÁCH HUẤN LUYỆN
Nhìn dài tưởng khó thôi, chứ huấn luyện dễ lắm anh em nha:
6, Lập thời gian biểu cho bữa ăn
Cún to thường ăn 2 bữa 1 ngày, cún nhỏ thường ăn 3 bữa một ngày. Thông thường cún thường đi vệ sinh sau khi ăn, vì thế bạn nên thiết lập thời gian mỗi bữa ăn, giới hạn thời gian ăn mỗi bữa cho cún, thông thường khoảng 20 ph mỗi bữa, sau 20 ph kể cả còn thừa cũng nên cất đi để cún hiểu, chỉ được ăn trong ngần đó thời gian:
Không nên cho chó ăn nhiều bữa, và ăn vặt giữa các bữa vì nó sẽ có 2 hậu quả:
Chó không đi vệ sinh theo giờ vì chúng cứ thích là ăn
cún sẽ cho rằng bạn không phải người cung cấp thức ăn, yếu tố này rất quan trọng trong huấn luyện
7, Dụng cụ
Chuẩn bị chuồng hoặc cũi nhốt
Chó có đặc điểm là không đi vệ sinh gần nơi chúng nghỉ ngơi và ăn uống. Vì vậy 1 chiếc chuồng là vô cùng cần thiết, bạn nên cho cún làm quen với chuồng, bởi sau này còn rất nhiều cún nhất định phải sống trong chuồng: đi du lịch, đi khám, đi spa....
Chó sẽ không đi vệ sinh ngay chỗ mình ở, mà sẽ nhịn vệ sinh, đến 1 lúc không thể nhịn được chó sẽ sủa và ra hiệu cho bạn chúng cần đi vệ sinh.
Bạn cần lưu ý không nên chọn lồng quá rộng. Đối với những chú chó dưới 6 tháng tuổi, bạn không nên nhốt cúng quá 3-4h trong lồng. Ở độ tuổi này, chó con cần được ra ngoài nhiều hơn.
8. Lên thời gian biểu huấn luyện chó
Dưới đây là thời gian, mình dùng cho em Sam nhà mình, mình đi làm 8 tiếng/ ngày, các Sen tham khảo nhé:
6h30: Thức dậy, đưa cún đi vệ sinh
6h45-7h: Cho cún chơi đùa
7h-7h20: Cho cún ăn
7h20-7h30: Cho cún đi vệ sinh
7h30: Nhốt cún vào chuồng
12h-12h15: Cho cún đi vệ sinh (Nếu bạn về nhà buổi trưa)
12h15-12h30: Cho cún chơi đùa
12h30-12h50: Cho cún ăn uống
12h50-13h: Cho cún đi vệ sinh. Sau đó nhốt vào lồng
18h-18h10: Về nhà và cho cún đi vệ sinh
18h10-18h30: Cho cún chơi đùa
18h30-18h50: Cho cún ăn uống
18h50-19h: Cho cún đi vệ sinh. Sau đó nhốt vào chuồng
23h: Cho cún đi vệ sinh. Sau đó nhốt vào chuồng đến sáng
Lưu ý: Thời gian biểu có thể thay đổi linh hoạt theo thời gian rảnh của bạn. Nếu bạn không về nhà vào buổi trưa, có thể nhốt cún trong chuồng từ sáng đi làm cho đến lúc về nhà vào buổi chiều.
PHẦN QUAN TRỌNG: CÁCH HUẤN LUYỆN
Khi bắt đầu huấn luyện, bạn cần tuân thủ tuyệt đối theo thời gian biểu và thời gian cho chó ăn.
1, KHẨU LỆNH HUẤN LUYỆN
Bạn cần chú ý thời gian và các dấu hiệu khi buồn đi vệ sinh của chó.Thấy cún có dấu hiệu là phải đưa đến nơi bạn xác định là nhà vệ sinh ngay kèm theo 1 câu lệnh: Đi vệ sinh, nhanh lên... 
Lưu ý trong quá trình huấn luyện chỉ được dùng 1 câu lệnh duy nhất. Hãy nhắc ng thân dùng một câu lệnh duy nhất đó.
KHEN THƯỞNG
Khen thưởng là điều vô cùng quan trọng trong việc huấn luyện. Điều này giúp chó có thể nhận biết được rằng hành động đi vệ sinh đúng chỗ như vậy là rất tốt. Bạn có thể khen thường chó bằng hành động như: ôm, xoa đầu… hoặc dùng bánh thưởng. 
Tuy vậy có 1 vài điều cần lưu ý khi khen thưởng chó:
Không nên khen thưởng chó quá sớm. Chỉ khen thưởng chúng sau khi đã thưc hiện xong hành động đi vệ sinh. 
Nên khen thưởng chó trong khoảng 5 giây sau khi chúng đi vệ sinh xong. Để lâu hơn có thể khiến cho chó không hiểu bạn đang khen thưởng chúng về điều gì.
Trong giai đoạn đầu huấn luyện, bạn có thể dùng bánh thưởng để thưởng cho chó. Nhưng đến những giai đoạn sau, bạn hãy dần loại bỏ bánh thưởng. Đừng để chúng nghĩ rằng làm điều này sẽ được ăn bánh. 
Cho chơi đùa sau khi chú chó của bạn đi vệ sinh đúng chỗ cũng là 1 phần thưởng đối với chúng.
KHÔNG NÊN QUỞ TRÁCH CHÓ KHI CHÚNG ĐI VỆ SINH SAI CHỖ
Hãy kiên trì với các bé, vì trong 1, 2 ngày đầu các em không thể nhớ ngay được. Đừng quát mắng các em sẽ có xu hướng dấu ""sản phẩm"" của mình đi đó.
Hãy nhẹ nhàng vỗ tay và nói: Không được đâu nhé! Sau đó hãy dọn dẹp thật sạch sẽ chỗ mà cún vừa đi vệ sinh. Vì chúng còn ngửi thấy mùi nước tiểu của chúng ở trên sàn nhà, lần sau chúng sẽ lại đi bậy vào đúng chỗ đó.
Điều cuối cùng, hãy kiên trì với các em, vì các em cũng giống em bé, cần thời gian mới học nhanh được nha!
CHÚC CÁC SEN THÀNH CÔNG NHƯ SAM NHÀ AD!",145,33,24,,https://www.facebook.com/hoiyeuchomeo.tv/posts/pfbid0R9dPtv1UsqwFxZM3zmYCUsMQdNAhTZcrPoEwkXG76mZVLkSgsrFFZxRri2d3Vzqtl,4116.0,913.0,3.0,0.0,0.0,0.0
Thế giới này thật đáng sợ! Cho tao về hành tinh của tao đi! Lũ Sen này điên hết rồi!,566,66,26,,https://www.facebook.com/hoiyeuchomeo.tv/posts/pfbid0E7SPtskcmxLCAuzM2APrPpkrW9E1HQJzdoPThNsn7r3rGQmkrpiAy2aL6cJU3b8yl,84.0,20.0,3.0,0.0,0.0,0.0
"10 năm trước, BTS đã đến chùa Bomunsa trước khi phát hành album Wings năm 2016 để cầu nguyện thành công, và giờ đây Yoongi và Taehyung lại đến chùa trước khi phát hành album ARIRANG năm 2026 để tiếp tục xin lộc 💜

“BTS Kim Namjoon, Kim Seokjin, Min Yoongi, Jung Hoseok, Park Jimin, Kim Taehyung, Jeon Jungkook.
Chúc năm 2026 sẽ là một năm thành công rực rỡ.""",5594,61,71,,https://www.facebook.com/hhsb.vn/posts/pfbid05nqbr3wSUN1Rm3HacmMsWkKvmSxabHNwyXK9zpjBgAj38szwM2rZWruTi1CbBfTgl,358.0,70.0,0.0,0.0,0.0,0.0
Outfit tham dự tiệc tối after-party ở Met Gala 2026 của JENNIE nhận được nhiều lời khen trên MXH:,3074,15,10,,https://www.facebook.com/hhsb.vn/posts/pfbid02UkKwXkmXikYfd66j8wj9pG4FjDnsWT37qqf6XDQav9Jm1Ub5yFHiDdFn1HRUAQTdl,97.0,19.0,0.0,0.0,0.0,0.0
"Fan của WANNA ONE ""cắt hành"" khi gặp lại Lai Kuanlin (Lại Quán Lâm) trên show",1981,28,12,,https://www.facebook.com/hhsb.vn/posts/pfbid08VzVhh18PkiCPFSNz2nFppXiCW88YxptHCy1vJ28DTMHRFxDEq4qBWZxWyNk7kAgl,77.0,16.0,0.0,0.0,0.0,0.0
"(PLO)- Một đoàn tàu tông phải xe buýt chở khách tại Bangkok (Thái Lan), làm 8 người t.h.i.ệ.t m.ạ.n.g, 25 người bị thương.

#plo #baophapluattp #baophapluattphcm",107,1,4,,https://www.facebook.com/phapluattp.vn/posts/pfbid02533XsZPemDwK1Gy7kGpEgfWc36HZ4161DBNSJzmes536ddVf8bsfzBtPFhUTrnjXl,161.0,26.0,0.0,0.0,0.0,3.0
"(PLO)- Thượng đỉnh Trung - Mỹ tại Bắc Kinh đã kiến tạo một bước ngoặt quan trọng khi hai bên cùng chủ động định vị lại quan hệ đối tác và thiết lập nền tảng ổn định mới dựa trên thực tế về sự gắn kết không thể tách rời giữa hai nền kinh tế hàng đầu thế giới.

#plo #baophapluattp #baophapluattphcm",44,1,1,,https://www.facebook.com/phapluattp.vn/posts/pfbid0MofrbjxeFfhJSuzp2PCYozwDYok6WxMtNQq5AESbzyMNumbRFD4XxpnhkHWqFCQ3l,297.0,62.0,0.0,0.0,0.0,3.0
"Ngày 16-5, lãnh đạo Đội Cảnh sát giao thông đường bộ số 15/1 thuộc Phòng Cảnh sát giao thông Công an tỉnh Khánh Hòa cho biết đơn vị đã lập biên bản vi phạm hành chính đối với ông NMH (51 tuổi, ngụ phường Đông Phú, tỉnh Đồng Nai) do đã điều khiển xe đầu kéo làm hư hỏng cần chắn tại đường ngang đường sắt.

#plo #baophapluattp #baophapluattphcm",99,1,2,,https://www.facebook.com/reel/1561763795536328/,343.0,69.0,0.0,0.0,0.0,3.0
"GỬI NỘI DUNG NHẠY CẢM CỦA CHÍNH MÌNH HAY NGƯỜI KHÁC QUA ZALO, MESSENGER... CÓ THỂ BỊ PHẠT TIỀN TỚI 1 TỶ ĐỒNG, KHỞI TỐ HÌNH SỰ PHẠT TÒO ĐẾN 15 NĂM

Ngay cả việc gửi clip, hình ảnh nhạy cảm của chính bản thân mình hoặc người khác qua tin nhắn cá nhân cũng có khả năng bị khởi tố hình sự nếu đủ yếu tố cấu thành tội phạm.

Theo đó, bí mật cá nhân và quyền bất khả xâm phạm về đời sống riêng tư là những quyền cơ bản được Hiến pháp bảo vệ. Việc phát tán, lưu trữ và chia sẻ những nội dung nhạy cảm mà không được sự cho phép của chủ thể là hành vi vi phạm pháp luật nghiêm trọng. Tùy theo mức độ, người vi phạm có thể đối mặt với:

⚖️ Tội truyền bá văn hóa phẩm đồ-i tr-ụy (Điều 326 Bộ luật Hình sự): Phạt tiền từ 8 – 100 triệu đồng, cải tạo không giam giữ đến 3 năm hoặc phạt tòo từ 6 tháng đến 15 năm.

⚖️ Tội làm n-hục người khác (Điều 155 Bộ luật Hình sự): Nếu việc phát tán nhằm b-ôi nhọ, xú-c phạm danh dự, nhân phẩm, mức phạt có thể lên tới 5 năm tòo.

⚖️ Tội đưa hoặc sử dụng trái phép thông tin mạng máy tính, mạng viễn thông (Điều 288 Bộ luật Hình sự): Mức phạt có thể lên đến 1 tỷ đồng và phạt tòo tới 7 năm.

Theo: Kenh14",2513,991,291,,https://www.facebook.com/hhsb.vn/posts/pfbid02hc1mKa6gdTQqmDc6MLdj2kjT3xmVku3jNwTJNKBE9wTkCwDymCFTX7FAT1HypD8fl,1128.0,254.0,0.0,0.0,0.0,0.0
"Bức ảnh thời thơ ấu của Jang Wonyoung được tiết lộ nhân ngày Thiếu Nhi Hàn Quốc và phong thái ""sinh ra đã là một nàng công chúa"".",2451,42,19,,https://www.facebook.com/hhsb.vn/posts/pfbid0kc6Wyr3bt9dAfYY9reDA4f2uMJRVgtjrr4pJ2csB9PYsUGj4X2GXPWSY2ccvGcWml,129.0,28.0,0.0,0.0,0.0,0.0
"Nhân ngày Thiếu Nhi Hàn Quốc, 5 thành viên CORTIS (James, Juhoon, Martin, Seonghyeon và Keonho) đã tự cosplay ảnh hồi bé của chính mình.",1345,33,23,,https://www.facebook.com/hhsb.vn/posts/pfbid02CjiMYUFso3HS5KdWvXqLHQTAs2bCgLRvneJqg1A2vcxRprKe9XfY7rDo5pD3GxByl,136.0,25.0,0.0,0.0,0.0,0.0
Xuất khẩu sầu riêng tăng khủng hơn 200%,159,1,1,,https://www.facebook.com/phapluattp.vn/posts/pfbid02hwTFTeSZsq2jss1vkFoAE6QkMnc1nnQWs2Pt6yifhVdu5wuo7PJvqSQXd5BisEjSl,39.0,8.0,0.0,0.0,0.0,0.0
"(PLO)- Người phụ nữ Lâm Đồng vượt 1.800km ra Lai Châu nhận lại gần 3 tỉ đồng chuyển khoản nhầm tưởng đâu đã mất.

#plo #baophapluattp #baophapluattphcm",351,1,8,,https://www.facebook.com/phapluattp.vn/posts/pfbid0S25mKK4FwtGjSSKiPrv5xoUggGvFJvZYWXRCsU97awBZDSbz4ohQ16woQXFrD3Znl,151.0,27.0,0.0,0.0,0.0,3.0
"(PLO)- Sở Y tế TP.HCM yêu cầu các cơ sở kinh doanh dược, cơ sở khám chữa bệnh ngừng ngay việc kinh doanh, sử dụng lô thuốc nhỏ mắt Natri clorid 0,9%. 

#plo #baophapluattp #baophapluattphcm",67,1,8,,https://www.facebook.com/phapluattp.vn/posts/pfbid0aJwDEto3Pr4jUy7nbR3xm1GeeN1PmNhvHYr4JL8dN6sjmquLmeTLA2thAiuYh3b3l,189.0,35.0,0.0,0.0,0.0,3.0
"🐶 THƯỞNG THỨC MỘT BỘ PHIM HAY, CỨU LẤY HÀNG TRĂM THÚ NUÔI CƠ NHỠ 🐶
Vừa được thưởng thức phim hay lại vừa làm việc ý nghĩa, cứu giúp rất nhiều em Cún, em Mèo cơ nhỡ!
Đây là một bộ phim hài hước và cũng vô cùng cảm động được kể theo lời của chú chó Enzo.

Thông qua mối quan hệ giữa chủ của mình Denny (Milo Ventimiglia) một tay đua Công Thức Một đầy tham vọng, Enzo đã có được cái nhìn rất sâu sắc về cuộc sống của con người cũng như hiểu rằng các kiến thức về đua xe có thể áp dụng phần nào trước những “bước ngoặc” mà chúng ta phải vượt qua. Bên cạnh đó, bộ phim còn nói về câu chuyện tình yêu giữa Denny với vợ anh ấy – Eve (Amanda Seyfried), với cô con gái nhỏ Zoe (Ryan Keira Armstrong), và với người bạn thân nhất trên đời, Enzo 

Rủ người ấy, rủ bạn cùng tình yêu với các em hẹn hò đi nào các Sen!
P/s: Chúng mình share vì ý nghĩa nhân văn của bộ phim, không hề có mục đích thương mại nào đâu nha!",122,7,3,,https://www.facebook.com/hoiyeuchomeo.tv/posts/pfbid02kNE3L7wAPGSGQ3gi747XBodjdLULd4cHeq5T2gBDKY7puqEnaU43J22EbsHgvdgSl,903.0,200.0,3.0,0.0,0.0,0.0
Ai nhặt mồn hộ tao đi huuhu! Rớt hàm rồi!,1021,52,94,,https://www.facebook.com/hoiyeuchomeo.tv/posts/pfbid02dxN7SoRTSzSBjUUxQtL4G8uLYpKg36oovQuodrwztp9KKV3ysyW2rRogfUn8rizvl,41.0,10.0,2.0,0.0,0.0,0.0
"Bế Kao đi Sen, Kao nhẹ lắm nè!",1190,118,82,,https://www.facebook.com/hoiyeuchomeo.tv/posts/pfbid033HohyhVWa8RwwhTPLg1FPBq2rCQzahBZXXuzUKaChBb6tNTRUjrsfFNDFx1JGMsDl,30.0,8.0,1.0,0.0,0.0,0.0
"(PLO)- Cảnh sát giao thông ở Đắk Lắk đã kiểm tra xe khách, bắt được nghi phạm gây ra vụ cướp dây chuyển vàng ở Gia Lai đang trên đường bỏ trốn.

#plo #baophapluattp #baophapluattphcm",71,1,1,,https://www.facebook.com/phapluattp.vn/posts/pfbid021e2fHwrDz6YF1XmSeJdP6q7zDkfyPXnWQGKseq9i8XUUKoD7bSRCvjxPUfx5Tu3al,182.0,35.0,0.0,0.0,0.0,3.0
2 ngày đêm vật lộn với đám cháy ở bãi rác 1 ha ở Quảng Ngãi,49,1,1,,https://www.facebook.com/phapluattp.vn/posts/pfbid02U1xJSMa5MNniUwSvob2B6dvGEQHw9m8cy5tbSuhxSjL7T69bCcBz3MJF7b6ewJA9l,59.0,16.0,0.0,0.0,0.0,0.0
"(PLO)- Tổng thống Mỹ Donald Trump cho biết đang dần mất kiên nhẫn với Iran và đang cân nhắc dỡ bỏ các lệnh trừng phạt của Mỹ đối với các công ty dầu mỏ Trung Quốc mua dầu của Iran.

#plo #baophapluattp #baophapluattphcm",64,1,0,,https://www.facebook.com/phapluattp.vn/posts/pfbid02wyPxwN7xrXXbmsAknsmPE6HtqwWRLcGFPvnqZoDUjwFcMiofMqj5fx7iXR57EWqXl,219.0,43.0,0.0,0.0,0.0,3.0
OT4 BLACKPINK trong buổi tiệc after-party của Met Gala 2026,7109,84,41,,https://www.facebook.com/hhsb.vn/posts/pfbid01JGEUV9BP9XVC8b6nSYv9paXzFpy4ZPPguyTqShG75LUCMWiKLy2bPKyGN5xTwhyl,59.0,10.0,0.0,0.0,0.0,0.0
"Mới đây, thông báo chính thức từ Công ty Cổ phần Miss Grand International cho biết, tập đoàn của ông Nawat Itsaragrisil đã được cấp quyền quản lý bản quyền quốc gia của cuộc thi Miss Universe tại 5 quốc gia, bao gồm: Việt Nam, Indonesia, Malaysia, Lào và Singapore",1385,98,13,,https://www.facebook.com/hhsb.vn/posts/pfbid0WhuZ7kbJf7niAqWPggQ4HpiRdLiMmPe67w5K7yBiM1wPgkMGDNfSi44CKV9Joujgl,264.0,50.0,0.0,0.0,0.0,0.0
Ảnh selfie của 4 thành viên BLACKPINK và các nghệ sĩ nữ qua gương tại Met Gala 2026,8589,38,31,,https://www.facebook.com/hhsb.vn/posts/pfbid0VuiCC2LdxP5yp1Cbgi8jeyZomfWcj3A5nEtNrvjn9ftnBVakHKy8Ptv5toZjCr3ml,83.0,18.0,0.0,0.0,0.0,0.0
"(PLO)- Tổng thống Mỹ Donald Trump cho biết lực lượng Mỹ và Nigeria tiến hành chiến dịch hạ sát ông Abu-Bilal al-Minuki – phó chỉ huy toàn cầu của tổ chức khủng bố Nhà nước Hồi giáo tự xưng (IS).

#plo #baophapluattp #baophapluattphcm",127,1,2,,https://www.facebook.com/phapluattp.vn/posts/pfbid02h2bWBZ9eYjkojgLt8m7oFWByexo7YQ3H9TAs6Z8dNt75MWY6UWbT5FMHF3pqG5uDl,233.0,43.0,0.0,0.0,0.0,3.0
WHO cập nhật số ca nhiễm virus Hanta,66,1,0,,https://www.facebook.com/phapluattp.vn/posts/pfbid02Etyh4AaUULrgfqv68LbutuhTzJNsukLUEnGDCFay8tKHz5ctNTjPuLYzJZABgpuWl,36.0,8.0,0.0,0.0,0.0,0.0
"(PLO)- Cơ quan Cảnh sát điều tra Bộ Công an đã ra quyết định khởi tố năm vụ án hình sự về tội xâm phạm quyền tác giả, quyền liên quan, khởi tố bảy bị can, trong đó có ca sĩ Quang Lập.

#plo #baophapluattp #baophapluattphcm",1227,1,69,,https://www.facebook.com/phapluattp.vn/posts/pfbid0xYNx1nx4ew2F8j8xSFjJg8mHN2RtJCxgUNJdsM51CFhJzbzV6T2sRSwTnpVcMv36l,222.0,46.0,0.0,0.0,0.0,3.0
"CHẤN ĐỘNG FAN HÈ NÀY! ""YOUR NAME."" (TÊN CẬU LÀ GÌ.) CHÍNH THỨC TÁI XUẤT MÀN ẢNH RỘNG VÀO THÁNG 6 NÀY

""Tôi đang tìm cậu, người mà tôi chưa từng gặp.""

Từ Shinkai Makoto – vị đạo diễn của những bản tình ca hình ảnh, siêu phẩm anime huyền thoại Your Name. (Tên Cậu Là Gì.) sẽ một lần nữa đổ bộ rạp Việt. Hành trình của những sợi dây duyên phận kết nối qua không gian và thời gian, là tiếng gọi thổn thức của những người trẻ lạc mất nhau giữa dòng đời.

Ra rạp, để cùng Taki và Mitsuha tìm lại cái tên đã từng khiến trái tim bạn rung động mãnh liệt. Đừng để lỡ hẹn hè này!

—------- 📅 Dự kiến khởi chiếu từ: 05.06.2026 
your name. được phát hành bởi AEON BETA

#yourname #TenCauLaGi #AEONBETA #AEONBETACinema",3780,853,419,,https://www.facebook.com/hhsb.vn/posts/pfbid037PZCufumnyp3d5K3gvsPeY6ATHc7bFsEcW6bYhnNPo65sFfghQnJ47ttAM24iQ1Nl,705.0,143.0,2.0,0.0,0.0,4.0
BLACKPINK trở thành nhóm nhạc nữ K-Pop đầu tiên có đầy đủ thành viên tham dự Met Gala.,4145,38,22,,https://www.facebook.com/hhsb.vn/posts/pfbid02L6WMYVm7s7EL7ZbW5FYHiZCN2HY9TXW3GZde5vdhn663bU9YerjEDBLcKScvT3E5l,86.0,18.0,0.0,0.0,0.0,0.0
"Khoảnh khắc viral của KEONHO trên MXH khiến fan ""than phiền"" vì gây mất tập trung xem show diễn:",4415,168,81,,https://www.facebook.com/reel/2105056107073864/,96.0,19.0,0.0,0.0,0.0,0.0
Toàn cảnh sự kiện Met Gala 2026 với những bộ trang phục nổi bật ấn tượng của dàn sao Hollywood cũng như châu Á với các đại diện K-Pop.,2856,72,91,,https://www.facebook.com/hhsb.vn/posts/pfbid02CUCvcviyoinquodGG5sWaVi7WTCQY7LHwYVCtjFqSjn9gY6LAAMUxdbFERVrUXL8l,134.0,29.0,0.0,0.0,0.0,0.0
"Dựa trên số ngày 695 tính đến ngày 5/5 (hôm nay), Sơn Tùng M-TP được xem là người dẫn đầu BXH Ca sĩ lặn lâu nhất Vbiz. 

Trước hành động ""dọn sạch"" Instagram vào khuya qua, một số cư dân mạng suy đoán, có khả năng anh sẽ comeback vào ngày thứ 705 (tức 10 ngày tới - 15/5), vì sinh nhật của Sơn Tùng M-TP là 05/07.",1850,154,12,,https://www.facebook.com/hhsb.vn/posts/pfbid02r3iHFZyDH3qwj61n258G4o9Fg2Ysu29SM3mikM685V1WVxxWoivcYMy3t1ngpY1pl,313.0,68.0,0.0,0.0,0.0,0.0
"Katy Perry và chiếc outfit ""on-off"" độc đáo tại Met Gala 2026

Fan trêu: Gặp người mình muốn nói chuyện thì mở ra, gặp người mình không ưa thì lại đóng vào",928,25,6,,https://www.facebook.com/hhsb.vn/posts/pfbid02EDfMoyEWRPED5ndm9e7n6qzqr9csd91gg1LSy9WxKGXopaHEY3qbEukgKQnXmnTsl,155.0,32.0,0.0,0.0,0.0,0.0
"CÁCH HUẤN LUYỆN CHÓ CON ĐI VỆ SINH ĐÚNG CHỖ HIỆU QUẢ 100%
PHẦN 1: NGHIÊN CỨU THÓI QUEN, QUY LUẬT ĐI VỆ SINH, BIỂU HIỆN KHI BUỒN ĐI VỆ SINH
Có rất nhiều Sen hỏi Ad về cách huấn luyện chó đi vệ sinh đúng chỗ, ad không thể trả lời từng Sen một nên làm hẳn 1 topic để các Sen tham khảo nhé:
1, Lưu ý về giống chó
Tùy vào kích cỡ của giống chó mà chúng có tần suất đi vệ sinh khác nhau. Giống chó càng nhỏ đi vệ sinh càng nhiều hơn sô với giống chó lớn, do chó nhỏ có kích thước bàng quang nhỏ hơn.
2, Xác định thời điểm huấn luyện
Chó nhỏ thường không kiểm soát được bàng quang hay đường ruột hoàn toàn và cũng không phân biệt được đi vệ sinh trong nhà là sai. Thời điểm thích hợp nhất để huấn luyện chó là khi chúng được khoảng 6 tháng tuổi. Thời gian đầu nên để chó con quen với môi trường sống.
Một lưu ý nữa là, độ tuổi theo tháng của chó tỉ lệ thuận với thời gian chó có thể nhịn đi vệ sinh. Một chú chó nhỏ 3 tháng tuổi có thể nhịn di vệ sinh tối đa 3 tiếng. Tuy vậy, ban đêm chó không đi vệ sinh như người. Chó từ 4 tháng tuổi sẽ ngủ một mạch tới sáng.
3, Xác định chỗ đi vệ sinh cho chó
Bạn phải xác định chỗ đi vệ sinh cố định cho chó, không được thay đổi. Nơi đi vệ sinh có thể là bồn cầu, góc sân, góc vườn, hoặc bất kỳ chỗ nào bạn cảm thấy hợp lý.
4, Biểu hiện của chó khi buồn đi vệ sinh
Chó ngửi dưới sàn nhà
Chó cào móng
Chó chạy vòng quanh
Chó rên ư ử, nhìn ra phía cửa
Chó ngồi xổm
5, Nghiên cứu thói quen và quy luật đi vệ sinh của chó
Bạn nên ghi chép lại thói quen đi vệ sinh của chó trong khoảng 2-4 ngày. Cần chú ý tách riêng khi chó đi nặng và đi nhẹ. Lưu ý 2 khoảng thời gian sau:
Thời gian chó đi vệ sinh sau khi ngủ dậy
Thời gian chó đi vệ sinh sau khi ăn uống
(Nhớ đón đọc phần 2 nha, dài quá, buồn ngủ quá rồi)",196,38,21,,https://www.facebook.com/hoiyeuchomeo.tv/posts/pfbid0zXGWizvyJSneZCohhXt2vhvLCPWwDKqJUgLajBbnw3WxUheBWNZMomvtR6NgCU4Ul,1734.0,401.0,0.0,0.0,0.0,0.0
Dành cả thanh xuân để phỡn với mây trời hoa lá <3,836,58,56,,https://www.facebook.com/hoiyeuchomeo.tv/posts/pfbid02axq6Am9aGc3pNUr6CNTgCAzT2TFt6vbqc69PedcZ5r8DobTmAMeX4R9uBiMKhNZEl,49.0,12.0,0.0,0.0,0.0,0.0
Khi bị ngải heo nhập thì sẽ trông như thế nào 🤣,914,75,3,,https://www.facebook.com/hoiyeuchomeo.tv/posts/pfbid0dRMGCTydDw2JeVtCnXW2wEfbNUbB5EzKNB1Z18KNiE4Q7rGLgU7hnK3zbqcXLEFvl,47.0,12.0,0.0,0.0,0.0,0.0
TP.HCM tiếp nhận nhiều công dân sập bẫy l.ừ.a đ.ả.o 'việc nhẹ lương cao' ở Campuchia,127,1,3,,https://www.facebook.com/phapluattp.vn/posts/pfbid0ZUtAoiiCusuckBkhCYxCMaTa53sKCSrzVFocDeYZb8xHFhwYyV6FHaVwRN9k57ASl,84.0,16.0,0.0,0.0,0.0,0.0
Cháy xe buýt dữ dội trên đường phố Hà Nội dưới thời tiết nắng nóng,60,1,1,,https://www.facebook.com/phapluattp.vn/posts/pfbid0x7UkjasSzETgZxvMCYqLaBMYJdn19U9M7aCPuaskseUARJtnmeMN8AJj2ZuNxhQil,66.0,15.0,0.0,0.0,0.0,0.0
"(PLO)- Các đơn vị nghiệp vụ Công an tỉnh Khánh Hòa đã triệt phá đường dây l.ừ.a đ.ả.o tiền mã hóa quy mô lớn với thủ đoạn đầu tư tiền ảo qua sàn giao dịch điện tử “3commas.asia”.

#plo #baophapluattp #baophapluattphcm",110,1,5,,https://www.facebook.com/phapluattp.vn/posts/pfbid02cf1YkCJ4iNsx6riFUvUF1pTsPRxFXCzE1WjFXbSgwBwEpgZmx4Ei4CFzDQngFCGKl,217.0,41.0,0.0,0.0,0.0,3.0
"(PLO)- Công an Đắk Lắk đã khởi tố bị can, bắt tạm giam người đàn ông cự cãi với một tài xế xe ôm đang đậu xe máy trên vỉa hè gần bên hông nhà mình, rồi sau đó lái ô tô chạy ngược chiều để đuổi theo người này. 

#plo #baophapluattp #baophapluattphcm",227,1,4,,https://www.facebook.com/phapluattp.vn/posts/pfbid031w4jYLguNuTkEbPe5st7RveQ9rDrAoavCw5RDPEBE9DNC6vggPyFtWGsRTMpNVG9l,248.0,53.0,0.0,0.0,0.0,3.0
Bắt nữ giám đốc và kế toán nhà xe Vân Anh ở Thanh Hóa trốn thuế 34 tỉ đồng,367,1,15,,https://www.facebook.com/phapluattp.vn/posts/pfbid02neUjuYvEeC2URtWy6Zy976tpjf3MVoJZzenFVHGRms5cPtznSWuvCD6GJGkcTjzBl,74.0,19.0,0.0,0.0,0.0,0.0
"📰 Mời quý bạn đọc xem báo in số 101, phát hành ngày hôm nay (16-05-2026), dưới bình luận 👇

#plo #phapluattp #baophapluattp #epaper",13,1,1,,https://www.facebook.com/phapluattp.vn/posts/pfbid02ZpsGPavoNXExhjWAakeRWFvL3yAFJrNGSGJzZtSdxEdn2ipbJQVnG926mFVy7HZkl,131.0,24.0,0.0,0.0,0.0,4.0
"Một vài lưu ý về tháng tiêm và mũi tiêm để phòng bệnh cho các bé mèo nhé!
Các Sen share và lưu về nhé! Rất cần thiết chó các bé đó!
Tham gia group để cập nhật thêm nhiều tip về chăm sóc con nha!",55,6,0,,https://www.facebook.com/hoiyeuchomeo.tv/posts/pfbid0aaSeASKwPNMuGbqsdXMXg92cXLQNnwqJ2hFBGsTxTGkkDQWPjcKhEsX5gEiZ4Yzxl,194.0,46.0,4.0,0.0,0.0,0.0
Quá mệt mỏi với bọn ngáo này,2147,163,195,,https://www.facebook.com/hoiyeuchomeo.tv/posts/pfbid02geXzrchB1tvyXSJvsa1p9WSjDGA2g9WCQ8gzJhmH6TRi9vECBMmxgwYwTswJnconl,28.0,7.0,0.0,0.0,0.0,0.0
"(PLO)- Giám đốc Chi nhánh công ty lợi dụng sàn thương mại điện tử và mạng xã hội để quảng bá, bán nước yến giả với số lượng lớn. Qua kiểm tra, công an Tây Ninh đã thu giữ hơn 400.000 sản phẩm.

#plo #baophapluattp #baophapluattphcm",269,4,22,,https://www.facebook.com/phapluattp.vn/posts/pfbid0nwBvwnHv7cVo7624WoYeno5WQB3wJTwWHVD6XRyQQJG51F7yj2cXSSBbQuM52riPl,231.0,46.0,0.0,0.0,0.0,3.0
"(PLO)- Cần giữ sự tỉnh táo trước tâm lý bênh vực thần tượng theo cảm tính, tránh để cảm xúc lấn át chuẩn mực pháp luật.

#plo #baophapluattp #baophapluattphcm",91,1,1,,https://www.facebook.com/phapluattp.vn/posts/pfbid0De8pkyRrqyy5s6YmDLXfhCcYDEKNVZdcfELJJRbDcup3dUNMfanbAfHcCyg9EZCSl,158.0,29.0,0.0,0.0,0.0,3.0
"(PLO)- Cuộc gặp thượng đỉnh giữa Chủ tịch Trung Quốc Tập Cận Bình và Tổng thống Mỹ Donald Trump tại Bắc Kinh được đánh giá giúp hạ nhiệt căng thẳng Mỹ - Trung, nhưng chưa tạo được những thành tựu mang tính đột phá giữa cạnh tranh chiến lược.

#plo #baophapluattp #baophapluattphcm",21,1,0,,https://www.facebook.com/phapluattp.vn/posts/pfbid07wZGSjVAWWqY55SaxueJbp7dNZD6pbxoexuVwakxJadpuoPMfcZ8VghNoaYGw5VDl,280.0,52.0,0.0,0.0,0.0,3.0
"Heidi Klum gây chú ý mạnh mẽ tại Met Gala 2026, bài đăng thu hút hơn 100 nghìn lượt tim, 2,5 triệu view sau vài giờ đồng hồ.",1158,41,6,,https://www.facebook.com/hhsb.vn/posts/pfbid02guiT4nbr4VA8arJmVYYQD9csRufwkDcHDAJtpEuu9Z4jD4BJ7vWdBfwd8GiUeviAl,124.0,28.0,0.0,0.0,0.0,0.0
Đủ quao với CARDI B tại Met Gala 2026,7283,311,33,,https://www.facebook.com/hhsb.vn/posts/pfbid02in3xoqJH1CsueCuNABkZSJKaDX9t8okyWFxemrFFfWqaauzEmxisUeUqF2PXYcdKl,37.0,9.0,0.0,0.0,0.0,0.0
NINGNING của aespa trên thảm xanh của Met Gala 2026,1669,32,6,,https://www.facebook.com/hhsb.vn/posts/pfbid0dEKXyEPVJAweMu4BQANi9rD97AwsFiYuzXanvBmmPzzh3AhZgiyW1QNrk83fH41al,51.0,10.0,0.0,0.0,0.0,0.0
Thành phố Đồng Nai rực rỡ cờ hoa trước ngày 18-5,129,1,8,,https://www.facebook.com/phapluattp.vn/posts/pfbid029EN6m6wXAn1t4Ww3q4GaPzsMqxn4To5CSZ8DLRANhMJrE7hieznuh1eYt5hoRuHJl,48.0,11.0,0.0,0.0,0.0,0.0
Đề xuất tăng nặng hình phạt với người bỏ trốn: Nên hay không?,50,2,0,,https://www.facebook.com/phapluattp.vn/posts/pfbid08NtmpWwn3psw8SKyepWzJEqmHGLz5iW9a79zXRjadgsj7HneEtSg2tYMAYPwZeRfl,61.0,13.0,0.0,1.0,0.0,0.0
Người dân có thể gửi yêu cầu thi hành án trên VNeID từ ngày 1-7-2026,171,1,16,,https://www.facebook.com/phapluattp.vn/posts/pfbid02kqJvGP7Gcyq27Y5aif8qG2PhikZpW4E9QYU4fWd8xxjfMg7eWtNsYXym9cNP1e9hl,68.0,15.0,0.0,0.0,0.0,0.0
"Bỗng nhận ra hương ổi
Phả vào trong gió se
Sương chùng chình qua... suối
Hình như thu đã về ❤️

""Chỉ muốn nói là thu về rồi na"" - Mèo said thay ad
#Ki
-------------
💪: Bố mẹ muốn khoe ""con"", học cách chăm ""con"" hoặc tám về ""con"" nhà người ta thì tham gia: https://bitly.vn/9hza
💪: Mua đồ ""xịn xò"" đảm bảo cho cả sức khỏe, độ vệ sinh, đồ làm đỏm cho con thì vào đây na: https://www.instagram.com/yeuchomeo01/",6819,131,103,,https://www.facebook.com/hoiyeuchomeo.tv/posts/pfbid02nsupZF7QzZ869s8RjgRYph6f1M72qR2ETPD4gguQMnanCw1sbxaGtaSbgypWSt8Ml,407.0,81.0,0.0,0.0,0.0,1.0
Chuẩn con mẹ rồi nhé! Nhìn cái là nhận ra nè!,1831,104,119,,https://www.facebook.com/hoiyeuchomeo.tv/posts/pfbid0WryHtaEbi9oFwAwMmznWzvpajaJKWU7111nQYiSvAFs4qBA4CxVbEHr6QzoKEz6Ql,45.0,11.0,2.0,0.0,0.0,0.0
"Con nhà bạn biết làm gì nè?
Con nhà người ta chưa bao giờ làm tao thất vọng! Cưng quá đi nà!
#Ki
------------------
👉 Bố mẹ muốn khoe ""con"", học cách chăm ""con"" hoặc tám về ""con"" nhà người ta thì tham gia: https://bitly.vn/9hza
👉 Mua đồ ""xịn xò"" đảm bảo cho cả sức khỏe, độ vệ sinh, đồ làm đỏm cho con thì vào đây na: https://www.instagram.com/yeuchomeo01/",518,53,17,,https://www.facebook.com/hoiyeuchomeo.tv/posts/pfbid029nugqVrMpqcEd7JMWmChZ3KhAWfVoYuaGNkriZmQUcniZ9C1eXPestp1b9wJGxcSl,356.0,69.0,2.0,1.0,0.0,1.0
"(PLO)- Dừng xây thêm chung cư cao tầng ở khu trung tâm là chủ trương lớn, giúp giảm tải hạ tầng, giải quyết kẹt xe, ngập nước và tăng cường không gian xanh cho TP.HCM.

#plo #baophapluattp #baophapluattphcm",25,1,0,,https://www.facebook.com/phapluattp.vn/posts/pfbid0kb7XyFtjN5jZf47JytLAGPrPT8tbnQsbiD6cnkuoMLCFwyLB5V2VNqNBsPtf2B2rl,206.0,38.0,0.0,0.0,0.0,3.0
"Nhiều cây xanh gãy đổ, nhà tốc mái sau trận mưa giông ở Đắk Lắk",97,1,1,,https://www.facebook.com/phapluattp.vn/posts/pfbid02eYf3eSQgxNkhoJwtbbBUS8WF9ib4QgG4dXFEGcRaJdg2cPSL17GvXoAV14296p1Xl,63.0,15.0,0.0,0.0,0.0,0.0
"(PLO)- Tổng thống Ukraine Volodymyr Zelensky cáo buộc Nga đang lên kế hoạch tấn công Văn phòng Tổng thống và dinh thự quốc gia của tổng thống ở thủ đô Kiev.

#plo #baophapluattp #baophapluattphcm",71,1,0,,https://www.facebook.com/phapluattp.vn/posts/pfbid06rKmoPVeyyjF1t6jUUWAcXXZvnYb2SVZEuzdDQ6WyThrsA3yfujUh3NRHCCWeieKl,195.0,34.0,0.0,0.0,0.0,3.0
"4 thành viên BLACKPINK - JENNIE, JISOO, ROSÉ và LISA qua ""ống kính hung thần"" Getty Images tại sự kiện Met Gala 2026:",4225,94,68,,https://www.facebook.com/hhsb.vn/posts/pfbid0JzQGjzGgBZ7MgkjbGmURERLz1yoBN8AfAk7S8kCyvFwQQhWAbaRKMSQ11M1oPA92l,117.0,23.0,0.0,0.0,0.0,0.0
"Màn đọ sắc của 4 thành viên BLACKPINK - JENNIE, JISOO, ROSÉ và LISA tại Met Gala 2026:",5712,139,33,,https://www.facebook.com/hhsb.vn/posts/pfbid02WPZNmiY76c3bW2tKzYvJNeXNZqe8XQKC2grudk98tpvUTNhvKgDeuitGsCiPpokil,86.0,18.0,0.0,0.0,0.0,0.0
Cận cảnh JENNIE tại Met Gala 2026 với chiếc váy xanh bling bling như nàng tiên cá,1768,34,7,,https://www.facebook.com/hhsb.vn/posts/pfbid02UbUsXLdnXP3vBSjTfChrpk2k5YyP5zjkRZF4yM59cRg47b9QBG1rePn6tnZryW88l,81.0,17.0,0.0,0.0,0.0,0.0
"(PLO)- Điện Kremlin cho hay công tác chuẩn bị cho chuyến thăm của Tổng thống Nga Vladimir Putin tới Trung Quốc đã hoàn tất.

#plo #baophapluattp #baophapluattphcm",105,1,5,,https://www.facebook.com/phapluattp.vn/posts/pfbid02e2QW3XzDe1AGxtTE9DbHWDr515GzdFU6xsd1eKqvzCQZrRbFV5dFXcd61yBZPaHMl,162.0,27.0,0.0,0.0,0.0,3.0
"(PLO)- Ngoại trưởng Iran ra loạt phát ngôn quan trọng về căng thẳng với Mỹ; Ông Trump để ngỏ khả năng ""quay trở lại Iran""; Thủ tướng Đức Friedrich Merz kêu gọi Iran đàm phán, mở eo biển Hormuz.

#plo #baophapluattp #baophapluattphcm",81,1,1,,https://www.facebook.com/phapluattp.vn/posts/pfbid031k31K76mT6D8dF6kuZ7J7sjH3fypMSnzyczvpiGkmJN79pzEPSLewcDwecvedQmnl,232.0,42.0,0.0,0.0,0.0,3.0
"Mịa chúng mài, đùa ít thôi, tao mệt lắm!
#Ki
---------------------
👉 Bố mẹ muốn khoe ""con"", học cách chăm ""con"" hoặc tám về ""con"" nhà người ta thì tham gia: https://bitly.vn/9hza
👉 Mua đồ ""xịn xò"" đảm bảo cho cả sức khỏe, độ vệ sinh, đồ làm đỏm cho con thì vào đây na: https://www.instagram.com/yeuchomeo01/",969,80,54,,https://www.facebook.com/hoiyeuchomeo.tv/posts/pfbid02XsHiGp1BsSCwgkLU3Q6qCKP7FDh4BnC7fo6rTHVYwEg9x8BLkzt4fTqEFv3uW3kjl,307.0,56.0,1.0,0.0,0.0,1.0
"Điện thoại hịn quá cũng là cái tội :3
 #Ki
-------------
💪: Bố mẹ muốn khoe ""con"", học cách chăm ""con"" hoặc tám về ""con"" nhà người ta thì tham gia: https://bitly.vn/9hza
💪: Mua đồ ""xịn xò"" đảm bảo cho cả sức khỏe, độ vệ sinh, đồ làm đỏm cho con thì vào đây na: https://www.instagram.com/yeuchomeo01/",1308,89,30,,https://www.facebook.com/hoiyeuchomeo.tv/posts/pfbid0362pHLnPNH8Yrc6AKMw4zFQb5C3gumbBc1XweBTt7r1Bpz4hAtPY4FxJPqf8sjE3Yl,299.0,56.0,0.0,0.0,0.0,1.0
"Dạo này ế ẩm không vui lên nổi, mua rau cho bà e đi nào cô bác ơi!
Nguồn: Ly Ly
#Ki
-------------
💪 Bố mẹ muốn khoe ""con"", học cách chăm ""con"" hoặc tám về ""con"" nhà người ta thì tham gia: https://bitly.vn/9hza
:point_right: : Mua đồ ""xịn xò"" đảm bảo cho cả sức khỏe, độ vệ sinh, đồ làm đỏm cho con thì vào đây na: https://www.instagram.com/yeuchomeo01/",3376,89,24,,https://www.facebook.com/hoiyeuchomeo.tv/posts/pfbid02bE7uCNT85ddBXgxhjn4YDEuMhERz4oqgkWW1RFzzZKBUcdD2qnnRTDrr1Qre8GUcl,352.0,69.0,1.0,0.0,0.0,1.0
JISOO chụp ảnh cùng Ahn Hyo-seop khi hội ngộ ở Met Gala 2026,2605,41,10,,https://www.facebook.com/hhsb.vn/posts/pfbid0S3in4MNssV6NqMux8y7ACUAbtKg5jVdBJymmsVvyRd3eJoaAyAa2XFZY6a9DHanDl,60.0,13.0,0.0,0.0,0.0,0.0
Hailey Bieber xuất hiện ở Met Gala 2026:,2348,30,3,,https://www.facebook.com/hhsb.vn/posts/pfbid02rCzgno84BrTgPBq47qrLmFqFCUHWFm5W4ecTGb67cB943FJ4GTQ5ruZ3Tjua36qZl,40.0,8.0,0.0,0.0,0.0,0.0
JISOO khi trả lời phỏng vấn tạp chí VOGUE với mong muốn 4 thành viên BLACKPINK có thể hội ngộ nhau ở Met Gala 2026:,6717,58,32,,https://www.facebook.com/hhsb.vn/posts/pfbid0Vc25cRiFQHofLRAywmcuDRB1AJCyi2m94pFWJxJuFXdC9zpjBCcaRD7FXxqqj2H3l,115.0,25.0,0.0,0.0,0.0,0.0
"(PLO)- Từ ngày 15-5, Phòng CSGT Công an TP.HCM đồng loạt ra quân thực hiện cao điểm 45 ngày đêm nhằm bảo đảm an ninh trật tự, trật tự an toàn giao thông và đấu tranh phòng, chống tội phạm trên các tuyến giao thông.

#plo #baophapluattp #baophapluattphcm",112,1,14,,https://www.facebook.com/phapluattp.vn/posts/pfbid02c7ZH4bHsW69GRhhfp1EvnJ6uuUwNVbJpWL5wa4DXvx45zPmB1ohbT6z9RTS5drJel,253.0,48.0,0.0,0.0,0.0,3.0
"(PLO)- Sau khi xảy ra việc cô gái tố bị nhóm người đi trên Lexus h.à.n.h h.u.n.g, công an phường Đống Đa, TP Hà Nội đã vào cuộc xác minh, làm việc với các bên liên quan.

#plo #baophapluattp #baophapluattphcm",568,1,7,,https://www.facebook.com/phapluattp.vn/posts/pfbid02YMFEqTaPh3JeYutJ5eipqDwQgAa2s9krEViL1TqzrW7YWifyWQT4ErGcmSrmJgFpl,208.0,40.0,0.0,0.0,0.0,3.0
"Bộ Y tế thu hồi toàn quốc lô thuốc nhỏ mắt Natri clorid 0,9%",146,1,16,,https://www.facebook.com/phapluattp.vn/posts/pfbid02YjCQnCH6J1mrSYFVSageXJk8w36rUhkQoMdenJB6Eqq1oGP5czkgUaSkKBm4x3nHl,60.0,14.0,0.0,0.0,0.0,0.0
"| Điều tra: Thịt bẩn luồn lách đến bữa ăn - Kỳ 2: Heo chết được giao cho công ty suất ăn công nghiệp |

📌 Trong kỳ này, nhóm PV Pháp Luật TP.HCM tiếp tục theo chân những túi thịt, từ lúc rời cơ sở lúc rạng sáng đến cổng các công ty cung cấp suất ăn công nghiệp.

Đáng lo ngại là trong dòng chảy thực phẩm mỗi ngày, những túi thịt không rõ nguồn gốc có thể được đưa vào như một loại nguyên liệu bình thường, không hóa đơn, không truy xuất, không kiểm tra.

---

Mời xem bản full ở phần bình luận 👇

#plo #baophapluat #baophapluattphcm #thitban",85,1,9,,https://www.facebook.com/phapluattp.vn/posts/pfbid025NGMFEDz9v1cNrPkrkW9rZZemtF8rRB1zReHAXMidrdGyYQHgai8enoLnRicNpJGl,542.0,113.0,0.0,0.0,0.0,4.0
"(PLO)- HĐXX nhận định hành vi phạm tội của các bị cáo là đặc biệt nghiêm trọng; các bị cáo không còn khả năng cải tạo nên cần thiết phải loại bỏ ra khỏi đời sống xã hội.

#plo #baophapluattp #baophapluattphcm",44,1,2,,https://www.facebook.com/phapluattp.vn/posts/pfbid0am35jLBBGu8R8zn9g7jajQ1c6eQa1ocef1cgE4xskkbfVDbjZgenYUuv9AVqgC93l,208.0,41.0,0.0,0.0,0.0,3.0
"(PLO)- Vụ cháy xảy ra tại bãi rác trong khuôn viên Nhà máy xử lý rác thải sinh hoạt Nghĩa Kỳ khiến khói bốc lên dày đặc, ảnh hưởng khu vực xung quanh.

#plo #baophapluattp #baophapluattphcm",42,1,0,,https://www.facebook.com/phapluattp.vn/posts/pfbid0nt2EquQTBzfjqJbKMrGohbRcmZvmsvcTDfDwDUMJBqxp7BotDVp9qyCTAVGCsf9al,189.0,36.0,0.0,0.0,0.0,3.0
"Không có đèn đỏ thì em đi tiếp kiểu gì đây? Vợ iem đợi rồi!!
#Ki
--------------------
👉 Bố mẹ muốn khoe ""con"", học cách chăm ""con"" hoặc tám về ""con"" nhà người ta thì tham gia: https://bitly.vn/9hza
👉 Mua đồ ""xịn xò"" đảm bảo cho cả sức khỏe, độ vệ sinh, đồ làm đỏm cho con thì vào đây na: https://www.instagram.com/yeuchomeo01/",463,70,23,,https://www.facebook.com/hoiyeuchomeo.tv/posts/pfbid0sYkfP5ken8cqv7KbGL6HfKWy57XMhabo2b9EfEQD6G8Du6DXyvp4zvqDK1nzdXFBl,326.0,62.0,2.0,1.0,0.0,1.0
"Cạn kiệt hạn hán sa mạc cằn cỏi khô héo quắt quéo trơ trụi rụng hết lông con chim non be bé lời!
Chúng nó đang làm cái gì thế!
#Ki
------------
👉 Bố mẹ muốn khoe ""con"", học cách chăm ""con"" hoặc tám về ""con"" nhà người ta thì tham gia: https://bitly.vn/9hza
👉 Mua đồ ""xịn xò"" đảm bảo cho cả sức khỏe, độ vệ sinh, đồ làm đỏm cho con thì vào đây na: https://www.instagram.com/yeuchomeo01/",701,72,56,,https://www.facebook.com/hoiyeuchomeo.tv/posts/pfbid05X19LfW7riaoQtDcqEjsbjAzGC96C4MWJfeAWcQ4WPgZQR5xQG7kpi2BUXFT4H7kl,384.0,77.0,2.0,0.0,0.0,1.0
"Nhìn con thôi là đã thấy bố mẹ đều đẹp trai xinh gái rồi!
Sắm cho con mình 1 chiếc balo xinh xinh này đi nào bố mẹ!

👉 Bố mẹ muốn khoe ""con"", học cách chăm ""con"" hoặc tám về ""con"" nhà người ta thì tham gia: https://bitly.vn/9hza
👉 Mua đồ ""xịn xò"" đảm bảo cho cả sức khỏe, độ vệ sinh, đồ làm đỏm cho con thì vào đây na: https://www.instagram.com/yeuchomeo01/",335,84,4,,https://www.facebook.com/hoiyeuchomeo.tv/posts/pfbid0W8pJ8LubMuopYsHAxqTqLMNxpytrc5pS51puQroPTT6SQi2BMNzvbkETFdZUeWDQl,357.0,73.0,2.0,0.0,0.0,0.0
KARINA kiều diễm quý phái tại sự kiện Met Gala 2026:,3185,57,23,,https://www.facebook.com/hhsb.vn/posts/pfbid0oKuSZwH3DQYsX4JFgA2GDT8e1EJUZGPpwmdKRNwtEWofocXFW5vzYdAP2RDbmQSql,52.0,11.0,0.0,0.0,0.0,0.0
"Cận cảnh ROSÉ ""giữ chuỗi"" với trang phục có tone màu đen khi tham dự Met Gala 2026",4100,56,27,,https://www.facebook.com/hhsb.vn/posts/pfbid0j7vsPBCXEhp68ur2MgT2svDpiHMvCTSs2B5dSvkLJmeBdFAFhJK3GMqEx51U4D9cl,82.0,18.0,0.0,0.0,0.0,0.0
Host LISA gây ấn tượng khi xuất hiện tại Met Gala 2026,2496,83,16,,https://www.facebook.com/hhsb.vn/posts/pfbid02VuGoBzRNp7ZrR5aouFiwS9FWbwgYiztX7epRaane7RJiN3eoFbF9yAusHWic6pckl,54.0,12.0,0.0,0.0,0.0,0.0
Ngây thơ như quả mơ dư này! Ai mà chịu nổi!,1024,135,65,,https://www.facebook.com/hoiyeuchomeo.tv/posts/pfbid05Cf12chytiBqkVKGXLxx1is5iXv6AnLWi33FwufAS1753bAhBoZ23ENPTD2yXZwQl,43.0,11.0,2.0,0.0,0.0,0.0
"3 tháng không lẻ ... trốn quá đi ><

#joy",4865,72,22,,https://www.facebook.com/hoiyeuchomeo.tv/posts/pfbid02nK3ELEwFZ4vEbsYF9a5pVCfij3a7g1rgraV1CaveNfZkAKVFNRpo3VCzECQC8dXMl,41.0,10.0,0.0,0.0,0.0,1.0
Ai bán cho tôi củ khoai tây di động này với!,1638,198,125,,https://www.facebook.com/hoiyeuchomeo.tv/posts/pfbid0wD4KZ4xXXmkfysgBJEk6WsYcztgMnwuL8g8javX7LmHqCihE5eR5DLxucPssBPuBl,44.0,11.0,1.0,0.0,0.0,0.0
Nhan sắc của JISOO trong lần đầu tham dự Met Gala 2026:,5114,105,30,,https://www.facebook.com/hhsb.vn/posts/pfbid0jxrasyKZ9RXSLcwrj3MkgApPdmAfz5zTRPkDQFnrydZnwnGSahAv36c61Qz2kKSVl,55.0,12.0,0.0,0.0,0.0,0.0
"Giữa lúc Sơn Tùng M-TP có động thái ẩn bài viết, xoá avatar trên Instagram vào lúc 0h ngày 5/5, Khánh K-ICM úp mở về ""thông tin nội bộ"" tuyệt mật liên quan đến nam nghệ sĩ khiến cộng đồng người hâm mộ lẫn công chúng càng tin rằng ngày ""tái xuất"" đến gần.",4473,149,31,,https://www.facebook.com/hhsb.vn/posts/pfbid02xvSPsWWNkoCzNwL54NnSBjM2MvswsGgAHNqzxJnqjNWeWGjw8dSqMoRTM65EsX2Ql,254.0,54.0,0.0,0.0,0.0,0.0
Trang cá nhân của Sơn Tùng M-TP trên Instagram hoàn toàn trắng trơn khiến người hâm mộ tin rằng nam ca sĩ sắp comeback,3573,323,48,,https://www.facebook.com/hhsb.vn/posts/pfbid02NFLMXP4cpwVR42zfc4SUS8uwebyB8TnjEw4HtJG1pVpQLrmNwPBbephzHkNQq11Nl,118.0,24.0,0.0,0.0,0.0,0.0
"(PLO)- Đặc phái viên của Tổng Bí thư, Chủ tịch nước Tô Lâm đã chuyển thông điệp của Tổng Bí thư, Chủ tịch nước Tô Lâm gửi tới Tổng Bí thư, Chủ tịch Quốc vụ Kim Jong Un.

#plo #baophapluattp #baophapluattphcm",99,1,5,,https://www.facebook.com/phapluattp.vn/posts/pfbid02hyJxQKuqVvbobtdNzfuaz75ix5pM168hhVQ3B8v7NjTKw68arpNN7G3L3CtoyXEXl,207.0,41.0,0.0,0.0,0.0,3.0
"(PLO)- Bộ Công an Lào đã bàn giao 56 người nghi tổ chức r.ử.a t.i.ề.n, đ.á.n.h b.ạ.c cho cơ quan chức năng Việt Nam để điều tra, xử lý.

#plo #baophapluattp #baophapluattphcm",76,1,6,,https://www.facebook.com/phapluattp.vn/posts/pfbid03zynoKBmbGsjm2f3jvSgeeuYy7RzNpTDJBioCk355sgjzid5Twx2Q6L7QidWJWP9l,174.0,32.0,0.0,0.0,0.0,3.0
"(PLO)- Nhiều tuyến đường sẽ bị tạm cấm lưu thông vào các ngày diễn ra các hoạt động tổ chức lễ công bố thành lập Thành phố Đồng Nai.

#plo #baophapluattp #baophapluattphcm",134,1,0,,https://www.facebook.com/phapluattp.vn/posts/pfbid02kE9K185qgiVZKidEym6pmgBVqVz7bmKYX4Jmru2X522QjYFa4WrxHQNKM3EwRw5ol,171.0,32.0,0.0,0.0,0.0,3.0
"(PLO)- Sau một số sự việc gây xôn xao, đỉnh điểm là vụ giáo viên dùng kim tiêm xử phạt học sinh, Hiệu trưởng Trường Tiểu học Lương Thế Vinh, TP.HCM đã nộp đơn xin thôi giữ chức vụ lãnh đạo.

#plo #baophapluattp #baophapluattphcm",112,1,2,,https://www.facebook.com/phapluattp.vn/posts/pfbid02GdT7oPJ2jYS3YDte8SRcndUavHQJyneMzsKLx6WTE5uUj6AbpscPcG9UHbLxQ18nl,228.0,44.0,0.0,0.0,0.0,3.0
"(PLO)- Thủ trưởng sở, ngành, địa phương chịu trách nhiệm trước UBND TP.HCM về việc đảm bảo 100% người lao động có hiểu biết về chuyển đổi số.

#plo #baophapluattp #baophapluattphcm",40,1,3,,https://www.facebook.com/phapluattp.vn/posts/pfbid0p6TmKPZz9goYVtxkvca8WHwNz17K7J7twnt8SMBA3vGGYTdpSCePKX334QgNSudVl,180.0,31.0,0.0,0.0,0.0,3.0
"(PLO)- Bực tức vì bị đánh tại quán, bị cáo đã đi mua xăng về quán cà phê và châm lửa đốt khiến 11 người t.ử v.o.n.g và 4 người bị thương.

#plo #baophapluattp #baophapluattphcm",179,1,4,,https://www.facebook.com/phapluattp.vn/posts/pfbid0ERMBEstZBpR1gE53NwDBenoWxrAc7hqp41bF5gQ8LgcQbWZzbV2cmMQRCS2rkyCfl,176.0,35.0,0.0,0.0,0.0,3.0
Nhà có thằng con trai mà tưng bừng quá!,1773,164,7,,https://www.facebook.com/hoiyeuchomeo.tv/posts/pfbid02uXCq6FpJH6XrEhmjKH7ew9wVmbHM6bgyFh2uQB9rjvaXYvzbsKpD4K5aASyKq5kil,39.0,9.0,1.0,0.0,0.0,0.0
"Cảnh cáo phía trước có những pha tấu hài cực mạnh, cân nhắc trước khi xem!

#Ki",690,28,27,,https://www.facebook.com/hoiyeuchomeo.tv/posts/pfbid02MFZa2AoqisAwnFrBnk6xbtkgsopUg6BoE87LuFdabdNykuZuLuj5SLEafQySunejl,79.0,17.0,1.0,0.0,0.0,1.0
"Ok! Tình yêu chung thủy!
#Ki",2485,127,64,,https://www.facebook.com/hoiyeuchomeo.tv/posts/pfbid02rHuhagSp8FN5U3UcfEHwipNwJnYKBBVSs2mumPu8coSTWG3aVnfJQD2ajToxt2t1l,28.0,6.0,2.0,0.0,0.0,1.0
"ROSÉ đăng thư mời từ Anthony và YSL, xác nhận tham dự Met Gala 2026 tối nay (theo giờ New York, tức sáng sớm mai theo giờ Việt Nam)",2834,33,14,,https://www.facebook.com/hhsb.vn/posts/pfbid0TTr5vkwQ1LAcddsLtttX59eKm4c4BqMgFTwuEoMHES7WVd2gc5nac7r9FQ2o5FSYl,131.0,29.0,0.0,0.0,0.0,0.0
"CHẤN ĐỘNG: CẢ “VŨ TRỤ TRENDING” ĐANG TIẾN THẲNG VÀO SÂN KHẤU RỰC RỠ CỦA  OSUNFEST 2026

Sau bao ngày đồn đoán, OCB chính thức chốt đơn dàn line-up “full giáp”  cho đêm đại nhạc hội kỷ niệm 30 năm. Vừa có bộ đôi cực phẩm SOOBIN, HIEUTHUHAI, cỗ máy tạo hit QUANG HÙNG MASTERD, RHYDER và những cái tên “king&queen of the stage” như  CHI PU, PHÁP KIỀU, UPRIZE. 🎉🎉

Chỉ một đêm duy nhất gom hết cả “vũ trụ trending” vào cùng 1 chỗ thì chỉ có thể là sinh nhật OCB. Anh em đã sẵn sàng tinh thần “bổ mắt - chiều tai” với dàn line-up khủng này chưaa?

------------------------------------------------
Music Concert OSUNFEST
Thời gian: 06.6.2026 (Thứ bảy)
Địa điểm: Vạn Phúc City, Thành phố Hồ Chí Minh

#OCB #OCB30 #OSUNFEST #OSun #NganHangPhuongDong #Binhminh30 #BinhMinhThinhVuong",3136,445,174,,https://www.facebook.com/hhsb.vn/posts/pfbid02RWGULm7d51gTj6jdgT19ACqGskbgxk9yS1YytDhENWQ55TxwEFyjHdAVjVLNNvp9l,773.0,138.0,0.0,1.0,0.0,7.0
"Vừa xuất ngũ, JAEHYUN (NCT) đã lấy lại visual idol ngay trong buổi livestream tối nay.",2874,45,21,,https://www.facebook.com/hhsb.vn/posts/pfbid0boyXuBgKU3nJjg54X4E3mCxEaDXsjWortZQkyfvhYsWdpKVtuq3zD2o58ZkBFynRl,86.0,16.0,0.0,0.0,0.0,0.0
"(PLO)- HĐXX nhận định hành vi của các bị cáo mang tính chất chuyên nghiệp, đặc biệt nguy hiểm cho xã hội, không chỉ xâm phạm tài sản của người dân mà còn gây mất an ninh trật tự tại địa phương.

#plo #baophapluattp #baophapluattphcm",71,1,2,,https://www.facebook.com/phapluattp.vn/posts/pfbid06apJ1NgZKD2CD98y7R9qpb3Gzya6dqaVMTJGn5oKfRfzsu7wH2GaFz8HPvWQicX2l,232.0,45.0,0.0,0.0,0.0,3.0
CSGT Rạch Chiếc ra quân kiểm soát vi phạm giao thông cửa ngõ phía Đông,115,1,6,,https://www.facebook.com/phapluattp.vn/posts/pfbid0WavAcnHjEz1HiAmVE8DzSgoAHrkLMhkP27rt4dfH67yaT2Bov692Suck7EsA9n5Ql,70.0,15.0,0.0,0.0,0.0,0.0
UBKT Thành ủy Huế đề nghị kỷ luật Giám đốc Sở Nông nghiệp và Môi trường,103,1,6,,https://www.facebook.com/phapluattp.vn/posts/pfbid0GXfVR6qEoXP9B2WotPf82i32xLjKwGSmaAZbLbEb1SxFfWVw2QgmXQheyHn3kS4Zl,71.0,16.0,0.0,0.0,0.0,0.0
"(PLO)- Việc Bộ Chính trị quan tâm lãnh đạo, chỉ đạo nghiên cứu ban hành Nghị quyết mới đối với TP.HCM có ý nghĩa đặc biệt quan trọng. Đây là nền tảng để nghiên cứu, xây dựng Luật Đô thị đặc biệt TP.HCM.

#plo #baophapluattp #baophapluattphcm",88,1,2,,https://www.facebook.com/phapluattp.vn/posts/pfbid02wzvcry3i1mjDvGj1yHfgAVncUxb5x4J3HxtQsF7Hjz83W8ZuP81C3Ee92eYRhcEcl,241.0,46.0,0.0,0.0,0.0,3.0
"(PLO)- ACV vừa bổ nhiệm ông Nguyễn Đức Hùng, Phó Tổng giám đốc phụ trách ACV, giữ chức quyền Tổng giám đốc ACV.

#plo #baophapluattp #baophapluattphcm",22,1,0,,https://www.facebook.com/phapluattp.vn/posts/pfbid0HtWmoRkX5qeiMF9CAazACjtFw543px8ktqgXMZAfG5sJVEpoaxYmVfwKAQAKUjNzl,150.0,26.0,0.0,0.0,0.0,3.0
"(PLO)- Phó Thủ tướng Hồ Quốc Dũng yêu cầu siết chặt quản lý, xử lý nghiêm tiêu cực và đẩy nhanh hoàn thiện hệ thống mã số để bảo vệ nông sản xuất khẩu.

#plo #baophapluattp #baophapluattphcm",66,1,2,,https://www.facebook.com/phapluattp.vn/posts/pfbid02B3yHNKQgk5XdMCfhaRys5QTxt2yHUxTUTMxqnE6GLJ339VNVGEZTnYP1XquyVKDTl,190.0,37.0,0.0,0.0,0.0,3.0
Đây là lý do ai cũng nên nuôi 1 chú chó <3 Cưng chết mất!,1467,87,143,,https://www.facebook.com/hoiyeuchomeo.tv/posts/pfbid02qB9XaVtTbvEarMdTqARkHwyxReff2TRAieBdhctvGsNmPaTwcTcf4bgT1iCFZH7Zl,57.0,15.0,1.0,0.0,0.0,0.0
Cần lắm tham khảo tên cho Hoàng Hậu sắp về ạ! Hoàng thượng nhà em tên #Ki rồi :))),1822,1327,32,,https://www.facebook.com/hoiyeuchomeo.tv/posts/pfbid02ajBLkfSr4UbyF9QwyXcBJWyDndupNJZ8snak2puoBhPm8RTxiEGyzNaNurWqvnbTl,82.0,19.0,1.0,0.0,0.0,1.0
"Con trai nuôi Mèo auto đẹp zai nhé!
Điểm danh các anh trai có Mèo trong hội nào!",487,59,25,,https://www.facebook.com/hoiyeuchomeo.tv/posts/pfbid0iNFApsfa3qT2tQH9gqdw8osmjMD72jGSCftiAN4f5B7V8UuPBNWsdkuntceNTb6Rl,80.0,18.0,2.0,0.0,0.0,0.0
"(PLO)- Phó Thủ tướng Phạm Thị Thanh Trà yêu cầu việc sơ kết một năm vận hành chính quyền hai cấp phải làm rõ kết quả sắp xếp tổ chức bộ máy, đội ngũ cán bộ, việc thực hiện chính sách đối với người dôi dư...

#plo #baophapluattp #baophapluattphcm",78,1,6,,https://www.facebook.com/phapluattp.vn/posts/pfbid02CNkC3ZM9YiVVxyfrdGhvJXCWudMsiTDWKYopwP29BePDgaGtqCCAomPDExPKneqQl,245.0,49.0,0.0,0.0,0.0,3.0
"(PLO)- Lực lượng Cảnh sát hình sự Công an TP.HCM vừa phối hợp bắt nghi phạm thực hiện liên tiếp hai vụ c.ư.ớ.p giật dây chuyền trên địa bàn phường Phú Mỹ.

#plo #baophapluattp #baophapluattphcm",200,1,2,,https://www.facebook.com/phapluattp.vn/posts/pfbid02cBhycHyJnDoQGJRBWbP3ytuW3SXYxrjVS3uA7qPcCRjyaR2AHrwzB8XUM8WDqvG2l,193.0,35.0,0.0,0.0,0.0,3.0
"(PLO)- Theo dự báo của Đài Khí tượng Thủy văn Nam Bộ, trong hai ngày 16-5 và 17-5, nắng nóng tại TP.HCM và các tỉnh thành phía Nam sẽ thu hẹp nhanh chóng và cơ bản chấm dứt, mưa bắt đầu gia tăng.

#plo #baophapluattp #baophapluattphcm",121,1,2,,https://www.facebook.com/phapluattp.vn/posts/pfbid02BSo6wSWUvyc6btcscsfZ1Pmo1rcgDvZrWGAksvkxSpXWg2dPf14wrh5iLsAZn1Swl,234.0,46.0,0.0,0.0,0.0,3.0
"OBITO không ngại ""var"" thẳng khi được hỏi ""anh nghĩ sao về đánh giá cho rằng anh rap tệ"":",2316,65,16,,https://www.facebook.com/hhsb.vn/posts/pfbid0DhrDD6jJFKREqg1dU1ho4zwnNwFgiP3U5DQqw5WPPiEcigptXHQP9x95t27SviqQl,89.0,19.0,0.0,0.0,0.0,0.0
"Ngày 4/5, công ty quản lý Galaxy Corporation của G-DRAGON đã đưa ra một tuyên bố chính thức:

""Chúng tôi thành thật xin lỗi vì trang phục biểu diễn của nghệ sĩ tại sự kiện K-SPARK được tổ chức tại Macau vào ngày 2/5 có chứa dòng chữ không phù hợp với bối cảnh văn hóa và xã hội lúc bấy giờ .""

""Thông qua sự việc này, chúng tôi một lần nữa nhận thức sâu sắc tầm quan trọng của sự nhạy cảm về văn hóa và việc xem xét kỹ lưỡng trước khi thực hiện. Chúng tôi sẽ tăng cường các quy trình kiểm tra nội bộ , bao gồm cả khâu thiết kế kiểu dáng, và hoạt động theo các tiêu chuẩn cẩn trọng hơn .""

Trước đó, G-Dragon đã phải đối mặt với ý kiến trái chiều từ khán giả toàn cầu sau khi xuất hiện trên sân khấu với chiếc áo phông in dòng chữ tiếng Hà Lan mang ý nghĩa không hay về người da đen.",1226,45,6,,https://www.facebook.com/hhsb.vn/posts/pfbid0azMpzpcahNGwufRh23gPpxVjLS8V5C6xNEJ5u9VriQLyp4WFqbPsFZ6Qfksqp9t7l,782.0,172.0,0.0,0.0,0.0,0.0
Juky San gia nhập đường đua da ngăm:,5638,189,37,,https://www.facebook.com/hhsb.vn/posts/pfbid02PaywGF3H4SScMoyDEzyTiYtZkgaBgaJo8nWWDY3xDU1G8EumfRMg7PS6MdpvGuqzl,36.0,8.0,0.0,0.0,0.0,0.0
Giá vàng miếng SJC về vùng thấp nhất 4 tháng,50,1,3,,https://www.facebook.com/phapluattp.vn/posts/pfbid02nTzdirpmgSBCqDVAaev7Eq6ERknW316ocjwk7MQMCC1mskkFC44nT2WM4914FCuDl,44.0,10.0,0.0,0.0,0.0,0.0
"(PLO)- Tự té xe nhưng sợ không có tiền sửa, nam thanh niên dựng chuyện bị một nhóm người c.ư.ớ.p tài sản. Công an sau đó phát hiện sự việc và xử phạt hành chính người này.

#plo #baophapluattp #baophapluattphcm",92,1,1,,https://www.facebook.com/phapluattp.vn/posts/pfbid035Vh1oneVrWNTyK63PwFFa7XzBYgvhbmVDtGQmr1ELB429doeTvM55C1VMkQGFCvol,210.0,40.0,0.0,0.0,0.0,3.0
Thông tin quan trọng dành cho người dùng Zalo 👇,128,1,6,,https://www.facebook.com/phapluattp.vn/posts/pfbid03ZXvc6LHHCNHyCfsk5vvfWqWrcHwaqHcTCPkEiDbqBszdd6y3zbMZGdW8tAghkGFl,47.0,10.0,0.0,0.0,0.0,0.0
"Mới đây, chuyên gia trang điểm (M.U.A) kiêm nhiếp ảnh gia Tee Le đã đăng một loạt comment của một tài khoản ""clone"" tiết lộ siêu mẫu Minh Tú ""nấu xói, chê bai, xem thường"" anh. 

Tee Le cho biết cuối 2018, anh được Minh Tú nhờ dạy trang điểm và anh rất nhiệt tình hướng dẫn. Tuy nhiên, anh buồn lòng vì ""những điều từng góp phần tạo nên hình ảnh và tên tuổi của bạn từ 2012 đến trước dịch COVID lại trở thành câu chuyện đem ra nói, để mua vui, để diễu cợt với người khác.

Mình đã từng chọn tin và nghĩ tốt về bạn, ngay cả khi xung quanh có những lời góp ý không hay, nhưng hành động của bạn lại không đem lại niềm tin cho mình"".

Bài đăng thu hút sự quan tâm của nhiều người trong nghề. Nhiếp ảnh gia Hà Nhật Tiến bình luận:

""Nếu đúng như những gì về niềm tin và mối quan hệ anh nói, khi nhận những thông tin không rõ ràng thì anh phải nên là người chủ động nhắn hoặc gọi điện riêng cho Tú để check chứ không phải là kiểu cap màn hình và post lên gây xào xáo dư luận""

Trong khi đó, nhà thiết kế Chung Thanh Phong lại muốn Minh Tú lên tiếng đối chất: 

""Nếu những gì anh Tee Le chia sẻ là không đúng sự thật về em, em tự tin rằng không làm gì ảnh hưởng đến anh ấy, anh nghĩ em cứ nên thẳng thẳn lên tiếng để làm rõ mọi điều công khai và bảo vệ anh Tee Le trước những dư luận sai lệch, giống như cách anh ấy đã từng bất chấp tất cả công khai để báo vệ & đứng về phía em"". 

Ở dưới bình luận, Tee Le cho biết: ""Lần này có nhiều nick ảo vào nói nên anh muốn gom về 1 post để mọi người cùng đối chứng rõ ràng, tránh hiểu lầm thêm. Anh cũng đang trong câu chuyện của họ nên cũng là khá mệt.""

Phía Minh Tú hiện vẫn chưa có phản hồi gì về sự việc này.",4140,492,145,,https://www.facebook.com/hhsb.vn/posts/pfbid0w7GcGKxUKzYCe3tQZt8bc4jaRA3qwse6vwoSdxewhGcwD44SGM1CbHvd4eUEeYBcl,1647.0,365.0,0.0,0.0,0.0,0.0
"MỘT HÃNG SMARTPHONE LẦN ĐẦU TIÊN TỔ CHỨC SỰ KIỆN RA MẮT FLAGSHIP TẠI HỘI AN GỌI TÊN OPPO

Trung bình địa điểm flagship OPPO lựa chọn: nếu không phải mang nguyên sân khấu lên du thuyền hạng sang ở sông Sài Gòn, thì phải là trải nghiệm tinh tuyển tại Hội An.

Bước đi táo bạo nhưng hoàn toàn xứng đáng bởi Sự kiện ra mắt OPPO Find X9 Ultra | OPPO Find X9s - Finding Hoi An sẽ đánh dấu lần đầu tiên OPPO mang con tướng Ultra về Việt Nam. Đây cũng là lần đầu một thương hiệu smartphone chọn Phố Cổ để “kể câu chuyện” sản phẩm cùng nữ hoàng giải trí Hồ Ngọc Hà, ông hoàng content Lê Dương Bảo Lâm đến travel blogger đình đám Khoai Lang Thang cùng nhiều nhà sáng tạo nội dung khác. Hội camera chạy bằng cơm đang tác nghiệp ở khu vực quảng trường sông Hoài có ai hóng được tin gì của sự kiện chưa?",463,13,3,,https://www.facebook.com/hhsb.vn/posts/pfbid0ThPYq8AYxnnsZEx2At1TL31Pt2KXpEXJsEiwGjYRHbFMuzsaCtKT364B6PN4iQKtl,790.0,167.0,0.0,1.0,0.0,0.0
"Khi Bùi Công Nam đọc bình luận trên livestream

Fan: Thuận Nam thì sống, nghịch Nam thì ""lóc""",1027,11,1,,https://www.facebook.com/hhsb.vn/posts/pfbid02Dygap2dMbEvFXPJXYZQaXZdAsaspLoFBjrxDpC4EuapXjeXAC6bZvRX3ZAHMAjVrl,93.0,18.0,0.0,0.0,0.0,0.0
"Ai thấy Huyền xin hãy gửi lời nhắn đến em: Cả nhà mong em về!
#Ki",3379,668,78,,https://www.facebook.com/hoiyeuchomeo.tv/posts/pfbid0JuNu8fZ3UcebPfpJMb6nVQsFGUbqmbse2FP4RZ5Ph5iCyavgHwki6zNphtSyaZJxl,65.0,16.0,1.0,0.0,0.0,1.0
"Đã chết chìm trong sự đáng yêu này chưa các chế????
#Ki",7011,167,84,,https://www.facebook.com/hoiyeuchomeo.tv/posts/pfbid033d2XMNKqxsXgGhA4zZjSXNCXbqBP17Ydnfdxpquzgfmp2ZeR4moGZYrLr8N13bpBl,55.0,12.0,0.0,4.0,0.0,1.0
"Dự báo thời tiết phiển bản không cần điện, không cần bật tivi nè",674,55,3,,https://www.facebook.com/hoiyeuchomeo.tv/posts/pfbid02H1BcyiVBUtNUVvrzHihyUuYPAcLAte8tfrKHNXt5hBXWdp6NtXTgumzBsoBiNny3l,64.0,14.0,0.0,0.0,0.0,0.0
"(PLO)- Từ lò m.ổ chui, những túi thịt heo c.h.ế.t được chia nhỏ, chất lên xe máy, rồi len vào các cơ sở cung cấp suất ăn công nghiệp. 

#plo #baophapluat #baophapluattphcm #thitban",20,1,0,,https://www.facebook.com/phapluattp.vn/posts/pfbid05x81PH6HP8CiztWdY71r8bdF6o8MEZpzNHpiYU9H58h21g5sKn4RpLeUi9FJMa3bl,180.0,33.0,0.0,0.0,0.0,4.0
"(PLO)- Tọa lạc tại cửa ngõ phía Tây thành phố, Trường THPT Trần Nhân Tông khẳng định vị thế điểm sáng giáo dục với mô hình đào tạo toàn diện. Sự kết hợp giữa cơ sở vật chất hiện đại, chương trình ngoại ngữ bản xứ và các hoạt động thể chất đa dạng đã tạo nên bệ phóng vững chắc cho học sinh bứt phá.

#trannhantong #tottnghiepthpt #giaoductoandien",52,1,36,,https://www.facebook.com/reel/2403766510122902/,346.0,69.0,0.0,0.0,0.0,3.0
Toàn cảnh 16km cao tốc Biên Hòa - Vũng Tàu qua Đồng Nai sắp thông xe,151,1,0,,https://www.facebook.com/phapluattp.vn/posts/pfbid02MADAq1BnPmmwaA91Dt8zhRcSUG2bFEGdicuqbhNJmYhm5tqiHALJXsbvWG1cp1FMl,68.0,16.0,0.0,0.0,0.0,0.0
"JENNIE, LISA và JISOO đều đã có mặt ở New York sẵn sàng cho Met Gala 2026. Fan trông đợi tín hiệu từ ROSÉ để cả 4 thành viên BLACKPINK tụ họp tại sự kiện lớn này.",3734,28,20,,https://www.facebook.com/hhsb.vn/posts/pfbid0Z7NJxZPWBjw2kzjUPCo988aRUMakGfkmoixcV83z6dc8WWWrcKiSAH5eJXHw4b4Vl,162.0,37.0,0.0,0.0,0.0,0.0
LISA đã có mặt ở New York chuẩn bị cho Met Gala 2026 diễn ra vào ngày mai (theo giờ Việt Nam).,3291,27,8,,https://www.facebook.com/hhsb.vn/posts/pfbid0d1S5N5gyuiwwdzx45fBBtJWzuf78419rysaxYFTTvucrF7TDYRMHYGxzB8oDZL4Rl,94.0,22.0,0.0,0.0,0.0,0.0
"Kết thúc mùa phim lễ trong dịp Giỗ Tổ Hùng Vương - Lễ 30/04 năm nay, cuộc tranh đấu của 5 phim điện ảnh đã có kết quả cuối cùng với doanh thu phòng vé theo thứ tự sau:

1. Phí Phông: 176,9 tỷ đồng
2. Heo Năm Móng: 90,75 tỷ đồng
3. Anh Hùng: 35,8 tỷ đồng
4. Đại Tiệc Trăng M.áu 8: 29,1 tỷ đồng
5. Trùm Sò: 13,3 tỷ đồng",845,139,10,,https://www.facebook.com/hhsb.vn/posts/pfbid0Se1jhE1DDfAqJp6TKYtHpxGYoJhgaSb8AYcTfWK9rorGXw1zyDX4tyrP7MzMnX3Rl,317.0,73.0,0.0,0.0,0.0,0.0
"(PLO)- Người đàn ông đ.â.m vợ cũ bị thương rồi t.ự t.ử nhưng bất thành.

#plo #baophapluattp #baophapluattphcm",84,1,3,,https://www.facebook.com/phapluattp.vn/posts/pfbid029u2QGr7jp42yN7L95yznppj9tcwC3ePifsZUauWP18Fmusaveaz1DS5MtXpyJULZl,110.0,18.0,0.0,0.0,0.0,3.0
Ngắm tàu chiến đa nhiệm lớp Halifax của hải quân Canada vừa đến Đà Nẵng,91,1,2,,https://www.facebook.com/phapluattp.vn/posts/pfbid0b3RBiVkGh9M7SJ8iXV1dHQo7uY3b7Ek5Mvi8QfRMK1cHB82iWj4ra4JJn1R9hvXdl,71.0,15.0,0.0,0.0,0.0,0.0
"(PLO)- Tài xế quê tỉnh Đắk Lắk không chấp hành hiệu lệnh dừng xe, lạng lách, gây nguy hiểm cho các phương tiện đang lưu thông trên Quốc lộ 1.

#plo #baophapluattp #baophapluattphcm",37,1,3,,https://www.facebook.com/phapluattp.vn/posts/pfbid0wmvun58gyJmur8m72sTS8ZPe9mqWzbNv8XGaGJGPiSdDBN8fEbrpoYbEq9S2jZnGl,180.0,33.0,0.0,0.0,0.0,3.0
"Lêu lêu cuộc đời! Lêu chúng mày! Tao chán!
#Ki",980,117,76,,https://www.facebook.com/hoiyeuchomeo.tv/posts/pfbid0Z8gKYzSoKkJzyz65Q7ci4FL3mNUTF3bvqXxHWJ4S9Tixdd4hkkJSAFf2Uyx8dxx5l,46.0,10.0,3.0,0.0,0.0,1.0
"Đắng.... À mà thôi 😂😂😂
#Ki",2412,361,76,,https://www.facebook.com/hoiyeuchomeo.tv/posts/pfbid0V66VHfGuBk13YyySEGDxQtGjS5pofGjy2FMGsYtjg3D6QBiUZtgPQLtNioGLdv9Tl,26.0,6.0,0.0,0.0,0.0,1.0
Tội thằng nhỏ quá!,1813,391,172,,https://www.facebook.com/hoiyeuchomeo.tv/posts/pfbid02cLfNzurpuewCc3Dfpd5QPw51m7VT7uDwB6RXP5NjeVU94qwwr6eszoAEKdPNbVcKl,18.0,4.0,1.0,0.0,0.0,0.0
"(PLO)- Công an TP Đà Nẵng bắt giữ một người Hàn Quốc theo thông báo t.r.u.y n.ã đỏ của Interpol.

#plo #baophapluattp #baophapluattphcm",69,1,3,,https://www.facebook.com/phapluattp.vn/posts/pfbid09UzwXUyV1Az2jWNniEBrpuCFxVNiP2gkvgREhgqchuBxFQTYm8fQK4QNqdn3m5wyl,135.0,23.0,0.0,0.0,0.0,3.0
"(PLO)- Phía bị đơn đã không đồng ý theo yêu cầu của nguyên đơn về việc tách phần hôn nhân để giải quyết trước, còn các vấn đề liên quan đến tài sản sẽ được xem xét, giải quyết sau...

#plo #baophapluattp #baophapluattphcm",88,1,1,,https://www.facebook.com/phapluattp.vn/posts/pfbid02LCQQDSWwzkRDTbMWxgQSRGWmrM4Tov9ooWhsLBtPG5pQoSE3PHhbp41uri9x8mVHl,221.0,43.0,0.0,0.0,0.0,3.0
"(PLO)- Tổng thống Mỹ Donald Trump nói Mỹ và Trung Quốc cùng muốn Iran không sở hữu vũ khí hạt nhân, đồng thời mong việc lưu thông ở eo biển Hormuz được duy trì thông suốt.

#plo #baophapluattp #baophapluattphcm",42,1,0,,https://www.facebook.com/phapluattp.vn/posts/pfbid02gQ1aNtxFP6G8vjZymejuJ1iRRefLumsq1uMHDJRr76RCoUpQv4yZyWXqunczgtTWl,210.0,39.0,0.0,0.0,0.0,3.0
"Đâu ai muốn là người bình thường khi yêu :)))
#Ki",2696,172,72,,https://www.facebook.com/hoiyeuchomeo.tv/posts/pfbid0CFRtJSKWcptDGkjBqf9LwFHkYsjMgSdMXrNYJXS9HsRYfeUAS9VgP2EvtDRBfzHxl,49.0,11.0,0.0,0.0,0.0,1.0
Đang chuẩn bị tẩn nhau thằng nào bật nhạc kì zậy?,1230,142,134,,https://www.facebook.com/hoiyeuchomeo.tv/posts/pfbid0vfiS88zJvkNvVa2FowFmWcx1m3Zn5xS4FWNZQDPhkvSH89T5Qr1XKVsvQSQVi6Axl,49.0,11.0,0.0,1.0,0.0,0.0
How to tắm cho Mèo size XXL?,1471,169,124,,https://www.facebook.com/hoiyeuchomeo.tv/posts/pfbid0eAbdDxVUhQYzBjt1s47TbScpCfNBrEt7a8J8H5ZokyGmm8GqFrkaFUnSyjgroQh3l,28.0,7.0,0.0,1.0,0.0,0.0
"(PLO)- Nhận xét dữ liệu cá nhân là “dầu mỏ mới của nền kinh tế số”, TS Lê Trường Sơn lưu ý nguy cơ rò rỉ, chiếm đoạt, mua bán hoặc sử dụng trái phép dữ liệu cá nhân...

#plo #baophapluattp #baophapluattphcm",14,1,3,,https://www.facebook.com/phapluattp.vn/posts/pfbid02Swp9d38K7VAHJEQJwuXwnMgDp8FMQ8DQkUnL885mBsuXHuxmydGBJELQaz1xLM7Zl,206.0,42.0,0.0,0.0,0.0,3.0
"(PLO)- Hai người đàn ông ở Đắk Lắk dựng cảnh, lừa bán thiên thạch giả để chiếm đoạt 400 triệu đồng.

#plo #baophapluattp #baophapluattphcm",58,1,2,,https://www.facebook.com/phapluattp.vn/posts/pfbid02zr3w6dr3YnPQpjKAyamCEfVrp7nauJZjrFz6wr1yDPyssV1Q8M5E8u6PLWGuTMyPl,138.0,24.0,0.0,0.0,0.0,3.0
"(PLO)- Làm việc với UBND TP về xử lý, khai thác và sử dụng đối với các cơ sở nhà, đất dôi dư sau sắp xếp bộ máy, Bí thư Cần Thơ Lê Quang Tùng cho biết ông đi nhiều nơi thấy nhà cửa, trụ sở bỏ không rất lãng phí.

#plo #baophapluattp #baophapluattphcm",505,1,19,,https://www.facebook.com/phapluattp.vn/posts/pfbid0q2XBoiARhFYtoB3nWUvYY9ZVDU5BFLCuwWtxmnR4B8Xdyaa7TX7MRPoVQ6mJgA1bl,250.0,54.0,0.0,0.0,0.0,3.0
"Không dính tội hình sự, ca sĩ Miu Lê sẽ bị chế tài gì? 👇",153,1,2,,https://www.facebook.com/phapluattp.vn/posts/pfbid0EaXGq8vj1ierb7XiXVBLJWDsNdDDYNW3XPMxRtsyBc1bBn3AfsoPumYMKbrF9iTfl,56.0,15.0,0.0,1.0,0.0,0.0
"(PLO)- Đảng ủy UBND TP.HCM đã trao Huy hiệu Đảng cho 30 đảng viên và biểu dương 168 tập thể, cá nhân xuất sắc trong học tập, làm theo tư tưởng, đạo đức, phong cách Hồ Chí Minh.

#plo #baophapluattp #baophapluattphcm",74,1,4,,https://www.facebook.com/phapluattp.vn/posts/pfbid0SD7YR1vbYxrbuWaH8F3Au5us9Vcbi8n7i11MAqDkyafYLsErCALiKjiMepPkLmNWl,215.0,41.0,0.0,0.0,0.0,3.0
"(PLO)- Công an tỉnh Thanh Hóa vừa khởi tố vụ án, khởi tố bị can ba đối tượng mua bán heo nhiễm dịch tả lợn châu Phi để g.i.ế.t mổ, bán ra thị trường.

#plo #baophapluattp #baophapluattphcm",41,1,0,,https://www.facebook.com/phapluattp.vn/posts/pfbid03ibfNuyaLP7ZcvEscG6yiuKN2L6m9DvX18t8jDPQVGtNfntg3PYYoqB1efNZUnK3l,188.0,37.0,0.0,0.0,0.0,3.0
"Tôi: Em có sao ko? Em giận đấy à?

Cô ấy: Điên à? Em mà thèm giận cơ á?
#Ki",1214,54,21,,https://www.facebook.com/hoiyeuchomeo.tv/posts/pfbid0vQkdF8x5uECsozAaTGyuj2vcatn6o9RNetLy4sqC3vhMJMX5pf6nkFfqeugiBgDnl,75.0,20.0,0.0,4.0,0.0,1.0
"Bây giờ tôi mới hiểu được lòng mẹ cha khi nhắc đến cụm từ “CON NGƯỜI TA” 😢🤦🏻‍♀️🤦🏻‍♀️🤦🏻‍♀️
PS : Trông khác gì cô hồn không ?!?
Cre : Minh Hạnh
#Ki",6048,146,36,,https://www.facebook.com/hoiyeuchomeo.tv/posts/pfbid0Cy3BiREYVBsRHSArrLrji3wJjRou7W9xNbSuuMhhbE7ALzJJgJpxSvB9FDR9muunl,145.0,32.0,1.0,2.0,0.0,1.0
Con nhà người ta chưa bao giờ làm tao thất vòng! Cưng quá đi nè!,327,15,10,,https://www.facebook.com/hoiyeuchomeo.tv/posts/pfbid02bhRRToVgLPbbG7U1skhAASybRkWpfsvdpcpwJLQ7NLzviPSGC8dhLgoe9sAtvTNml,64.0,15.0,2.0,0.0,0.0,0.0
"HIEUTHUHAI tiếp tục có ngày thứ hai ""hoạt động hết công lực"", bán merch ký tặng từ ngày tới đêm:",7672,137,54,,https://www.facebook.com/reel/1587660909367902/,96.0,20.0,0.0,0.0,0.0,0.0
"Sandara Park đăng ảnh 2NE1 trừ Park Bom với caption ""I ♥️ 2NE1"":",3516,92,11,,https://www.facebook.com/hhsb.vn/posts/pfbid02wS42dxsYaPa6wvXCsButKccMyD1Q1e1ZHdiCep2gRb19gyysdJd8C6FHrxVc1PhRl,64.0,13.0,0.0,0.0,0.0,0.0
"LẦU CHÚ HỎA TUNG TEASER POSTER, HÉ LỘ BI KỊCH SAU GIAI THOẠI “CON MA NHÀ HỌ HỨA”

Teaser poster của Lầu Chú Hỏa đã chính thức lộ diện với hình ảnh cô Hứa xuất hiện trong dáng vẻ rùng rợn, bị xiềng xích trói buộc như thể mọi uất hận, đau đớn và lời nguyền năm xưa vẫn chưa từng được hóa giải. 

Phía sau tạo hình ám ảnh là một bi kịch bị chôn vùi suốt nhiều năm - câu chuyện gắn liền với giai thoại “Con ma nhà họ Hứa” từng khiến nhiều thế hệ rùng mình khi nhắc đến.

Chỉ với một mảnh ghép đầu tiên, Lầu Chú Hỏa đã mở ra bầu không khí nặng trĩu oán khí, báo hiệu một câu chuyện kinh dị nặng đô sắp được hé lộ trên màn ảnh rộng.

____________
LẦU CHÚ HỎA - DỰ KIẾN KHỞI CHIẾU 12.06.2026

#LauChuHoa #RunupVietnam #ConmanhahoHua #CGV #CGVCinemasVietnam",761,45,5,,https://www.facebook.com/hhsb.vn/posts/pfbid0Qkargv7w9p5vn1kPwnz39gfpxBRLVnGGSPZCBjGxN5hYteGKmB4rU8hPTf7MosAjl,749.0,155.0,0.0,0.0,0.0,5.0
Ông Tập tiếp ông Trump tại khu phức hợp Trung Nam Hải,93,1,0,,https://www.facebook.com/phapluattp.vn/posts/pfbid02UX7WDESoPaZqfd4Mb6yL9y7Rjp3v7y7Go5VmrTgL7nAw5XAVbxsYeg2Wi7QbXYwhl,53.0,12.0,0.0,0.0,0.0,0.0
"(PLO)- Bộ Xây dựng đánh giá nhiều hạng mục quan trọng của dự án Vành đai 4 đang chậm so với yêu cầu của Chính phủ, đặc biệt là công tác giải phóng mặt bằng.

#plo #baophapluattp #baophapluattphcm",26,1,0,,https://www.facebook.com/phapluattp.vn/posts/pfbid02DwibMcgWieTP91Rc9qWRgaxbxfz2uLjgaej16byBQs4ZBM3sM5S4roZ6Hy467zhxl,195.0,38.0,0.0,0.0,0.0,3.0
"(PLO)- Trần Văn Sơn từ Hải Phòng vào Cần Thơ rồi đột nhập 1 biệt thự lấy vàng, kim cương và tiền mặt, liên tục đổi phương tiện, di chuyển nhiều tỉnh thành nhằm trốn truy vết của cơ quan công an.

#plo #baophapluattp #baophapluattphcm",110,1,3,,https://www.facebook.com/phapluattp.vn/posts/pfbid0yhDSrbD2yjPBgLjhEM2FPJ3by4N388KkGcrFCjiGyPwoZgQCEXGZ9cWBP1gBm2fYl,233.0,45.0,0.0,0.0,0.0,3.0
"(PLO)- Trong lúc chữa cháy, cứu nạn vụ hoả hoạn tại nhà dân, công an phát hiện một nạn nhân đã t.ử v.o.n.g.

#plo #baophapluattp #baophapluattphcm",27,1,3,,https://www.facebook.com/phapluattp.vn/posts/pfbid0CaYNHuQ55s6kLK1JAunHysh4RJcatisXthrExMmzQ8Aye5jyJX65nfBcQm2Wexerl,146.0,26.0,0.0,0.0,0.0,3.0
"(PLO)- Cựu tổng giám đốc Công ty Tài chính Cao su đang chấp hành bản án tù chung thân, nay bị TAND TP Cần Thơ tuyên phạt 11 năm tù...

#plo #baophapluattp #baophapluattphcm",35,1,3,,https://www.facebook.com/phapluattp.vn/posts/pfbid0382oBt1v2D3i8QKWjMVhEFEpeo8wu6PyeYzEoqakF2EEFSoP99wpicwdbpcxC65EUl,172.0,33.0,0.0,0.0,0.0,3.0
Samsung bất ngờ ra mắt One UI 9 beta? 👇,7,1,0,,https://www.facebook.com/phapluattp.vn/posts/pfbid02pDn7vyspm5CYGzKa7QhSJkfsAfNnmqDV5mr57KLTAUshJEvYFBMstQrWYwLyBY2Al,39.0,10.0,0.0,1.0,0.0,0.0
"""Làm nghề này mà đòi nghỉ lễ"": Đích thị là làm idol như Trần Minh Hiếu, kỳ nghỉ dài là đi khắp nơi bán merch, rời Nha Trang là lên Đà Lạt",5743,101,30,,https://www.facebook.com/hhsb.vn/posts/pfbid02jtbVUqzBWWgAcLywPgqSXXk4PrDRZyXvjsqegk2dH44ZhazFEDQtdvprRNCLZPcyl,137.0,32.0,0.0,0.0,0.0,0.0
"Trên X, nhiều tài khoản đưa ra phân tích khả năng 4 thành viên BLACKPINK sẽ xuất hiện ở sự kiện Met Gala 2026. 

JENNIE hiện đang có mặt tại New York, nhiều hình ảnh của cô trên đường phố được đăng tải.

LISA được thông báo nằm trong hội đồng host của sự kiện năm nay

JISOO sáng nay đã lên đường bay sang New York để tham dự

Đối với ROSÉ, tuy chưa có hình ảnh hay thông tin xác nhận nhưng cư dân mạng soi được stylist ruột của cô check-in ở New York mới đây, làm tăng khả năng chủ nhân siêu hit APT. cũng sẽ có mặt ở Met Gala năm nay.",2653,28,16,,https://www.facebook.com/hhsb.vn/posts/pfbid0uerHMfYghUNT9Swa43WzN7T4Yi98PYmmMc1TgD1edovH6jsEyYPvfXG8ZJbz59hHl,536.0,117.0,0.0,0.0,0.0,0.0
"Tối qua, trong sự kiện DMD LAND 3 THE FINAL LAND : LAND OF FUSION của công ty Domundi TV Thái Lan, Matthis Metharam bất ngờ xuất hiện trong nhóm 4 thực tập sinh chuẩn bị debut nhóm nhạc cùng với Pete, Fifa và Reeonn. 

Matthis là người Pháp gốc Việt sinh năm 2004, sở hữu chiều cao 1m89 và từng gây chú ý ở Việt Nam khi hẹn hò Thiều Bảo Trâm. Sau khi chia tay, anh từng được truyền thông nghi vấn có mối quan hệ tình cảm với Hoa hậu Lê Hoàng Phương nhưng cả hai không xác nhận. 

Việc Matthis có mặt trong đội ngũ thành viên mới của nhà Domundi TV được fan Thái quan tâm và truy tìm profile. DMD là công ty sản xuất truyền hình và quản lý nghệ sĩ nổi tiếng tại Thái Lan, đặc biệt có tầm ảnh hưởng lớn trong việc sản xuất và định hình dòng phim Boy Love tại châu Á.",2669,269,55,,https://www.facebook.com/hhsb.vn/posts/pfbid0RfYxnSojFZKMpKQsJ572nvZjSmhWmEdS9gj9oXhGqbf4uyGC7edE8zkUsfWm7D3Fl,764.0,164.0,0.0,0.0,0.0,0.0
Cận cảnh bến du thuyền bỏ hoang của 'Vũ Nhôm' bên bờ sông Hàn,70,1,0,,https://www.facebook.com/phapluattp.vn/posts/pfbid0V3NA9q3dpUjCARPPJoANqmHrHRLVWMpZmJyF9zuFWkYUPprpqNiQth9cVDiq6P1El,61.0,14.0,0.0,0.0,0.0,0.0
"(PLO)- Ca sĩ Miu Lê gửi lời xin lỗi đến công chúng sau ồn ào liên quan đến việc sử dụng trái phép chất m.a t.ú.y.

#plo #baophapluattp #baophapluattphcm",94,1,1,,https://www.facebook.com/phapluattp.vn/posts/pfbid02BV69QvzrGZofQnDQ9kDqJLSZ53EryGsPquvcRHhVR7byxnjNPhc9dAGAV1dsynnGl,152.0,29.0,0.0,0.0,0.0,3.0
"(PLO)- Công an ở Đắk Lắk đã vận động thành công người đàn ông cầm d.a.o cố thủ gần hai ngày trong quán cà phê để đưa đi chữa bệnh.

#plo #baophapluattp #baophapluattphcm",78,1,1,,https://www.facebook.com/phapluattp.vn/posts/pfbid02LtNiKckTn4yRjYY5ZftbWMZ5z4fkfpRoEumoVKWBqpW97x61K2jHBvMkQXAvWtyLl,169.0,33.0,0.0,0.0,0.0,3.0
"HIEUTHUHAI khoe tấm lưng ở bãi biển trong chuyến đi Nha Trang, thành quả của những ngày luyện tập

Fan: ""Bàn cào móng"" truyền thuyết hay được nhắc tới đây saoo",10603,328,76,,https://www.facebook.com/hhsb.vn/posts/pfbid02xrchUR6GG5Nx6UvvprjzBV7yaGvSVfjYoBDUNPQWVgB8kiGVzcSerf5w2zJzLjUWl,159.0,31.0,0.0,0.0,0.0,0.0
"JENNIE được bắt gặp ở New York trong những ngày qua, dấy lên khả năng sẽ tham dự Met Gala 2026 sắp tới.",1438,9,9,,https://www.facebook.com/hhsb.vn/posts/pfbid02EGiiXeNCR5sJ2sN6Mib24NQQ492usXhXBYp7HyexUsBfZKpTkzTa9YRnk2y7NbEfl,103.0,23.0,0.0,0.0,0.0,0.0
"JAEHYUN (NCT) chính thức xuất ngũ, được JUNGWOO tiễn và chúc mừng.",3620,51,29,,https://www.facebook.com/hhsb.vn/posts/pfbid02HsrgbkgcF5UDE8TALGmZqoLNrutTeQ7qqNyQUMjmHRFiNERQgHdtecCCacbMULEal,66.0,12.0,0.0,0.0,0.0,0.0
"(PLO)- Tổng thống Mỹ Donald Trump lên tiếng sau ngày gặp đầu tiên với Chủ tịch Trung Quốc Tập Cận Bình, tiết lộ thương vụ máy bay Boeing, chuyện Iran và nhiều vấn đề quan trọng khác.

#plo #baophapluattp #baophapluattphcm",32,1,0,,https://www.facebook.com/phapluattp.vn/posts/pfbid0bJGfDJ2inj8gY9vuXC8cSs2SBqEJgFVrSjHjdNiVxJ6eLKRHeyLDdJdZPvwdbxVCl,221.0,40.0,0.0,0.0,0.0,3.0
"(PLO)- Được bạn nhờ đi giải quyết mâu thuẫn, hai thanh niên ở Khánh Hòa dùng mũ bảo hiểm đ.á.n.h nạn nhân phải đi cấp cứu.

#plo #baophapluattp #baophapluattphcm",49,1,0,,https://www.facebook.com/phapluattp.vn/posts/pfbid0TDKfT3CUNUXx5btz6Xvy2tD3hV463wtpDYggdrVf48uLvu284DVgG2UvDLCrKEHLl,161.0,29.0,0.0,0.0,0.0,3.0
"(PLO)- VKSND tỉnh Quảng Ninh đã đề nghị HĐXX tuyên phạt bị cáo Bùi Đình Khánh mức án t.ử h.ì.n.h về tội g.i.ế.t người, t.ử h.ì.n.h về tội mua bán trái phép chất m.a t.ú.y...

#plo #baophapluattp #baophapluattphcm",412,1,4,,https://www.facebook.com/phapluattp.vn/posts/pfbid024uQ95NZRn3zGhKXDufKWDLGLwUecp32qD8SY6vuobMeU5zbRw23jpEzsssaxf3K8l,212.0,38.0,0.0,0.0,0.0,3.0
"Cần một câu trả lời lí giải tại sao Di sản đáng yêu dư này <3
#Ki",818,45,38,,https://www.facebook.com/hoiyeuchomeo.tv/posts/pfbid02jpzSQvSX2rsEYeRdnjRQD5k1CtKQcLziX7p2jxu6hq2AonSMNp9fXkUAz37AZTfXl,65.0,17.0,0.0,0.0,0.0,1.0
"Bắn tim <3 <3 <3
#Ki",10000,292,175,,https://www.facebook.com/hoiyeuchomeo.tv/posts/pfbid02vzPVgLWWQcAqGWEMP2G1MCXffebbhj3F7y2XEG6khVhJQEkuM7cPHvgokm6hqAB8l,20.0,6.0,0.0,0.0,0.0,1.0
Có một kiểu người chỉ cần động tới là giận dỗi!,2220,228,150,,https://www.facebook.com/hoiyeuchomeo.tv/posts/pfbid015VA81UebkVryQfbsRsB6dRfJUasKdvwJaQcu8yLmF6aF2LLrjbGbis7fKZdL8u7l,47.0,11.0,1.0,0.0,0.0,0.0
"G-DRAGON bất ngờ ôm DAESUNG từ phía sau dưới cơn mưa pháo hoa giấy. Khoảnh khắc này đang viral trên MXH sau đêm qua, nhiều fan trêu ""khung cảnh và nụ cười hạnh phúc của Daesung như một trích đoạn phim"" 😎",5195,70,29,,https://www.facebook.com/reel/1026782136340516/,203.0,42.0,0.0,0.0,0.0,0.0
"KHOẢNH KHẮC HIEUTHUHAI GIAO MERCH, KÝ TẶNG TẠI CHỖ CHO FAN Ở NHA TRANG KHIẾN NGƯỜI HÂM MỘ THÍCH THÚ",4902,194,65,,https://www.facebook.com/reel/1488540879725283/,99.0,20.0,0.0,0.0,0.0,0.0
"Đề nghị phát gấp mỗi nhà 1 anh Trí Thịt Boà!

Bị vợ dỗi vì chụp ảnh xấu, ảnh lụm vội bí kíp của Nam Tô chụp cho An Phương bằng chế độ bậc thầy Hasselblad trên Oppo Find X9s để sửa sai liềnnn.

Không chỉ đẹp trai mà còn chụp hình điệu nghệ cho vợ, chụp bằng điện thoại thôi mà cứ ngỡ camera chuyên nghiệp. Xứng đáng được nhân bản theo lô!",5130,159,323,,https://www.facebook.com/hhsb.vn/posts/pfbid023VVVyNWTVzNsAVp5rzEJpFWzAX8ukRi5HtvYoopntma8Qwv9oVqfftsHoEqCCh57l,337.0,74.0,2.0,0.0,0.0,0.0
"KHI ĐI CÙNG CHUYẾN BAY VỚI ONLYC - KARIK:
❌ GỌI TÊN NGHỆ SĨ 
✅ MỞ NHẠC 'ANH KHÔNG ĐÒI QUÀ'",21946,293,170,,https://www.facebook.com/reel/1519606533075170/,90.0,21.0,0.0,0.0,0.0,0.0
Ca sĩ Akira Phan trong ngày cưới vợ doanh nhân:,2912,46,6,,https://www.facebook.com/hhsb.vn/posts/pfbid02c6gdSCtmv6XgE14PtwSVTw3GD3ieqagU6oBdDNEUqGZwCDeZ4Z55AKvfEVKMp9Ykl,47.0,10.0,0.0,0.0,0.0,0.0
"Theo Bộ Nội vụ, để thuận lợi cho người lao động bố trí lịch nghỉ ngơi, kỳ nghỉ lễ này sẽ hoán đổi ngày làm việc thứ hai (31/8) sang thứ bảy (22/8), tính cả ngày nghỉ cuối tuần sẽ có 5 ngày liên tục từ 29/8 đến hết 2/9/2026.

Cụ thể, 5 ngày nghỉ gồm 2 ngày nghỉ Lễ Quốc khánh theo quy định, 2 ngày nghỉ hàng tuần và 1 ngày được hoán đổi. Lịch nghỉ này áp dụng cho cán bộ, công chức, viên chức.

Theo: Znews",6047,310,161,,https://www.facebook.com/hhsb.vn/posts/pfbid0PjcPyUZdqC2xzn8CUs4jFwnV8xW2ftkH5HSVjYGwDw6rfaEy99K1ShabnEnrbTLvl,405.0,90.0,0.0,0.0,0.0,0.0
"Thành công rực rỡ! Toẹt vời! Chúc mừng T!
#Ki",3383,668,144,,https://www.facebook.com/hoiyeuchomeo.tv/posts/pfbid02A5cpQWKss9qvf9QCHAYgLw4653FQDt6KodWPHAcQJc5N2v6QguetnAAfvMnBBGqLl,45.0,10.0,3.0,0.0,0.0,1.0
"Liêm sỉ ở đâu hả :) !!
#Ki",6756,164,77,,https://www.facebook.com/hoiyeuchomeo.tv/posts/pfbid02vGtWDKi9dSyS1AeVRq1yvXqSCdHUcmQpdSTp1SwamKr2NNctQsiqEUiWPJbqiXXnl,26.0,8.0,2.0,0.0,0.0,1.0
"Khoe ảnh ngày ấy - bây giờ của các bé đi 🤣🤣💋

Tham gia group để khoe boss, chia sẻ kinh nghiệm chăm boss nha Sen!",992,82,0,,https://www.facebook.com/hoiyeuchomeo.tv/posts/pfbid02tZBPiHdv2ZWXRrCeJSCa8f6mqXqT5wjprJYpvwAbpJy4yB8F122TMKEecZRX8s7ql,113.0,26.0,1.0,0.0,0.0,0.0
"(PLO)- Chủ cơ sở lưu trú phát hiện khách nữ nằm bất động nên báo cơ quan chức năng.

#plo #baophapluattp #baophapluattphcm",64,1,1,,https://www.facebook.com/phapluattp.vn/posts/pfbid02Us6fGKZZHGz5NwMz89v6M5aWEbWdc7znDBwh4DWuWc36YQ6FzWqaEUg7i1DCqVMzl,122.0,22.0,0.0,0.0,0.0,3.0
"📰 Mời quý bạn đọc xem báo in số 100, phát hành ngày hôm nay (15-05-2026), dưới bình luận 👇

#plo #phapluattp #baophapluattp #epaper",6,1,1,,https://www.facebook.com/phapluattp.vn/posts/pfbid02QFXuPnTimphxeoKZXbE7A9YPbpFGaXE7SD6ySSmAp84GJjdZv7uX6XyeJ7Pnn7QNl,131.0,24.0,0.0,0.0,0.0,4.0
Đường Cộng Hòa ngày đầu áp dụng đảo chiều: Người dân di chuyển thuận tiện,194,1,2,,https://www.facebook.com/phapluattp.vn/posts/pfbid02CyuoJpNaUtqarWk3u5skxRWcHTnFuGFD7gyVzvFeuukgcYx95gweX26PUiq2sX6vl,73.0,15.0,0.0,0.0,0.0,0.0
"Trong nhiều tháng thâm nhập, nhóm PV Pháp Luật TP.HCM ghi nhận một thực tế đáng lo ngại: heo c.h.ế.t được thu mua, đưa về lò mổ, x.ẻ t.h.ị.t ngay trong đêm rồi tiếp tục phân phối ra thị trường. Đáng nói, mọi việc diễn ra khá công khai, có nguồn thu mua, có người giết mổ, có đầu mối tiêu thụ và có cả cách phân loại những phần thịt “còn dùng được”.

Xem chi tiết dưới phần bình luận 👇

#plo #baophapluat #baophapluattphcm #thitban",28,1,7,,https://www.facebook.com/phapluattp.vn/posts/pfbid034FW9D4Qa3EKmRRWN2cJ6QQs75YYab6kdCTSubitFnRr2bpvb4GjLfXXc6LhC9HfKl,430.0,86.0,0.0,0.0,0.0,4.0
"(PLO)- Từ lò m.ổ chui, những túi thịt heo c.h.ế.t được chia nhỏ, vận chuyển bằng xe máy hoặc xe tải len lỏi vào một số cơ sở cung cấp suất ăn công nghiệp.

#plo #baophapluattp #baophapluattphcm #thitban",32,1,4,,https://www.facebook.com/phapluattp.vn/posts/pfbid02PmMgdVjsFjBAvFavaMByuSPJb9DR5wwLqbfqp29MiCwr97qPtTWeV1ftW8zAR4enl,202.0,38.0,0.0,0.0,0.0,4.0
"(PLO)- Giáo hoàng Leo XIV nhấn mạnh rằng “những bi kịch của thế kỷ XX không được phép bị lãng quên”.

#plo #baophapluattp #baophapluattphcm",77,1,1,,https://www.facebook.com/phapluattp.vn/posts/pfbid02QwitGNCnQtiy7CYV9k1EYiBpGbLhh5gxb5mHnCsa1nkaJsqKoqwXV9WpXUfw1VdZl,139.0,24.0,0.0,0.0,0.0,3.0
"(PLO)- Tổng Giám đốc Cơ quan Năng lượng Nguyên tử Quốc tế (IAEA) Rafael Mariano Grossi bày tỏ sự quan ngại sâu sắc về hoạt động quân sự gần các nhà máy điện hạt nhân ở Ukraine.

#plo #baophapluattp #baophapluattphcm",44,1,0,,https://www.facebook.com/phapluattp.vn/posts/pfbid02rZR9wTcoxQm8aSQwA2qKAoeH3Cyt7mKKqrfQXGMmFMmQw1iVrHzXVv1jETTb5BNYl,215.0,40.0,0.0,0.0,0.0,3.0
"(PLO)- Nhiều công ty mất người giỏi chỉ vì chậm đóng bảo hiểm; nhân viên sẽ không dám gắn bó với nơi mà quyền lợi cơ bản còn không được đảm bảo.

#plo #baophapluattp #baophapluattphcm",45,1,5,,https://www.facebook.com/phapluattp.vn/posts/pfbid02fuHghbTXDk7QczZnZibhsVYnVhcB6aUGsd8jTryDFVf4Y6dJrTmYENJv7MP1jtcEl,183.0,35.0,0.0,0.0,0.0,3.0
"(PLO)- Đại sứ Mỹ tại Liên Hợp Quốc (LHQ) Mike Waltz nhấn mạnh rằng khoản viện trợ mới phản ánh các ưu tiên của Tổng thống Donald Trump đối với LHQ trong việc giúp tổ chức này phát huy hết tiềm năng.

#plo #baophapluattp #baophapluattphcm",26,1,0,,https://www.facebook.com/phapluattp.vn/posts/pfbid0ufixRHat89mVhsaNARNXxjBBXnv8g2bVBqGKaLnTG6grXHFGkhAWghJgKjNFLWiul,237.0,45.0,0.0,0.0,0.0,3.0
"""Ở cùng bọn này có ngày chết vì đau tim"" - Chó said
""Anh chó ơi, em đến với anh rồi ddayyyyyyyyyyyyyyyyyy"" - Hổ said",787,28,25,,https://www.facebook.com/hoiyeuchomeo.tv/posts/pfbid0jHDFVAiGK1JDMTAMeto1p83mbUfFV7RiCsKWE3Ee5iHMe6XKNtsNXCqRzdXb7DAEl,116.0,25.0,0.0,0.0,0.0,0.0
"Tổ tiên said: ""Con cháu ngày nay thật không có tiền đồ -.- ""
Cre: làng chó mèo
#Ki",10000,268,276,,https://www.facebook.com/hoiyeuchomeo.tv/posts/pfbid0wckqd3jcz8a5QNMqWWiC7vAw9nr9e71yFXd8JCMzDYxBJezRviUCrqSCQ3pqNLiMl,82.0,19.0,0.0,0.0,0.0,1.0
Vỡ kế hoạch rồi! Giờ tính sao? Thận Mèo bán bao nhiêu tiền một quả vậy Sen? -.-,1424,117,62,,https://www.facebook.com/hoiyeuchomeo.tv/posts/pfbid0262GeTksZEGXS6tjWkrUQbx6fBnp31mUzSxgjXu2ohZm6o7gjPiYUyWABkP8KdW5yl,79.0,18.0,1.0,2.0,0.0,0.0
"(PLO)- Ngoại trưởng Nga Sergey Lavrov cáo buộc việc Mỹ và Israel phát động chiến dịch quân sự vào Iran là nhằm ngăn Tehran bình thường hóa quan hệ với các nước Ả Rập.

#plo #baophapluattp #baophapluattphcm",52,1,1,,https://www.facebook.com/phapluattp.vn/posts/pfbid02ja8zMMoAmxXSyND7a9432zukiT36mwHV5vXB1rDEx6eSLpCLvzRhjNjBgNYkmKffl,205.0,37.0,0.0,0.0,0.0,3.0
"(PLO)- Thủ tướng giao Bộ Tài chính chủ trì nghiên cứu, tổng hợp các đề xuất, kiến nghị về việc xử lý với nhà, đất dôi dư, để báo cáo Chính phủ xây dựng nghị quyết đặc thù theo trình tự, thủ tục rút gọn.

#plo #baophapluattp #baophapluattphcm",33,1,3,,https://www.facebook.com/phapluattp.vn/posts/pfbid0wWkV18s7mQCW67gi1Qix2mC3NNHGuzwAguAsHGbpdEP1sjy4N2nnikG7XJnZE9R5l,241.0,48.0,0.0,0.0,0.0,3.0
"(PLO)- Theo HĐXX, vụ án này có tính chất đặc biệt nghiêm trọng, xâm phạm an ninh quốc gia, gây nguy hiểm cho xã hội, ảnh hưởng xấu đến tình hình an ninh trật tự nên cần xử lý nghiêm minh nhằm răn đe, phòng ngừa chung.

#plo #baophapluattp #baophapluattphcm",215,1,2,,https://www.facebook.com/phapluattp.vn/posts/pfbid0GndFRdbG9e3B2wViFRi8rh4TyQtFX6vrLCj5YaMZ2gb2HQ1HJ2Jh6PedFmF4VU5gl,256.0,50.0,0.0,0.0,0.0,3.0
"“Chó là bạn với chủ của nó, còn với người khác thì .... hên xui”

How to thoát khỏi boss nhà hàng xóm đuổi
Tham gia group để tào lao về boss và học hỏi các chăm Quàng thượng nha: https://www.facebook.com/groups/2497985766932341/permalink/2501717766559141/?__tn__=CH-R",400,39,1,,https://www.facebook.com/hoiyeuchomeo.tv/posts/pfbid081NwQbGBAPUKZdJxDC33qc5exS2i1bTTkhDDASqytYNSkw2t7yoJKHy2sVCGPMdel,267.0,41.0,0.0,1.0,0.0,0.0
"Tao hỏi lại, đứa nào vẽ tao không có thần thái thế này?😡😡😡
Cáu vch 😡😡😡
#Ki",7384,168,116,,https://www.facebook.com/hoiyeuchomeo.tv/posts/pfbid02rUGftZ2DJeiXewoDQ9m3odjLqNbvHxks3QGTGHAko6q1YXRXoaE6iFyuRopwzwKl,74.0,17.0,0.0,1.0,0.0,1.0
"Chia sẻ với các sen một số lưu ý tiêm phòng vacxin cho các em cún khi mới nhận nuôi, hơi dài nhưng cần thiết để đảm bảo sức khỏe cho các bé, nhớ đọc hết nha:",80,3,9,,https://www.facebook.com/hoiyeuchomeo.tv/posts/pfbid02VQLGBX4CdntJnZdDjT8cbAqNMsYGYNHLoC8DvGoHPdFHegzx5XFoWPabbqwKAYiCl,157.0,37.0,0.0,0.0,0.0,0.0
Thủ tướng Lê Minh Hưng trao danh hiệu Anh hùng LLVT nhân dân cho Công an TP Hải Phòng,86,1,1,,https://www.facebook.com/phapluattp.vn/posts/pfbid0LwYTtiY68hWvpX5qRVoRAXXJ61zPnj85cFuFT6hfEaL4CnPvey131of8kW527Vinl,85.0,19.0,0.0,0.0,0.0,0.0
Tạm giam 3 người tổ chức cho ca sĩ Miu Lê sử dụng m.a t.ú.y,469,1,8,,https://www.facebook.com/phapluattp.vn/posts/pfbid02ouKcoVgp2JH2BoRTasgeyYfMVkZmXtXCk6gN4Jcu1EMwaCGE668X7pMMKudWJjMsl,59.0,15.0,0.0,0.0,0.0,0.0
